customer_id,call_reason,sentiment,resolved,duration_sec
CUST-10000,Billing Discrepancy / High Charges,Negative,True,82
CUST-10000,SIM / Network Activation Issue,Positive,False,476
CUST-10000,Service Disconnection Query,Negative,False,808
CUST-10000,Plan Upgrade Request,Negative,False,31
CUST-10001,Plan Upgrade Request,Positive,True,374
CUST-10001,Billing Discrepancy / High Charges,Negative,False,236
CUST-10002,Plan Upgrade Request,Neutral,True,171
CUST-10002,Billing Discrepancy / High Charges,Negative,True,122
CUST-10002,Competitor Offer Inquiry,Neutral,False,97
CUST-10002,Service Disconnection Query,Negative,False,140
CUST-10002,Network Quality / Data Speed Slow,Negative,False,145
CUST-10002,Billing Discrepancy / High Charges,Negative,True,128
CUST-10003,Plan Upgrade Request,Neutral,False,500
CUST-10003,Service Disconnection Query,Negative,False,126
CUST-10003,Network Quality / Data Speed Slow,Negative,False,454
CUST-10003,Billing Discrepancy / High Charges,Negative,True,313
CUST-10003,Network Quality / Data Speed Slow,Negative,True,324
CUST-10003,Billing Discrepancy / High Charges,Negative,False,473
CUST-10004,Billing Discrepancy / High Charges,Negative,True,91
CUST-10004,Network Quality / Data Speed Slow,Negative,False,137
CUST-10004,Network Quality / Data Speed Slow,Negative,True,145
CUST-10005,Billing Discrepancy / High Charges,Negative,False,144
CUST-10005,Network Quality / Data Speed Slow,Negative,True,457
CUST-10005,Network Quality / Data Speed Slow,Negative,False,192
CUST-10005,Service Disconnection Query,Negative,True,541
CUST-10005,Plan Upgrade Request,Negative,True,166
CUST-10005,Network Quality / Data Speed Slow,Negative,False,90
CUST-10005,Network Quality / Data Speed Slow,Negative,True,342
CUST-10006,Network Quality / Data Speed Slow,Negative,True,69
CUST-10006,Network Quality / Data Speed Slow,Negative,True,152
CUST-10007,Network Quality / Data Speed Slow,Negative,True,320
CUST-10007,Billing Discrepancy / High Charges,Negative,True,144
CUST-10007,Network Quality / Data Speed Slow,Negative,True,104
CUST-10007,Network Quality / Data Speed Slow,Negative,True,106
CUST-10007,Service Disconnection Query,Negative,True,50
CUST-10007,Billing Discrepancy / High Charges,Negative,True,47
CUST-10007,Network Quality / Data Speed Slow,Negative,True,67
CUST-10008,Network Quality / Data Speed Slow,Negative,True,219
CUST-10008,Competitor Offer Inquiry,Positive,True,345
CUST-10009,Network Quality / Data Speed Slow,Negative,True,199
CUST-10009,Plan Upgrade Request,Positive,False,219
CUST-10009,Network Quality / Data Speed Slow,Negative,False,262
CUST-10010,Competitor Offer Inquiry,Negative,False,79
CUST-10010,Network Quality / Data Speed Slow,Negative,False,542
CUST-10011,Billing Discrepancy / High Charges,Negative,True,149
CUST-10011,Network Quality / Data Speed Slow,Negative,False,251
CUST-10011,Network Quality / Data Speed Slow,Negative,False,212
CUST-10011,Competitor Offer Inquiry,Positive,False,92
CUST-10011,Network Quality / Data Speed Slow,Negative,False,51
CUST-10011,Plan Upgrade Request,Negative,True,62
CUST-10012,Service Disconnection Query,Negative,True,173
CUST-10013,Billing Discrepancy / High Charges,Negative,False,381
CUST-10013,Network Quality / Data Speed Slow,Negative,True,229
CUST-10014,Competitor Offer Inquiry,Neutral,False,698
CUST-10014,Competitor Offer Inquiry,Neutral,True,193
CUST-10014,Network Quality / Data Speed Slow,Negative,False,45
CUST-10014,Network Quality / Data Speed Slow,Negative,True,158
CUST-10015,Network Quality / Data Speed Slow,Negative,False,67
CUST-10015,Billing Discrepancy / High Charges,Negative,True,393
CUST-10016,Billing Discrepancy / High Charges,Negative,True,185
CUST-10016,Network Quality / Data Speed Slow,Negative,False,81
CUST-10016,Service Disconnection Query,Negative,True,915
CUST-10016,Network Quality / Data Speed Slow,Negative,False,121
CUST-10017,Network Quality / Data Speed Slow,Negative,True,371
CUST-10017,Network Quality / Data Speed Slow,Negative,True,69
CUST-10017,Competitor Offer Inquiry,Negative,True,548
CUST-10017,Competitor Offer Inquiry,Neutral,False,81
CUST-10017,Network Quality / Data Speed Slow,Negative,False,295
CUST-10017,Network Quality / Data Speed Slow,Negative,True,71
CUST-10017,Service Disconnection Query,Negative,False,83
CUST-10018,Service Disconnection Query,Negative,True,234
CUST-10018,Network Quality / Data Speed Slow,Negative,True,86
CUST-10018,Competitor Offer Inquiry,Negative,False,326
CUST-10019,Network Quality / Data Speed Slow,Negative,False,289
CUST-10019,Service Disconnection Query,Negative,False,451
CUST-10019,Network Quality / Data Speed Slow,Negative,True,316
CUST-10020,Network Quality / Data Speed Slow,Negative,True,122
CUST-10020,Service Disconnection Query,Negative,True,230
CUST-10020,Network Quality / Data Speed Slow,Negative,True,107
CUST-10020,Network Quality / Data Speed Slow,Negative,False,389
CUST-10020,Service Disconnection Query,Negative,True,163
CUST-10020,Network Quality / Data Speed Slow,Negative,True,160
CUST-10020,Service Disconnection Query,Negative,True,93
CUST-10020,Competitor Offer Inquiry,Neutral,False,162
CUST-10021,Network Quality / Data Speed Slow,Negative,True,176
CUST-10021,Plan Upgrade Request,Negative,True,306
CUST-10022,Billing Discrepancy / High Charges,Negative,True,219
CUST-10022,Service Disconnection Query,Negative,True,88
CUST-10022,Network Quality / Data Speed Slow,Negative,True,289
CUST-10022,Service Disconnection Query,Negative,False,31
CUST-10022,Network Quality / Data Speed Slow,Negative,True,87
CUST-10022,Network Quality / Data Speed Slow,Negative,True,44
CUST-10023,Service Disconnection Query,Negative,False,183
CUST-10023,Network Quality / Data Speed Slow,Negative,False,636
CUST-10023,Network Quality / Data Speed Slow,Negative,False,362
CUST-10023,Billing Discrepancy / High Charges,Negative,True,147
CUST-10023,Billing Discrepancy / High Charges,Negative,True,508
CUST-10024,Service Disconnection Query,Negative,True,188
CUST-10024,Plan Upgrade Request,Positive,True,318
CUST-10024,Competitor Offer Inquiry,Neutral,True,172
CUST-10025,Network Quality / Data Speed Slow,Negative,False,42
CUST-10025,Network Quality / Data Speed Slow,Negative,True,41
CUST-10026,SIM / Network Activation Issue,Positive,False,108
CUST-10026,Network Quality / Data Speed Slow,Negative,True,247
CUST-10026,SIM / Network Activation Issue,Negative,True,191
CUST-10027,Service Disconnection Query,Negative,False,202
CUST-10027,Service Disconnection Query,Negative,False,115
CUST-10027,Billing Discrepancy / High Charges,Negative,True,109
CUST-10027,Billing Discrepancy / High Charges,Negative,False,159
CUST-10027,Service Disconnection Query,Negative,True,142
CUST-10027,Competitor Offer Inquiry,Positive,True,249
CUST-10028,Billing Discrepancy / High Charges,Negative,True,229
CUST-10028,Network Quality / Data Speed Slow,Negative,False,59
CUST-10028,Billing Discrepancy / High Charges,Negative,False,347
CUST-10028,Service Disconnection Query,Negative,False,110
CUST-10028,Network Quality / Data Speed Slow,Negative,True,390
CUST-10029,SIM / Network Activation Issue,Negative,False,72
CUST-10030,Service Disconnection Query,Negative,True,168
CUST-10030,Billing Discrepancy / High Charges,Negative,True,81
CUST-10030,Network Quality / Data Speed Slow,Negative,True,149
CUST-10031,Service Disconnection Query,Negative,True,493
CUST-10031,Network Quality / Data Speed Slow,Negative,True,38
CUST-10031,Plan Upgrade Request,Negative,True,667
CUST-10032,Billing Discrepancy / High Charges,Negative,True,360
CUST-10033,Billing Discrepancy / High Charges,Negative,False,84
CUST-10033,Billing Discrepancy / High Charges,Negative,True,431
CUST-10033,SIM / Network Activation Issue,Negative,False,39
CUST-10033,Network Quality / Data Speed Slow,Negative,True,81
CUST-10033,Network Quality / Data Speed Slow,Negative,True,313
CUST-10033,Billing Discrepancy / High Charges,Negative,True,541
CUST-10034,Network Quality / Data Speed Slow,Negative,False,148
CUST-10034,Competitor Offer Inquiry,Negative,True,320
CUST-10034,Service Disconnection Query,Negative,False,526
CUST-10035,Plan Upgrade Request,Neutral,False,231
CUST-10035,Network Quality / Data Speed Slow,Negative,True,121
CUST-10036,Network Quality / Data Speed Slow,Negative,True,1107
CUST-10036,Plan Upgrade Request,Neutral,True,271
CUST-10037,Billing Discrepancy / High Charges,Negative,True,126
CUST-10037,Network Quality / Data Speed Slow,Negative,True,44
CUST-10038,Plan Upgrade Request,Negative,False,147
CUST-10038,Billing Discrepancy / High Charges,Negative,True,50
CUST-10038,Service Disconnection Query,Negative,False,74
CUST-10038,Competitor Offer Inquiry,Neutral,True,264
CUST-10039,Plan Upgrade Request,Neutral,True,111
CUST-10039,Network Quality / Data Speed Slow,Negative,True,57
CUST-10039,Network Quality / Data Speed Slow,Negative,True,184
CUST-10039,Service Disconnection Query,Negative,True,45
CUST-10040,Service Disconnection Query,Negative,True,268
CUST-10041,Network Quality / Data Speed Slow,Negative,True,53
CUST-10041,Network Quality / Data Speed Slow,Negative,False,55
CUST-10041,Competitor Offer Inquiry,Negative,True,47
CUST-10041,Network Quality / Data Speed Slow,Negative,True,523
CUST-10042,Billing Discrepancy / High Charges,Negative,True,56
CUST-10042,Network Quality / Data Speed Slow,Negative,True,67
CUST-10042,Billing Discrepancy / High Charges,Negative,True,323
CUST-10042,Network Quality / Data Speed Slow,Negative,True,259
CUST-10042,Billing Discrepancy / High Charges,Negative,False,225
CUST-10042,Billing Discrepancy / High Charges,Negative,True,645
CUST-10043,Plan Upgrade Request,Neutral,True,69
CUST-10043,Competitor Offer Inquiry,Positive,True,647
CUST-10043,Network Quality / Data Speed Slow,Negative,False,136
CUST-10044,Network Quality / Data Speed Slow,Negative,False,82
CUST-10044,Network Quality / Data Speed Slow,Negative,True,223
CUST-10045,Competitor Offer Inquiry,Neutral,True,145
CUST-10045,Billing Discrepancy / High Charges,Negative,False,93
CUST-10045,Billing Discrepancy / High Charges,Negative,False,193
CUST-10045,Competitor Offer Inquiry,Negative,True,179
CUST-10046,Service Disconnection Query,Negative,True,43
CUST-10046,Network Quality / Data Speed Slow,Negative,False,191
CUST-10046,Billing Discrepancy / High Charges,Negative,True,102
CUST-10046,Competitor Offer Inquiry,Positive,True,63
CUST-10046,Billing Discrepancy / High Charges,Negative,True,225
CUST-10046,Service Disconnection Query,Negative,False,51
CUST-10047,Service Disconnection Query,Negative,True,33
CUST-10047,Service Disconnection Query,Negative,True,245
CUST-10048,Billing Discrepancy / High Charges,Negative,True,102
CUST-10048,Plan Upgrade Request,Neutral,True,653
CUST-10049,Plan Upgrade Request,Neutral,False,377
CUST-10049,SIM / Network Activation Issue,Positive,False,40
CUST-10050,Service Disconnection Query,Negative,True,57
CUST-10050,Network Quality / Data Speed Slow,Negative,False,236
CUST-10051,Plan Upgrade Request,Neutral,True,426
CUST-10051,Billing Discrepancy / High Charges,Negative,True,89
CUST-10051,Billing Discrepancy / High Charges,Negative,True,276
CUST-10051,Service Disconnection Query,Negative,False,50
CUST-10052,Billing Discrepancy / High Charges,Negative,False,54
CUST-10052,Network Quality / Data Speed Slow,Negative,False,316
CUST-10052,Billing Discrepancy / High Charges,Negative,True,160
CUST-10053,Billing Discrepancy / High Charges,Negative,True,134
CUST-10053,Billing Discrepancy / High Charges,Negative,False,298
CUST-10053,Plan Upgrade Request,Negative,True,77
CUST-10054,Network Quality / Data Speed Slow,Negative,True,111
CUST-10055,Billing Discrepancy / High Charges,Negative,True,90
CUST-10055,Network Quality / Data Speed Slow,Negative,False,32
CUST-10055,Network Quality / Data Speed Slow,Negative,False,1064
CUST-10055,Service Disconnection Query,Negative,True,76
CUST-10055,Competitor Offer Inquiry,Negative,True,78
CUST-10055,Network Quality / Data Speed Slow,Negative,True,200
CUST-10056,Network Quality / Data Speed Slow,Negative,False,66
CUST-10056,Service Disconnection Query,Negative,True,169
CUST-10056,Network Quality / Data Speed Slow,Negative,False,188
CUST-10056,Network Quality / Data Speed Slow,Negative,False,172
CUST-10056,Competitor Offer Inquiry,Neutral,False,51
CUST-10056,Service Disconnection Query,Negative,False,254
CUST-10057,Billing Discrepancy / High Charges,Negative,False,652
CUST-10057,Competitor Offer Inquiry,Neutral,False,306
CUST-10057,Network Quality / Data Speed Slow,Negative,True,125
CUST-10057,Billing Discrepancy / High Charges,Negative,True,138
CUST-10058,Billing Discrepancy / High Charges,Negative,True,338
CUST-10058,Billing Discrepancy / High Charges,Negative,True,225
CUST-10058,Service Disconnection Query,Negative,True,216
CUST-10059,Network Quality / Data Speed Slow,Negative,True,461
CUST-10060,Competitor Offer Inquiry,Neutral,False,103
CUST-10061,Service Disconnection Query,Negative,False,942
CUST-10061,Billing Discrepancy / High Charges,Negative,False,38
CUST-10061,Billing Discrepancy / High Charges,Negative,True,360
CUST-10061,Service Disconnection Query,Negative,True,98
CUST-10062,Service Disconnection Query,Negative,False,222
CUST-10062,Competitor Offer Inquiry,Positive,True,127
CUST-10063,Plan Upgrade Request,Negative,False,146
CUST-10063,Service Disconnection Query,Negative,True,498
CUST-10064,Service Disconnection Query,Negative,True,117
CUST-10064,Network Quality / Data Speed Slow,Negative,False,293
CUST-10064,Plan Upgrade Request,Negative,True,561
CUST-10065,Network Quality / Data Speed Slow,Negative,False,264
CUST-10065,Network Quality / Data Speed Slow,Negative,False,336
CUST-10065,Network Quality / Data Speed Slow,Negative,False,323
CUST-10066,Network Quality / Data Speed Slow,Negative,True,71
CUST-10066,Network Quality / Data Speed Slow,Negative,True,263
CUST-10066,Billing Discrepancy / High Charges,Negative,False,82
CUST-10067,Billing Discrepancy / High Charges,Negative,False,407
CUST-10067,Billing Discrepancy / High Charges,Negative,True,393
CUST-10067,Network Quality / Data Speed Slow,Negative,True,135
CUST-10067,Service Disconnection Query,Negative,True,188
CUST-10068,Billing Discrepancy / High Charges,Negative,False,90
CUST-10068,Network Quality / Data Speed Slow,Negative,True,109
CUST-10069,Service Disconnection Query,Negative,False,286
CUST-10069,Service Disconnection Query,Negative,False,131
CUST-10069,Competitor Offer Inquiry,Positive,False,167
CUST-10069,Service Disconnection Query,Negative,True,305
CUST-10069,Competitor Offer Inquiry,Neutral,True,71
CUST-10070,Competitor Offer Inquiry,Negative,False,151
CUST-10070,Network Quality / Data Speed Slow,Negative,False,427
CUST-10070,Network Quality / Data Speed Slow,Negative,False,285
CUST-10070,Billing Discrepancy / High Charges,Negative,True,695
CUST-10070,Service Disconnection Query,Negative,True,214
CUST-10071,Billing Discrepancy / High Charges,Negative,True,216
CUST-10072,Billing Discrepancy / High Charges,Negative,False,458
CUST-10072,Competitor Offer Inquiry,Neutral,False,30
CUST-10073,Competitor Offer Inquiry,Negative,False,43
CUST-10073,Network Quality / Data Speed Slow,Negative,False,164
CUST-10073,Billing Discrepancy / High Charges,Negative,False,68
CUST-10073,Competitor Offer Inquiry,Neutral,True,601
CUST-10073,SIM / Network Activation Issue,Negative,True,232
CUST-10073,Network Quality / Data Speed Slow,Negative,True,42
CUST-10074,Billing Discrepancy / High Charges,Negative,False,38
CUST-10074,Plan Upgrade Request,Neutral,True,77
CUST-10074,Billing Discrepancy / High Charges,Negative,True,816
CUST-10074,SIM / Network Activation Issue,Positive,False,320
CUST-10074,Service Disconnection Query,Negative,True,100
CUST-10074,Billing Discrepancy / High Charges,Negative,True,186
CUST-10075,Competitor Offer Inquiry,Positive,False,138
CUST-10075,Competitor Offer Inquiry,Positive,True,89
CUST-10075,SIM / Network Activation Issue,Negative,True,48
CUST-10075,Competitor Offer Inquiry,Negative,True,113
CUST-10075,Network Quality / Data Speed Slow,Negative,True,210
CUST-10075,Competitor Offer Inquiry,Positive,True,166
CUST-10076,Plan Upgrade Request,Neutral,True,81
CUST-10076,Service Disconnection Query,Negative,True,93
CUST-10077,Billing Discrepancy / High Charges,Negative,True,66
CUST-10077,SIM / Network Activation Issue,Positive,True,396
CUST-10077,Network Quality / Data Speed Slow,Negative,True,579
CUST-10077,Plan Upgrade Request,Negative,True,73
CUST-10077,Network Quality / Data Speed Slow,Negative,True,99
CUST-10077,Billing Discrepancy / High Charges,Negative,False,100
CUST-10078,Network Quality / Data Speed Slow,Negative,True,429
CUST-10078,Network Quality / Data Speed Slow,Negative,False,136
CUST-10078,Competitor Offer Inquiry,Positive,True,173
CUST-10078,Billing Discrepancy / High Charges,Negative,False,125
CUST-10079,Network Quality / Data Speed Slow,Negative,False,516
CUST-10079,Competitor Offer Inquiry,Negative,False,112
CUST-10079,Competitor Offer Inquiry,Neutral,False,555
CUST-10079,Billing Discrepancy / High Charges,Negative,False,343
CUST-10080,Billing Discrepancy / High Charges,Negative,False,54
CUST-10080,Plan Upgrade Request,Negative,True,145
CUST-10080,Network Quality / Data Speed Slow,Negative,False,66
CUST-10080,Billing Discrepancy / High Charges,Negative,True,159
CUST-10080,Service Disconnection Query,Negative,True,115
CUST-10081,Service Disconnection Query,Negative,True,122
CUST-10081,Network Quality / Data Speed Slow,Negative,False,674
CUST-10081,Plan Upgrade Request,Negative,True,463
CUST-10081,Service Disconnection Query,Negative,True,588
CUST-10081,Network Quality / Data Speed Slow,Negative,True,279
CUST-10082,Network Quality / Data Speed Slow,Negative,True,264
CUST-10082,Plan Upgrade Request,Positive,True,176
CUST-10082,Service Disconnection Query,Negative,True,280
CUST-10082,Service Disconnection Query,Negative,False,156
CUST-10083,Billing Discrepancy / High Charges,Negative,True,268
CUST-10083,Billing Discrepancy / High Charges,Negative,True,206
CUST-10083,Service Disconnection Query,Negative,True,674
CUST-10084,Network Quality / Data Speed Slow,Negative,True,177
CUST-10084,Network Quality / Data Speed Slow,Negative,False,144
CUST-10084,Network Quality / Data Speed Slow,Negative,False,225
CUST-10085,Competitor Offer Inquiry,Negative,False,46
CUST-10085,Network Quality / Data Speed Slow,Negative,True,939
CUST-10085,Billing Discrepancy / High Charges,Negative,True,243
CUST-10085,Competitor Offer Inquiry,Positive,True,69
CUST-10085,Network Quality / Data Speed Slow,Negative,True,53
CUST-10085,Network Quality / Data Speed Slow,Negative,True,30
CUST-10086,Billing Discrepancy / High Charges,Negative,True,131
CUST-10086,Network Quality / Data Speed Slow,Negative,False,45
CUST-10087,SIM / Network Activation Issue,Neutral,False,286
CUST-10087,Service Disconnection Query,Negative,False,315
CUST-10087,Billing Discrepancy / High Charges,Negative,False,157
CUST-10087,Network Quality / Data Speed Slow,Negative,True,75
CUST-10088,Network Quality / Data Speed Slow,Negative,True,41
CUST-10088,SIM / Network Activation Issue,Neutral,False,531
CUST-10088,Plan Upgrade Request,Positive,False,157
CUST-10088,Network Quality / Data Speed Slow,Negative,True,96
CUST-10088,Network Quality / Data Speed Slow,Negative,True,41
CUST-10089,Network Quality / Data Speed Slow,Negative,True,962
CUST-10089,Network Quality / Data Speed Slow,Negative,True,238
CUST-10089,SIM / Network Activation Issue,Neutral,True,77
CUST-10089,Network Quality / Data Speed Slow,Negative,False,41
CUST-10090,Network Quality / Data Speed Slow,Negative,False,176
CUST-10090,Billing Discrepancy / High Charges,Negative,True,269
CUST-10090,Network Quality / Data Speed Slow,Negative,True,343
CUST-10090,Billing Discrepancy / High Charges,Negative,False,366
CUST-10090,Service Disconnection Query,Negative,False,257
CUST-10091,Service Disconnection Query,Negative,False,138
CUST-10091,Network Quality / Data Speed Slow,Negative,True,71
CUST-10091,Billing Discrepancy / High Charges,Negative,True,605
CUST-10091,Competitor Offer Inquiry,Positive,False,206
CUST-10092,Network Quality / Data Speed Slow,Negative,True,95
CUST-10092,Billing Discrepancy / High Charges,Negative,True,262
CUST-10092,Billing Discrepancy / High Charges,Negative,True,96
CUST-10092,Network Quality / Data Speed Slow,Negative,True,160
CUST-10092,Billing Discrepancy / High Charges,Negative,False,67
CUST-10092,Competitor Offer Inquiry,Negative,True,42
CUST-10093,Network Quality / Data Speed Slow,Negative,False,117
CUST-10093,Network Quality / Data Speed Slow,Negative,True,291
CUST-10093,Billing Discrepancy / High Charges,Negative,True,205
CUST-10093,Network Quality / Data Speed Slow,Negative,True,114
CUST-10093,Network Quality / Data Speed Slow,Negative,False,186
CUST-10094,Service Disconnection Query,Negative,True,85
CUST-10094,Network Quality / Data Speed Slow,Negative,False,107
CUST-10094,Billing Discrepancy / High Charges,Negative,False,672
CUST-10094,Network Quality / Data Speed Slow,Negative,True,69
CUST-10094,Service Disconnection Query,Negative,True,188
CUST-10094,Billing Discrepancy / High Charges,Negative,True,42
CUST-10095,Billing Discrepancy / High Charges,Negative,True,66
CUST-10095,Billing Discrepancy / High Charges,Negative,False,44
CUST-10095,Billing Discrepancy / High Charges,Negative,True,231
CUST-10096,Service Disconnection Query,Negative,False,113
CUST-10096,Billing Discrepancy / High Charges,Negative,False,41
CUST-10096,Plan Upgrade Request,Negative,True,84
CUST-10097,Billing Discrepancy / High Charges,Negative,False,313
CUST-10097,Billing Discrepancy / High Charges,Negative,False,181
CUST-10097,Network Quality / Data Speed Slow,Negative,False,237
CUST-10097,Plan Upgrade Request,Negative,True,87
CUST-10097,Network Quality / Data Speed Slow,Negative,True,83
CUST-10097,Plan Upgrade Request,Negative,False,148
CUST-10098,Billing Discrepancy / High Charges,Negative,False,71
CUST-10098,Competitor Offer Inquiry,Negative,True,198
CUST-10099,Plan Upgrade Request,Negative,False,241
CUST-10099,Plan Upgrade Request,Positive,True,41
CUST-10099,Network Quality / Data Speed Slow,Negative,True,164
CUST-10099,Billing Discrepancy / High Charges,Negative,True,276
CUST-10099,Competitor Offer Inquiry,Positive,True,635
CUST-10100,Network Quality / Data Speed Slow,Negative,True,35
CUST-10100,Network Quality / Data Speed Slow,Negative,True,154
CUST-10100,Billing Discrepancy / High Charges,Negative,True,79
CUST-10101,Service Disconnection Query,Negative,True,132
CUST-10101,Plan Upgrade Request,Neutral,True,48
CUST-10102,Service Disconnection Query,Negative,True,92
CUST-10102,Network Quality / Data Speed Slow,Negative,False,37
CUST-10103,Network Quality / Data Speed Slow,Negative,True,124
CUST-10103,Network Quality / Data Speed Slow,Negative,True,317
CUST-10104,Competitor Offer Inquiry,Positive,False,440
CUST-10104,Plan Upgrade Request,Positive,True,305
CUST-10104,Plan Upgrade Request,Positive,False,309
CUST-10105,Billing Discrepancy / High Charges,Negative,True,157
CUST-10105,Billing Discrepancy / High Charges,Negative,False,67
CUST-10106,Plan Upgrade Request,Negative,False,133
CUST-10106,Competitor Offer Inquiry,Positive,True,404
CUST-10106,Billing Discrepancy / High Charges,Negative,True,37
CUST-10106,Plan Upgrade Request,Negative,False,167
CUST-10107,Network Quality / Data Speed Slow,Negative,False,87
CUST-10107,Service Disconnection Query,Negative,True,829
CUST-10107,Plan Upgrade Request,Negative,True,107
CUST-10107,Service Disconnection Query,Negative,False,68
CUST-10107,Billing Discrepancy / High Charges,Negative,True,201
CUST-10107,Network Quality / Data Speed Slow,Negative,True,71
CUST-10108,Billing Discrepancy / High Charges,Negative,True,621
CUST-10108,Network Quality / Data Speed Slow,Negative,False,130
CUST-10108,Billing Discrepancy / High Charges,Negative,True,211
CUST-10108,Plan Upgrade Request,Neutral,True,686
CUST-10108,Billing Discrepancy / High Charges,Negative,False,382
CUST-10109,Network Quality / Data Speed Slow,Negative,True,131
CUST-10109,Service Disconnection Query,Negative,True,306
CUST-10109,Network Quality / Data Speed Slow,Negative,False,99
CUST-10109,Network Quality / Data Speed Slow,Negative,False,46
CUST-10109,Network Quality / Data Speed Slow,Negative,True,127
CUST-10109,Network Quality / Data Speed Slow,Negative,False,246
CUST-10110,Network Quality / Data Speed Slow,Negative,True,71
CUST-10110,Plan Upgrade Request,Negative,True,54
CUST-10111,Network Quality / Data Speed Slow,Negative,False,34
CUST-10111,Network Quality / Data Speed Slow,Negative,True,594
CUST-10111,Service Disconnection Query,Negative,True,71
CUST-10112,SIM / Network Activation Issue,Negative,False,166
CUST-10113,Billing Discrepancy / High Charges,Negative,True,69
CUST-10113,Billing Discrepancy / High Charges,Negative,True,86
CUST-10113,Network Quality / Data Speed Slow,Negative,True,157
CUST-10113,Network Quality / Data Speed Slow,Negative,True,560
CUST-10113,Billing Discrepancy / High Charges,Negative,True,242
CUST-10113,Network Quality / Data Speed Slow,Negative,False,279
CUST-10114,Plan Upgrade Request,Negative,True,86
CUST-10114,Billing Discrepancy / High Charges,Negative,False,160
CUST-10115,Network Quality / Data Speed Slow,Negative,True,259
CUST-10115,Billing Discrepancy / High Charges,Negative,False,218
CUST-10116,Billing Discrepancy / High Charges,Negative,False,33
CUST-10116,Network Quality / Data Speed Slow,Negative,False,42
CUST-10116,Plan Upgrade Request,Positive,True,120
CUST-10117,Competitor Offer Inquiry,Negative,True,130
CUST-10118,Network Quality / Data Speed Slow,Negative,True,429
CUST-10118,Service Disconnection Query,Negative,False,54
CUST-10119,Billing Discrepancy / High Charges,Negative,False,202
CUST-10119,Plan Upgrade Request,Negative,True,201
CUST-10120,Plan Upgrade Request,Positive,True,238
CUST-10120,Network Quality / Data Speed Slow,Negative,True,88
CUST-10121,Network Quality / Data Speed Slow,Negative,True,74
CUST-10121,SIM / Network Activation Issue,Positive,True,637
CUST-10121,Network Quality / Data Speed Slow,Negative,True,72
CUST-10121,Billing Discrepancy / High Charges,Negative,False,198
CUST-10122,Network Quality / Data Speed Slow,Negative,False,206
CUST-10122,Billing Discrepancy / High Charges,Negative,True,211
CUST-10122,Billing Discrepancy / High Charges,Negative,True,169
CUST-10123,Competitor Offer Inquiry,Neutral,True,166
CUST-10123,Network Quality / Data Speed Slow,Negative,True,54
CUST-10123,Network Quality / Data Speed Slow,Negative,False,265
CUST-10123,Service Disconnection Query,Negative,True,507
CUST-10123,Billing Discrepancy / High Charges,Negative,False,32
CUST-10124,Network Quality / Data Speed Slow,Negative,False,130
CUST-10124,SIM / Network Activation Issue,Neutral,True,188
CUST-10124,Network Quality / Data Speed Slow,Negative,True,191
CUST-10124,Service Disconnection Query,Negative,True,185
CUST-10124,Network Quality / Data Speed Slow,Negative,False,103
CUST-10124,Competitor Offer Inquiry,Negative,True,416
CUST-10125,Competitor Offer Inquiry,Positive,True,435
CUST-10125,Service Disconnection Query,Negative,False,198
CUST-10126,Billing Discrepancy / High Charges,Negative,True,117
CUST-10126,Billing Discrepancy / High Charges,Negative,False,516
CUST-10126,Billing Discrepancy / High Charges,Negative,False,387
CUST-10126,Billing Discrepancy / High Charges,Negative,True,213
CUST-10126,Billing Discrepancy / High Charges,Negative,True,115
CUST-10126,Competitor Offer Inquiry,Negative,False,46
CUST-10126,Service Disconnection Query,Negative,False,52
CUST-10127,Network Quality / Data Speed Slow,Negative,False,326
CUST-10127,Billing Discrepancy / High Charges,Negative,True,218
CUST-10128,Service Disconnection Query,Negative,True,58
CUST-10128,Service Disconnection Query,Negative,False,396
CUST-10128,Competitor Offer Inquiry,Positive,False,50
CUST-10128,Billing Discrepancy / High Charges,Negative,True,171
CUST-10128,Billing Discrepancy / High Charges,Negative,False,262
CUST-10128,Network Quality / Data Speed Slow,Negative,False,183
CUST-10129,Plan Upgrade Request,Positive,True,67
CUST-10129,Billing Discrepancy / High Charges,Negative,True,323
CUST-10129,Network Quality / Data Speed Slow,Negative,True,397
CUST-10130,Billing Discrepancy / High Charges,Negative,False,125
CUST-10130,Network Quality / Data Speed Slow,Negative,True,41
CUST-10130,Network Quality / Data Speed Slow,Negative,True,335
CUST-10131,Service Disconnection Query,Negative,True,88
CUST-10131,Competitor Offer Inquiry,Positive,False,139
CUST-10131,Billing Discrepancy / High Charges,Negative,True,77
CUST-10131,Billing Discrepancy / High Charges,Negative,True,165
CUST-10131,Service Disconnection Query,Negative,True,257
CUST-10133,Billing Discrepancy / High Charges,Negative,False,117
CUST-10133,Competitor Offer Inquiry,Positive,True,229
CUST-10133,SIM / Network Activation Issue,Positive,True,179
CUST-10133,Network Quality / Data Speed Slow,Negative,True,199
CUST-10133,Competitor Offer Inquiry,Negative,False,312
CUST-10133,Billing Discrepancy / High Charges,Negative,True,372
CUST-10134,Network Quality / Data Speed Slow,Negative,True,34
CUST-10134,Network Quality / Data Speed Slow,Negative,False,185
CUST-10135,Service Disconnection Query,Negative,True,354
CUST-10135,Billing Discrepancy / High Charges,Negative,True,443
CUST-10135,Network Quality / Data Speed Slow,Negative,True,146
CUST-10135,Network Quality / Data Speed Slow,Negative,True,288
CUST-10135,Network Quality / Data Speed Slow,Negative,True,179
CUST-10135,Billing Discrepancy / High Charges,Negative,False,418
CUST-10135,Network Quality / Data Speed Slow,Negative,False,98
CUST-10135,Billing Discrepancy / High Charges,Negative,True,103
CUST-10136,Network Quality / Data Speed Slow,Negative,True,51
CUST-10136,Network Quality / Data Speed Slow,Negative,False,98
CUST-10136,Billing Discrepancy / High Charges,Negative,True,391
CUST-10136,Network Quality / Data Speed Slow,Negative,True,198
CUST-10136,SIM / Network Activation Issue,Negative,True,217
CUST-10136,Network Quality / Data Speed Slow,Negative,True,224
CUST-10136,Billing Discrepancy / High Charges,Negative,True,59
CUST-10137,Billing Discrepancy / High Charges,Negative,False,426
CUST-10137,Service Disconnection Query,Negative,True,229
CUST-10137,Network Quality / Data Speed Slow,Negative,True,69
CUST-10138,Service Disconnection Query,Negative,False,200
CUST-10138,Plan Upgrade Request,Negative,False,40
CUST-10138,Service Disconnection Query,Negative,True,512
CUST-10138,Network Quality / Data Speed Slow,Negative,True,426
CUST-10138,Network Quality / Data Speed Slow,Negative,False,277
CUST-10138,Billing Discrepancy / High Charges,Negative,True,474
CUST-10138,SIM / Network Activation Issue,Positive,False,60
CUST-10138,Network Quality / Data Speed Slow,Negative,False,257
CUST-10139,Network Quality / Data Speed Slow,Negative,True,167
CUST-10140,Service Disconnection Query,Negative,False,350
CUST-10140,Network Quality / Data Speed Slow,Negative,False,37
CUST-10141,Network Quality / Data Speed Slow,Negative,False,34
CUST-10141,Billing Discrepancy / High Charges,Negative,False,116
CUST-10141,Network Quality / Data Speed Slow,Negative,False,507
CUST-10141,Service Disconnection Query,Negative,True,77
CUST-10142,Network Quality / Data Speed Slow,Negative,False,77
CUST-10142,SIM / Network Activation Issue,Positive,True,84
CUST-10142,Network Quality / Data Speed Slow,Negative,True,254
CUST-10142,Network Quality / Data Speed Slow,Negative,True,33
CUST-10143,Service Disconnection Query,Negative,False,181
CUST-10143,Network Quality / Data Speed Slow,Negative,True,133
CUST-10143,Billing Discrepancy / High Charges,Negative,True,475
CUST-10144,Competitor Offer Inquiry,Neutral,True,81
CUST-10144,Service Disconnection Query,Negative,False,553
CUST-10144,Competitor Offer Inquiry,Positive,True,81
CUST-10144,Service Disconnection Query,Negative,True,325
CUST-10144,Billing Discrepancy / High Charges,Negative,False,88
CUST-10145,Billing Discrepancy / High Charges,Negative,True,545
CUST-10145,Network Quality / Data Speed Slow,Negative,False,324
CUST-10146,Service Disconnection Query,Negative,False,197
CUST-10146,Network Quality / Data Speed Slow,Negative,True,392
CUST-10146,Service Disconnection Query,Negative,True,201
CUST-10146,Billing Discrepancy / High Charges,Negative,True,166
CUST-10146,Network Quality / Data Speed Slow,Negative,True,143
CUST-10146,Billing Discrepancy / High Charges,Negative,True,122
CUST-10147,Network Quality / Data Speed Slow,Negative,True,54
CUST-10147,Network Quality / Data Speed Slow,Negative,True,322
CUST-10147,Billing Discrepancy / High Charges,Negative,True,49
CUST-10147,Network Quality / Data Speed Slow,Negative,False,111
CUST-10147,Network Quality / Data Speed Slow,Negative,True,175
CUST-10147,Network Quality / Data Speed Slow,Negative,False,120
CUST-10147,Network Quality / Data Speed Slow,Negative,False,254
CUST-10148,Plan Upgrade Request,Positive,False,81
CUST-10148,Plan Upgrade Request,Neutral,False,72
CUST-10148,Network Quality / Data Speed Slow,Negative,True,136
CUST-10148,Service Disconnection Query,Negative,True,383
CUST-10148,Billing Discrepancy / High Charges,Negative,True,33
CUST-10148,Plan Upgrade Request,Neutral,True,474
CUST-10148,Network Quality / Data Speed Slow,Negative,True,110
CUST-10149,SIM / Network Activation Issue,Negative,False,235
CUST-10150,Billing Discrepancy / High Charges,Negative,True,361
CUST-10150,Competitor Offer Inquiry,Neutral,True,58
CUST-10150,Network Quality / Data Speed Slow,Negative,False,75
CUST-10152,Competitor Offer Inquiry,Positive,True,242
CUST-10152,Network Quality / Data Speed Slow,Negative,True,240
CUST-10152,Competitor Offer Inquiry,Neutral,True,48
CUST-10153,Service Disconnection Query,Negative,False,187
CUST-10153,Billing Discrepancy / High Charges,Negative,False,95
CUST-10153,Network Quality / Data Speed Slow,Negative,True,73
CUST-10153,Billing Discrepancy / High Charges,Negative,False,359
CUST-10153,Competitor Offer Inquiry,Positive,False,575
CUST-10154,Network Quality / Data Speed Slow,Negative,False,92
CUST-10154,Service Disconnection Query,Negative,False,66
CUST-10154,Billing Discrepancy / High Charges,Negative,False,116
CUST-10154,Service Disconnection Query,Negative,False,83
CUST-10154,Competitor Offer Inquiry,Positive,False,63
CUST-10154,Service Disconnection Query,Negative,True,336
CUST-10155,Network Quality / Data Speed Slow,Negative,False,92
CUST-10155,Service Disconnection Query,Negative,True,227
CUST-10156,Competitor Offer Inquiry,Positive,False,217
CUST-10157,Network Quality / Data Speed Slow,Negative,True,37
CUST-10157,Network Quality / Data Speed Slow,Negative,True,353
CUST-10157,Billing Discrepancy / High Charges,Negative,True,402
CUST-10158,Network Quality / Data Speed Slow,Negative,False,386
CUST-10158,Network Quality / Data Speed Slow,Negative,True,732
CUST-10158,Competitor Offer Inquiry,Neutral,True,166
CUST-10158,Network Quality / Data Speed Slow,Negative,False,312
CUST-10159,Plan Upgrade Request,Positive,True,371
CUST-10159,Network Quality / Data Speed Slow,Negative,True,156
CUST-10159,Network Quality / Data Speed Slow,Negative,True,438
CUST-10160,Network Quality / Data Speed Slow,Negative,False,94
CUST-10161,Network Quality / Data Speed Slow,Negative,True,354
CUST-10161,Billing Discrepancy / High Charges,Negative,False,444
CUST-10161,Service Disconnection Query,Negative,True,267
CUST-10161,Billing Discrepancy / High Charges,Negative,False,152
CUST-10161,Network Quality / Data Speed Slow,Negative,True,151
CUST-10161,Billing Discrepancy / High Charges,Negative,False,435
CUST-10161,Billing Discrepancy / High Charges,Negative,True,160
CUST-10161,Billing Discrepancy / High Charges,Negative,False,218
CUST-10162,Network Quality / Data Speed Slow,Negative,True,207
CUST-10162,Plan Upgrade Request,Positive,True,379
CUST-10162,Billing Discrepancy / High Charges,Negative,False,82
CUST-10162,Plan Upgrade Request,Negative,True,470
CUST-10162,Network Quality / Data Speed Slow,Negative,True,148
CUST-10162,Network Quality / Data Speed Slow,Negative,False,31
CUST-10163,Billing Discrepancy / High Charges,Negative,False,117
CUST-10163,Network Quality / Data Speed Slow,Negative,True,154
CUST-10164,Network Quality / Data Speed Slow,Negative,True,355
CUST-10164,SIM / Network Activation Issue,Positive,False,58
CUST-10164,Billing Discrepancy / High Charges,Negative,False,106
CUST-10165,Service Disconnection Query,Negative,False,67
CUST-10166,Competitor Offer Inquiry,Neutral,True,97
CUST-10166,Plan Upgrade Request,Neutral,True,64
CUST-10166,Competitor Offer Inquiry,Negative,False,237
CUST-10166,Billing Discrepancy / High Charges,Negative,False,406
CUST-10166,Billing Discrepancy / High Charges,Negative,False,61
CUST-10167,Service Disconnection Query,Negative,False,135
CUST-10168,Service Disconnection Query,Negative,True,525
CUST-10168,Network Quality / Data Speed Slow,Negative,True,362
CUST-10168,Service Disconnection Query,Negative,True,628
CUST-10168,Plan Upgrade Request,Positive,False,105
CUST-10169,Competitor Offer Inquiry,Positive,False,113
CUST-10169,Competitor Offer Inquiry,Negative,True,372
CUST-10169,Service Disconnection Query,Negative,False,87
CUST-10169,Billing Discrepancy / High Charges,Negative,True,50
CUST-10169,Plan Upgrade Request,Neutral,True,180
CUST-10170,Service Disconnection Query,Negative,True,594
CUST-10170,Billing Discrepancy / High Charges,Negative,False,412
CUST-10170,Service Disconnection Query,Negative,True,189
CUST-10170,Service Disconnection Query,Negative,True,271
CUST-10170,Service Disconnection Query,Negative,True,168
CUST-10170,Network Quality / Data Speed Slow,Negative,True,453
CUST-10170,Service Disconnection Query,Negative,True,396
CUST-10170,Network Quality / Data Speed Slow,Negative,True,42
CUST-10171,Competitor Offer Inquiry,Negative,True,513
CUST-10171,Network Quality / Data Speed Slow,Negative,False,372
CUST-10171,Competitor Offer Inquiry,Positive,False,120
CUST-10171,Network Quality / Data Speed Slow,Negative,True,270
CUST-10171,Competitor Offer Inquiry,Neutral,True,137
CUST-10172,Network Quality / Data Speed Slow,Negative,False,62
CUST-10172,Network Quality / Data Speed Slow,Negative,False,141
CUST-10172,Competitor Offer Inquiry,Negative,True,94
CUST-10172,Network Quality / Data Speed Slow,Negative,False,278
CUST-10173,Network Quality / Data Speed Slow,Negative,False,637
CUST-10173,Network Quality / Data Speed Slow,Negative,True,70
CUST-10173,SIM / Network Activation Issue,Positive,False,77
CUST-10173,Network Quality / Data Speed Slow,Negative,True,126
CUST-10173,Service Disconnection Query,Negative,False,66
CUST-10173,Plan Upgrade Request,Negative,False,295
CUST-10174,Billing Discrepancy / High Charges,Negative,True,301
CUST-10175,Plan Upgrade Request,Positive,False,267
CUST-10175,Billing Discrepancy / High Charges,Negative,False,169
CUST-10175,Plan Upgrade Request,Negative,True,215
CUST-10175,Network Quality / Data Speed Slow,Negative,True,102
CUST-10176,Service Disconnection Query,Negative,True,75
CUST-10176,Service Disconnection Query,Negative,True,334
CUST-10177,Billing Discrepancy / High Charges,Negative,True,87
CUST-10177,Competitor Offer Inquiry,Positive,False,229
CUST-10177,SIM / Network Activation Issue,Neutral,True,268
CUST-10177,Service Disconnection Query,Negative,True,150
CUST-10177,Network Quality / Data Speed Slow,Negative,True,231
CUST-10177,Network Quality / Data Speed Slow,Negative,True,88
CUST-10178,Billing Discrepancy / High Charges,Negative,True,420
CUST-10178,Billing Discrepancy / High Charges,Negative,True,44
CUST-10178,Plan Upgrade Request,Positive,True,108
CUST-10179,Network Quality / Data Speed Slow,Negative,True,94
CUST-10179,Plan Upgrade Request,Negative,True,136
CUST-10179,Billing Discrepancy / High Charges,Negative,False,108
CUST-10179,Service Disconnection Query,Negative,True,105
CUST-10180,Network Quality / Data Speed Slow,Negative,False,44
CUST-10180,Billing Discrepancy / High Charges,Negative,True,76
CUST-10180,Network Quality / Data Speed Slow,Negative,True,136
CUST-10180,Billing Discrepancy / High Charges,Negative,True,219
CUST-10180,Network Quality / Data Speed Slow,Negative,True,304
CUST-10180,Billing Discrepancy / High Charges,Negative,False,110
CUST-10181,Service Disconnection Query,Negative,False,427
CUST-10181,Competitor Offer Inquiry,Negative,False,50
CUST-10181,Billing Discrepancy / High Charges,Negative,False,49
CUST-10182,Billing Discrepancy / High Charges,Negative,True,274
CUST-10182,Network Quality / Data Speed Slow,Negative,True,181
CUST-10182,Competitor Offer Inquiry,Neutral,False,248
CUST-10182,Service Disconnection Query,Negative,True,109
CUST-10183,Network Quality / Data Speed Slow,Negative,True,160
CUST-10183,Plan Upgrade Request,Positive,True,31
CUST-10183,Service Disconnection Query,Negative,True,54
CUST-10184,Network Quality / Data Speed Slow,Negative,False,50
CUST-10184,Network Quality / Data Speed Slow,Negative,True,651
CUST-10185,Billing Discrepancy / High Charges,Negative,False,219
CUST-10187,Network Quality / Data Speed Slow,Negative,True,55
CUST-10187,Billing Discrepancy / High Charges,Negative,True,177
CUST-10187,Network Quality / Data Speed Slow,Negative,True,318
CUST-10187,Service Disconnection Query,Negative,True,54
CUST-10187,SIM / Network Activation Issue,Positive,False,82
CUST-10187,Billing Discrepancy / High Charges,Negative,True,205
CUST-10188,Network Quality / Data Speed Slow,Negative,True,43
CUST-10188,Plan Upgrade Request,Negative,False,114
CUST-10189,Service Disconnection Query,Negative,True,37
CUST-10189,Network Quality / Data Speed Slow,Negative,True,402
CUST-10190,SIM / Network Activation Issue,Neutral,True,76
CUST-10190,Plan Upgrade Request,Positive,True,176
CUST-10191,Service Disconnection Query,Negative,True,117
CUST-10191,Network Quality / Data Speed Slow,Negative,False,262
CUST-10191,SIM / Network Activation Issue,Neutral,True,385
CUST-10191,Plan Upgrade Request,Negative,True,666
CUST-10191,Billing Discrepancy / High Charges,Negative,False,37
CUST-10191,Competitor Offer Inquiry,Positive,True,562
CUST-10192,Network Quality / Data Speed Slow,Negative,True,151
CUST-10192,Billing Discrepancy / High Charges,Negative,False,692
CUST-10193,Plan Upgrade Request,Positive,True,278
CUST-10193,Service Disconnection Query,Negative,False,187
CUST-10193,Service Disconnection Query,Negative,True,37
CUST-10193,Network Quality / Data Speed Slow,Negative,True,63
CUST-10193,Network Quality / Data Speed Slow,Negative,False,177
CUST-10194,Billing Discrepancy / High Charges,Negative,True,142
CUST-10194,Network Quality / Data Speed Slow,Negative,True,373
CUST-10194,Service Disconnection Query,Negative,True,147
CUST-10195,Network Quality / Data Speed Slow,Negative,True,193
CUST-10195,Service Disconnection Query,Negative,True,331
CUST-10196,Network Quality / Data Speed Slow,Negative,True,198
CUST-10196,Billing Discrepancy / High Charges,Negative,True,51
CUST-10196,Billing Discrepancy / High Charges,Negative,True,46
CUST-10197,Network Quality / Data Speed Slow,Negative,False,69
CUST-10197,Network Quality / Data Speed Slow,Negative,True,453
CUST-10198,Service Disconnection Query,Negative,False,187
CUST-10198,Billing Discrepancy / High Charges,Negative,False,84
CUST-10198,Network Quality / Data Speed Slow,Negative,True,94
CUST-10199,Plan Upgrade Request,Negative,True,460
CUST-10199,Billing Discrepancy / High Charges,Negative,True,528
CUST-10200,Network Quality / Data Speed Slow,Negative,False,111
CUST-10201,Plan Upgrade Request,Negative,True,127
CUST-10201,Billing Discrepancy / High Charges,Negative,False,49
CUST-10201,Network Quality / Data Speed Slow,Negative,True,245
CUST-10202,Plan Upgrade Request,Positive,False,176
CUST-10202,Network Quality / Data Speed Slow,Negative,True,242
CUST-10203,Service Disconnection Query,Negative,False,197
CUST-10203,Billing Discrepancy / High Charges,Negative,True,43
CUST-10204,Network Quality / Data Speed Slow,Negative,True,122
CUST-10204,Network Quality / Data Speed Slow,Negative,False,168
CUST-10205,Billing Discrepancy / High Charges,Negative,True,88
CUST-10205,Competitor Offer Inquiry,Positive,True,309
CUST-10206,Billing Discrepancy / High Charges,Negative,True,89
CUST-10206,Service Disconnection Query,Negative,True,259
CUST-10206,Billing Discrepancy / High Charges,Negative,False,200
CUST-10207,Network Quality / Data Speed Slow,Negative,True,42
CUST-10207,Network Quality / Data Speed Slow,Negative,True,375
CUST-10207,Service Disconnection Query,Negative,True,166
CUST-10208,Network Quality / Data Speed Slow,Negative,True,33
CUST-10208,Service Disconnection Query,Negative,False,74
CUST-10208,Network Quality / Data Speed Slow,Negative,True,508
CUST-10208,Network Quality / Data Speed Slow,Negative,True,398
CUST-10208,Network Quality / Data Speed Slow,Negative,True,39
CUST-10208,Service Disconnection Query,Negative,True,837
CUST-10209,Competitor Offer Inquiry,Negative,True,154
CUST-10209,Competitor Offer Inquiry,Negative,True,34
CUST-10209,Plan Upgrade Request,Neutral,False,238
CUST-10210,Service Disconnection Query,Negative,False,525
CUST-10210,Billing Discrepancy / High Charges,Negative,True,143
CUST-10210,Billing Discrepancy / High Charges,Negative,False,846
CUST-10211,Competitor Offer Inquiry,Negative,False,30
CUST-10212,Network Quality / Data Speed Slow,Negative,True,115
CUST-10212,Network Quality / Data Speed Slow,Negative,False,521
CUST-10212,SIM / Network Activation Issue,Negative,False,297
CUST-10212,Network Quality / Data Speed Slow,Negative,False,87
CUST-10212,Plan Upgrade Request,Positive,False,178
CUST-10213,Plan Upgrade Request,Positive,False,80
CUST-10213,Competitor Offer Inquiry,Negative,False,116
CUST-10213,Service Disconnection Query,Negative,False,63
CUST-10213,Network Quality / Data Speed Slow,Negative,True,367
CUST-10213,Competitor Offer Inquiry,Positive,True,36
CUST-10213,Billing Discrepancy / High Charges,Negative,True,364
CUST-10214,Competitor Offer Inquiry,Neutral,False,74
CUST-10214,Service Disconnection Query,Negative,True,137
CUST-10214,Plan Upgrade Request,Negative,False,122
CUST-10216,Network Quality / Data Speed Slow,Negative,False,342
CUST-10216,Service Disconnection Query,Negative,True,594
CUST-10216,Network Quality / Data Speed Slow,Negative,True,84
CUST-10216,Network Quality / Data Speed Slow,Negative,True,205
CUST-10216,SIM / Network Activation Issue,Positive,True,96
CUST-10216,Billing Discrepancy / High Charges,Negative,False,68
CUST-10217,Service Disconnection Query,Negative,True,1467
CUST-10217,Service Disconnection Query,Negative,False,105
CUST-10217,Network Quality / Data Speed Slow,Negative,True,53
CUST-10217,Billing Discrepancy / High Charges,Negative,True,151
CUST-10217,Competitor Offer Inquiry,Neutral,True,34
CUST-10218,Network Quality / Data Speed Slow,Negative,False,317
CUST-10218,Billing Discrepancy / High Charges,Negative,True,185
CUST-10218,Network Quality / Data Speed Slow,Negative,True,31
CUST-10219,Billing Discrepancy / High Charges,Negative,True,232
CUST-10219,Plan Upgrade Request,Neutral,True,82
CUST-10219,Plan Upgrade Request,Positive,True,217
CUST-10219,Service Disconnection Query,Negative,True,151
CUST-10219,Competitor Offer Inquiry,Positive,False,273
CUST-10219,Network Quality / Data Speed Slow,Negative,True,120
CUST-10219,Network Quality / Data Speed Slow,Negative,False,101
CUST-10220,Network Quality / Data Speed Slow,Negative,True,138
CUST-10220,Service Disconnection Query,Negative,False,323
CUST-10220,Plan Upgrade Request,Positive,False,55
CUST-10221,Billing Discrepancy / High Charges,Negative,False,673
CUST-10221,Network Quality / Data Speed Slow,Negative,True,47
CUST-10221,Network Quality / Data Speed Slow,Negative,True,170
CUST-10222,Network Quality / Data Speed Slow,Negative,True,300
CUST-10222,Competitor Offer Inquiry,Positive,True,205
CUST-10222,Network Quality / Data Speed Slow,Negative,True,559
CUST-10222,Service Disconnection Query,Negative,True,82
CUST-10223,Billing Discrepancy / High Charges,Negative,True,108
CUST-10223,Network Quality / Data Speed Slow,Negative,False,45
CUST-10223,Network Quality / Data Speed Slow,Negative,False,449
CUST-10224,Competitor Offer Inquiry,Positive,True,110
CUST-10224,Plan Upgrade Request,Negative,False,214
CUST-10224,Network Quality / Data Speed Slow,Negative,True,374
CUST-10224,Network Quality / Data Speed Slow,Negative,False,649
CUST-10224,Service Disconnection Query,Negative,True,89
CUST-10225,Network Quality / Data Speed Slow,Negative,False,161
CUST-10225,Network Quality / Data Speed Slow,Negative,True,31
CUST-10225,Competitor Offer Inquiry,Positive,False,71
CUST-10225,Network Quality / Data Speed Slow,Negative,False,72
CUST-10225,Network Quality / Data Speed Slow,Negative,False,178
CUST-10225,Billing Discrepancy / High Charges,Negative,False,74
CUST-10226,Service Disconnection Query,Negative,True,202
CUST-10226,SIM / Network Activation Issue,Negative,True,60
CUST-10226,Competitor Offer Inquiry,Neutral,False,484
CUST-10227,Billing Discrepancy / High Charges,Negative,True,54
CUST-10227,Network Quality / Data Speed Slow,Negative,True,159
CUST-10227,Network Quality / Data Speed Slow,Negative,True,134
CUST-10228,Billing Discrepancy / High Charges,Negative,True,250
CUST-10228,Network Quality / Data Speed Slow,Negative,True,41
CUST-10228,Billing Discrepancy / High Charges,Negative,True,276
CUST-10228,Network Quality / Data Speed Slow,Negative,False,149
CUST-10228,Billing Discrepancy / High Charges,Negative,False,254
CUST-10228,Plan Upgrade Request,Positive,True,212
CUST-10229,Billing Discrepancy / High Charges,Negative,False,236
CUST-10229,Network Quality / Data Speed Slow,Negative,True,269
CUST-10230,Network Quality / Data Speed Slow,Negative,True,227
CUST-10230,Competitor Offer Inquiry,Negative,True,45
CUST-10230,Billing Discrepancy / High Charges,Negative,True,218
CUST-10231,Service Disconnection Query,Negative,True,254
CUST-10231,Billing Discrepancy / High Charges,Negative,True,163
CUST-10231,Billing Discrepancy / High Charges,Negative,True,284
CUST-10232,Service Disconnection Query,Negative,False,116
CUST-10232,Network Quality / Data Speed Slow,Negative,False,101
CUST-10232,Service Disconnection Query,Negative,False,293
CUST-10232,Billing Discrepancy / High Charges,Negative,False,224
CUST-10232,Billing Discrepancy / High Charges,Negative,False,38
CUST-10232,Billing Discrepancy / High Charges,Negative,False,61
CUST-10233,Billing Discrepancy / High Charges,Negative,True,109
CUST-10233,Billing Discrepancy / High Charges,Negative,False,83
CUST-10233,Service Disconnection Query,Negative,False,188
CUST-10233,Network Quality / Data Speed Slow,Negative,True,582
CUST-10233,Network Quality / Data Speed Slow,Negative,False,606
CUST-10233,Service Disconnection Query,Negative,False,668
CUST-10233,Network Quality / Data Speed Slow,Negative,False,124
CUST-10233,Billing Discrepancy / High Charges,Negative,True,36
CUST-10234,Network Quality / Data Speed Slow,Negative,True,56
CUST-10234,Network Quality / Data Speed Slow,Negative,False,70
CUST-10234,Billing Discrepancy / High Charges,Negative,False,79
CUST-10234,Competitor Offer Inquiry,Negative,True,852
CUST-10235,Plan Upgrade Request,Negative,True,519
CUST-10236,Network Quality / Data Speed Slow,Negative,True,40
CUST-10237,Network Quality / Data Speed Slow,Negative,False,122
CUST-10237,Network Quality / Data Speed Slow,Negative,True,135
CUST-10237,Service Disconnection Query,Negative,True,74
CUST-10238,Network Quality / Data Speed Slow,Negative,True,194
CUST-10238,Billing Discrepancy / High Charges,Negative,True,114
CUST-10239,Billing Discrepancy / High Charges,Negative,False,77
CUST-10239,Service Disconnection Query,Negative,False,31
CUST-10239,Competitor Offer Inquiry,Positive,False,112
CUST-10240,Network Quality / Data Speed Slow,Negative,True,33
CUST-10240,Billing Discrepancy / High Charges,Negative,False,254
CUST-10240,Competitor Offer Inquiry,Negative,True,128
CUST-10241,Billing Discrepancy / High Charges,Negative,False,357
CUST-10242,Network Quality / Data Speed Slow,Negative,True,288
CUST-10242,Service Disconnection Query,Negative,True,164
CUST-10242,SIM / Network Activation Issue,Negative,True,323
CUST-10243,Network Quality / Data Speed Slow,Negative,False,97
CUST-10243,Network Quality / Data Speed Slow,Negative,True,46
CUST-10243,Network Quality / Data Speed Slow,Negative,False,73
CUST-10243,Competitor Offer Inquiry,Negative,True,132
CUST-10243,Plan Upgrade Request,Negative,True,411
CUST-10244,Billing Discrepancy / High Charges,Negative,True,165
CUST-10244,Plan Upgrade Request,Positive,False,229
CUST-10244,Plan Upgrade Request,Neutral,True,90
CUST-10245,Network Quality / Data Speed Slow,Negative,False,41
CUST-10245,Service Disconnection Query,Negative,True,232
CUST-10245,Network Quality / Data Speed Slow,Negative,False,292
CUST-10246,Network Quality / Data Speed Slow,Negative,True,215
CUST-10246,Competitor Offer Inquiry,Neutral,True,119
CUST-10246,Service Disconnection Query,Negative,True,79
CUST-10246,Network Quality / Data Speed Slow,Negative,True,383
CUST-10246,Network Quality / Data Speed Slow,Negative,True,432
CUST-10246,Network Quality / Data Speed Slow,Negative,False,73
CUST-10247,Plan Upgrade Request,Positive,False,35
CUST-10247,Network Quality / Data Speed Slow,Negative,False,104
CUST-10247,Network Quality / Data Speed Slow,Negative,True,119
CUST-10247,Billing Discrepancy / High Charges,Negative,True,31
CUST-10248,Network Quality / Data Speed Slow,Negative,True,88
CUST-10248,SIM / Network Activation Issue,Negative,False,174
CUST-10249,Network Quality / Data Speed Slow,Negative,True,442
CUST-10249,SIM / Network Activation Issue,Negative,True,217
CUST-10249,Billing Discrepancy / High Charges,Negative,False,196
CUST-10249,Network Quality / Data Speed Slow,Negative,False,318
CUST-10249,Competitor Offer Inquiry,Positive,True,155
CUST-10249,Network Quality / Data Speed Slow,Negative,True,112
CUST-10250,Service Disconnection Query,Negative,False,220
CUST-10251,Network Quality / Data Speed Slow,Negative,True,33
CUST-10251,Network Quality / Data Speed Slow,Negative,True,42
CUST-10251,Plan Upgrade Request,Neutral,True,731
CUST-10251,Network Quality / Data Speed Slow,Negative,False,177
CUST-10252,Network Quality / Data Speed Slow,Negative,True,117
CUST-10253,Billing Discrepancy / High Charges,Negative,True,126
CUST-10253,Plan Upgrade Request,Negative,False,167
CUST-10253,SIM / Network Activation Issue,Negative,True,59
CUST-10253,Plan Upgrade Request,Negative,True,54
CUST-10253,Plan Upgrade Request,Negative,False,46
CUST-10254,Network Quality / Data Speed Slow,Negative,False,48
CUST-10254,Network Quality / Data Speed Slow,Negative,True,704
CUST-10254,Service Disconnection Query,Negative,True,38
CUST-10254,Competitor Offer Inquiry,Positive,True,50
CUST-10255,Network Quality / Data Speed Slow,Negative,True,266
CUST-10255,Service Disconnection Query,Negative,True,145
CUST-10255,Billing Discrepancy / High Charges,Negative,True,58
CUST-10256,Service Disconnection Query,Negative,True,311
CUST-10256,Service Disconnection Query,Negative,True,158
CUST-10256,Billing Discrepancy / High Charges,Negative,True,170
CUST-10256,Competitor Offer Inquiry,Positive,True,104
CUST-10256,Billing Discrepancy / High Charges,Negative,True,431
CUST-10256,Billing Discrepancy / High Charges,Negative,True,60
CUST-10257,Plan Upgrade Request,Positive,False,62
CUST-10258,SIM / Network Activation Issue,Neutral,False,232
CUST-10259,Competitor Offer Inquiry,Positive,True,80
CUST-10259,Billing Discrepancy / High Charges,Negative,True,240
CUST-10259,Network Quality / Data Speed Slow,Negative,True,82
CUST-10259,Plan Upgrade Request,Neutral,True,700
CUST-10260,Service Disconnection Query,Negative,True,146
CUST-10260,Billing Discrepancy / High Charges,Negative,True,168
CUST-10260,Network Quality / Data Speed Slow,Negative,False,150
CUST-10261,Service Disconnection Query,Negative,False,77
CUST-10261,Network Quality / Data Speed Slow,Negative,False,715
CUST-10261,Billing Discrepancy / High Charges,Negative,True,60
CUST-10261,Network Quality / Data Speed Slow,Negative,True,129
CUST-10262,Plan Upgrade Request,Negative,False,114
CUST-10262,Network Quality / Data Speed Slow,Negative,True,166
CUST-10262,Competitor Offer Inquiry,Positive,True,68
CUST-10262,Plan Upgrade Request,Positive,True,629
CUST-10262,Network Quality / Data Speed Slow,Negative,False,207
CUST-10262,Plan Upgrade Request,Positive,True,168
CUST-10264,Plan Upgrade Request,Negative,True,921
CUST-10264,Plan Upgrade Request,Neutral,True,61
CUST-10265,Network Quality / Data Speed Slow,Negative,True,434
CUST-10265,Network Quality / Data Speed Slow,Negative,True,97
CUST-10265,Service Disconnection Query,Negative,True,69
CUST-10266,Network Quality / Data Speed Slow,Negative,False,182
CUST-10266,Network Quality / Data Speed Slow,Negative,True,63
CUST-10267,Network Quality / Data Speed Slow,Negative,False,153
CUST-10267,Plan Upgrade Request,Negative,False,139
CUST-10267,Network Quality / Data Speed Slow,Negative,False,31
CUST-10268,Network Quality / Data Speed Slow,Negative,False,304
CUST-10268,Service Disconnection Query,Negative,True,252
CUST-10268,Service Disconnection Query,Negative,True,51
CUST-10269,Service Disconnection Query,Negative,True,30
CUST-10270,Network Quality / Data Speed Slow,Negative,True,81
CUST-10270,Network Quality / Data Speed Slow,Negative,True,484
CUST-10272,Network Quality / Data Speed Slow,Negative,True,598
CUST-10273,SIM / Network Activation Issue,Neutral,False,196
CUST-10274,Billing Discrepancy / High Charges,Negative,True,345
CUST-10274,Network Quality / Data Speed Slow,Negative,True,466
CUST-10274,Billing Discrepancy / High Charges,Negative,True,71
CUST-10274,SIM / Network Activation Issue,Neutral,False,341
CUST-10275,Service Disconnection Query,Negative,True,229
CUST-10275,Billing Discrepancy / High Charges,Negative,True,114
CUST-10275,Service Disconnection Query,Negative,False,185
CUST-10275,SIM / Network Activation Issue,Negative,False,63
CUST-10276,Billing Discrepancy / High Charges,Negative,False,71
CUST-10276,SIM / Network Activation Issue,Positive,False,390
CUST-10276,Network Quality / Data Speed Slow,Negative,False,156
CUST-10276,Plan Upgrade Request,Positive,True,326
CUST-10276,Service Disconnection Query,Negative,True,164
CUST-10276,Plan Upgrade Request,Neutral,True,300
CUST-10276,Network Quality / Data Speed Slow,Negative,False,244
CUST-10277,Plan Upgrade Request,Positive,False,103
CUST-10277,Network Quality / Data Speed Slow,Negative,False,120
CUST-10278,Service Disconnection Query,Negative,True,283
CUST-10279,Billing Discrepancy / High Charges,Negative,True,152
CUST-10280,Plan Upgrade Request,Neutral,False,96
CUST-10280,Service Disconnection Query,Negative,False,701
CUST-10280,SIM / Network Activation Issue,Positive,True,232
CUST-10280,Competitor Offer Inquiry,Neutral,True,119
CUST-10281,Competitor Offer Inquiry,Negative,True,250
CUST-10281,Network Quality / Data Speed Slow,Negative,False,167
CUST-10281,Competitor Offer Inquiry,Neutral,False,580
CUST-10281,Service Disconnection Query,Negative,False,350
CUST-10281,Network Quality / Data Speed Slow,Negative,True,389
CUST-10281,Network Quality / Data Speed Slow,Negative,True,339
CUST-10281,Service Disconnection Query,Negative,True,150
CUST-10282,Billing Discrepancy / High Charges,Negative,True,478
CUST-10282,Plan Upgrade Request,Negative,False,53
CUST-10283,Network Quality / Data Speed Slow,Negative,True,65
CUST-10283,Service Disconnection Query,Negative,True,592
CUST-10283,Network Quality / Data Speed Slow,Negative,True,712
CUST-10283,Service Disconnection Query,Negative,False,67
CUST-10283,Service Disconnection Query,Negative,True,166
CUST-10283,Plan Upgrade Request,Positive,False,271
CUST-10283,Billing Discrepancy / High Charges,Negative,True,265
CUST-10284,Billing Discrepancy / High Charges,Negative,True,92
CUST-10284,Network Quality / Data Speed Slow,Negative,True,332
CUST-10284,Billing Discrepancy / High Charges,Negative,True,132
CUST-10284,Network Quality / Data Speed Slow,Negative,False,174
CUST-10285,Network Quality / Data Speed Slow,Negative,True,769
CUST-10285,Billing Discrepancy / High Charges,Negative,True,130
CUST-10286,Network Quality / Data Speed Slow,Negative,True,362
CUST-10286,Network Quality / Data Speed Slow,Negative,False,147
CUST-10286,Network Quality / Data Speed Slow,Negative,False,115
CUST-10286,Service Disconnection Query,Negative,False,623
CUST-10287,Network Quality / Data Speed Slow,Negative,True,173
CUST-10288,Network Quality / Data Speed Slow,Negative,True,43
CUST-10288,Billing Discrepancy / High Charges,Negative,True,358
CUST-10288,Service Disconnection Query,Negative,True,355
CUST-10288,Network Quality / Data Speed Slow,Negative,True,65
CUST-10288,Service Disconnection Query,Negative,True,39
CUST-10288,Competitor Offer Inquiry,Negative,True,80
CUST-10288,Plan Upgrade Request,Positive,False,385
CUST-10289,Competitor Offer Inquiry,Positive,False,370
CUST-10289,Service Disconnection Query,Negative,False,269
CUST-10289,Competitor Offer Inquiry,Positive,True,129
CUST-10289,Plan Upgrade Request,Negative,True,104
CUST-10289,Network Quality / Data Speed Slow,Negative,True,105
CUST-10290,Billing Discrepancy / High Charges,Negative,False,273
CUST-10290,Service Disconnection Query,Negative,False,126
CUST-10290,Network Quality / Data Speed Slow,Negative,True,509
CUST-10291,Network Quality / Data Speed Slow,Negative,False,115
CUST-10291,Competitor Offer Inquiry,Neutral,False,188
CUST-10291,Billing Discrepancy / High Charges,Negative,True,64
CUST-10291,Plan Upgrade Request,Positive,False,307
CUST-10291,Service Disconnection Query,Negative,True,117
CUST-10293,Network Quality / Data Speed Slow,Negative,False,606
CUST-10293,Service Disconnection Query,Negative,True,80
CUST-10293,Competitor Offer Inquiry,Negative,True,254
CUST-10294,Network Quality / Data Speed Slow,Negative,True,288
CUST-10294,Competitor Offer Inquiry,Neutral,False,246
CUST-10294,Service Disconnection Query,Negative,False,41
CUST-10294,Network Quality / Data Speed Slow,Negative,True,112
CUST-10294,Billing Discrepancy / High Charges,Negative,False,32
CUST-10294,Plan Upgrade Request,Neutral,True,115
CUST-10294,Plan Upgrade Request,Neutral,True,234
CUST-10295,Network Quality / Data Speed Slow,Negative,True,466
CUST-10295,Billing Discrepancy / High Charges,Negative,True,207
CUST-10295,Billing Discrepancy / High Charges,Negative,True,47
CUST-10295,Network Quality / Data Speed Slow,Negative,True,84
CUST-10296,Billing Discrepancy / High Charges,Negative,True,428
CUST-10296,Plan Upgrade Request,Neutral,True,284
CUST-10296,Billing Discrepancy / High Charges,Negative,False,301
CUST-10296,Plan Upgrade Request,Neutral,True,118
CUST-10297,Network Quality / Data Speed Slow,Negative,True,81
CUST-10297,Plan Upgrade Request,Neutral,False,95
CUST-10297,SIM / Network Activation Issue,Neutral,True,162
CUST-10298,Network Quality / Data Speed Slow,Negative,True,183
CUST-10298,Network Quality / Data Speed Slow,Negative,True,74
CUST-10298,Network Quality / Data Speed Slow,Negative,True,725
CUST-10298,Billing Discrepancy / High Charges,Negative,True,220
CUST-10298,Plan Upgrade Request,Positive,True,169
CUST-10299,Billing Discrepancy / High Charges,Negative,True,272
CUST-10299,Network Quality / Data Speed Slow,Negative,True,178
CUST-10299,Billing Discrepancy / High Charges,Negative,True,498
CUST-10300,Competitor Offer Inquiry,Neutral,False,35
CUST-10300,Plan Upgrade Request,Neutral,True,46
CUST-10300,SIM / Network Activation Issue,Neutral,False,260
CUST-10300,Network Quality / Data Speed Slow,Negative,True,324
CUST-10300,Service Disconnection Query,Negative,True,94
CUST-10300,Service Disconnection Query,Negative,True,594
CUST-10300,Billing Discrepancy / High Charges,Negative,False,158
CUST-10301,Competitor Offer Inquiry,Positive,True,52
CUST-10301,Plan Upgrade Request,Neutral,True,108
CUST-10301,Billing Discrepancy / High Charges,Negative,True,30
CUST-10301,Network Quality / Data Speed Slow,Negative,False,253
CUST-10301,Service Disconnection Query,Negative,False,125
CUST-10302,Service Disconnection Query,Negative,True,40
CUST-10302,Network Quality / Data Speed Slow,Negative,True,72
CUST-10304,Network Quality / Data Speed Slow,Negative,False,109
CUST-10304,Billing Discrepancy / High Charges,Negative,True,63
CUST-10304,Network Quality / Data Speed Slow,Negative,True,40
CUST-10305,Plan Upgrade Request,Positive,True,33
CUST-10305,Network Quality / Data Speed Slow,Negative,True,100
CUST-10306,Network Quality / Data Speed Slow,Negative,True,125
CUST-10306,Billing Discrepancy / High Charges,Negative,True,267
CUST-10306,Billing Discrepancy / High Charges,Negative,False,267
CUST-10306,Service Disconnection Query,Negative,False,78
CUST-10306,Network Quality / Data Speed Slow,Negative,True,191
CUST-10306,Billing Discrepancy / High Charges,Negative,True,63
CUST-10306,Plan Upgrade Request,Positive,True,68
CUST-10306,Service Disconnection Query,Negative,True,1101
CUST-10307,Billing Discrepancy / High Charges,Negative,True,109
CUST-10307,Plan Upgrade Request,Negative,False,37
CUST-10307,Network Quality / Data Speed Slow,Negative,False,187
CUST-10307,Service Disconnection Query,Negative,True,127
CUST-10307,Competitor Offer Inquiry,Positive,False,123
CUST-10308,Service Disconnection Query,Negative,False,68
CUST-10308,Billing Discrepancy / High Charges,Negative,False,210
CUST-10308,Plan Upgrade Request,Positive,False,335
CUST-10308,Competitor Offer Inquiry,Positive,True,79
CUST-10308,Service Disconnection Query,Negative,True,215
CUST-10309,Service Disconnection Query,Negative,False,267
CUST-10309,Network Quality / Data Speed Slow,Negative,False,203
CUST-10309,Plan Upgrade Request,Neutral,True,79
CUST-10310,Billing Discrepancy / High Charges,Negative,False,136
CUST-10311,Plan Upgrade Request,Neutral,True,179
CUST-10311,Network Quality / Data Speed Slow,Negative,True,519
CUST-10311,Service Disconnection Query,Negative,True,101
CUST-10311,Billing Discrepancy / High Charges,Negative,True,271
CUST-10312,Network Quality / Data Speed Slow,Negative,False,366
CUST-10312,Plan Upgrade Request,Neutral,True,225
CUST-10312,Service Disconnection Query,Negative,True,48
CUST-10313,SIM / Network Activation Issue,Positive,True,182
CUST-10313,Service Disconnection Query,Negative,True,283
CUST-10313,Network Quality / Data Speed Slow,Negative,False,168
CUST-10314,Network Quality / Data Speed Slow,Negative,False,161
CUST-10315,Network Quality / Data Speed Slow,Negative,False,518
CUST-10315,Network Quality / Data Speed Slow,Negative,True,54
CUST-10315,Competitor Offer Inquiry,Positive,True,147
CUST-10316,Network Quality / Data Speed Slow,Negative,True,42
CUST-10316,Network Quality / Data Speed Slow,Negative,True,400
CUST-10316,Competitor Offer Inquiry,Positive,False,75
CUST-10316,Billing Discrepancy / High Charges,Negative,True,293
CUST-10316,SIM / Network Activation Issue,Positive,True,160
CUST-10316,Billing Discrepancy / High Charges,Negative,False,249
CUST-10316,Competitor Offer Inquiry,Positive,True,47
CUST-10317,Network Quality / Data Speed Slow,Negative,True,146
CUST-10318,Billing Discrepancy / High Charges,Negative,False,580
CUST-10318,Service Disconnection Query,Negative,True,523
CUST-10318,Billing Discrepancy / High Charges,Negative,True,128
CUST-10318,Network Quality / Data Speed Slow,Negative,False,102
CUST-10318,Billing Discrepancy / High Charges,Negative,True,317
CUST-10319,Service Disconnection Query,Negative,True,235
CUST-10319,Service Disconnection Query,Negative,True,195
CUST-10319,Billing Discrepancy / High Charges,Negative,True,229
CUST-10320,Billing Discrepancy / High Charges,Negative,True,383
CUST-10320,Network Quality / Data Speed Slow,Negative,True,53
CUST-10321,Network Quality / Data Speed Slow,Negative,True,833
CUST-10321,Network Quality / Data Speed Slow,Negative,False,52
CUST-10321,Plan Upgrade Request,Negative,True,369
CUST-10321,Competitor Offer Inquiry,Negative,True,272
CUST-10321,Billing Discrepancy / High Charges,Negative,False,94
CUST-10321,Service Disconnection Query,Negative,True,303
CUST-10322,Service Disconnection Query,Negative,False,73
CUST-10323,Plan Upgrade Request,Neutral,True,162
CUST-10323,Billing Discrepancy / High Charges,Negative,True,39
CUST-10323,Billing Discrepancy / High Charges,Negative,False,373
CUST-10323,Network Quality / Data Speed Slow,Negative,True,378
CUST-10324,Billing Discrepancy / High Charges,Negative,False,449
CUST-10324,Network Quality / Data Speed Slow,Negative,True,65
CUST-10324,Network Quality / Data Speed Slow,Negative,False,511
CUST-10324,Network Quality / Data Speed Slow,Negative,True,179
CUST-10325,Billing Discrepancy / High Charges,Negative,False,559
CUST-10325,Network Quality / Data Speed Slow,Negative,True,36
CUST-10325,Billing Discrepancy / High Charges,Negative,True,131
CUST-10325,Billing Discrepancy / High Charges,Negative,False,119
CUST-10326,Network Quality / Data Speed Slow,Negative,False,371
CUST-10326,Network Quality / Data Speed Slow,Negative,True,343
CUST-10326,Network Quality / Data Speed Slow,Negative,True,137
CUST-10327,Network Quality / Data Speed Slow,Negative,True,129
CUST-10327,Service Disconnection Query,Negative,False,727
CUST-10327,Network Quality / Data Speed Slow,Negative,True,284
CUST-10327,Billing Discrepancy / High Charges,Negative,True,71
CUST-10327,Network Quality / Data Speed Slow,Negative,True,65
CUST-10328,Competitor Offer Inquiry,Negative,True,34
CUST-10329,Network Quality / Data Speed Slow,Negative,False,169
CUST-10329,Network Quality / Data Speed Slow,Negative,True,191
CUST-10329,Billing Discrepancy / High Charges,Negative,False,537
CUST-10329,Billing Discrepancy / High Charges,Negative,True,37
CUST-10329,Network Quality / Data Speed Slow,Negative,True,103
CUST-10330,Plan Upgrade Request,Negative,True,215
CUST-10330,Billing Discrepancy / High Charges,Negative,True,1437
CUST-10331,Network Quality / Data Speed Slow,Negative,True,49
CUST-10331,Network Quality / Data Speed Slow,Negative,False,129
CUST-10331,Service Disconnection Query,Negative,True,83
CUST-10331,Network Quality / Data Speed Slow,Negative,False,333
CUST-10331,Billing Discrepancy / High Charges,Negative,True,684
CUST-10332,Network Quality / Data Speed Slow,Negative,True,124
CUST-10332,Network Quality / Data Speed Slow,Negative,True,35
CUST-10332,SIM / Network Activation Issue,Positive,False,41
CUST-10332,Plan Upgrade Request,Negative,False,47
CUST-10332,Network Quality / Data Speed Slow,Negative,False,602
CUST-10332,Competitor Offer Inquiry,Positive,True,347
CUST-10333,Network Quality / Data Speed Slow,Negative,True,193
CUST-10334,Billing Discrepancy / High Charges,Negative,False,81
CUST-10334,Network Quality / Data Speed Slow,Negative,False,99
CUST-10334,Service Disconnection Query,Negative,True,229
CUST-10335,Network Quality / Data Speed Slow,Negative,True,119
CUST-10336,Billing Discrepancy / High Charges,Negative,False,56
CUST-10337,Service Disconnection Query,Negative,True,91
CUST-10337,Network Quality / Data Speed Slow,Negative,True,109
CUST-10337,Network Quality / Data Speed Slow,Negative,False,38
CUST-10337,Network Quality / Data Speed Slow,Negative,True,280
CUST-10337,Network Quality / Data Speed Slow,Negative,False,63
CUST-10337,Billing Discrepancy / High Charges,Negative,True,90
CUST-10338,Service Disconnection Query,Negative,True,61
CUST-10338,Network Quality / Data Speed Slow,Negative,True,554
CUST-10338,Service Disconnection Query,Negative,True,148
CUST-10338,SIM / Network Activation Issue,Negative,False,116
CUST-10338,Network Quality / Data Speed Slow,Negative,False,541
CUST-10338,Billing Discrepancy / High Charges,Negative,False,125
CUST-10338,Billing Discrepancy / High Charges,Negative,False,45
CUST-10339,Billing Discrepancy / High Charges,Negative,True,104
CUST-10339,Plan Upgrade Request,Neutral,True,89
CUST-10339,Plan Upgrade Request,Positive,False,216
CUST-10339,Competitor Offer Inquiry,Negative,True,211
CUST-10339,Network Quality / Data Speed Slow,Negative,True,191
CUST-10339,Network Quality / Data Speed Slow,Negative,True,104
CUST-10341,Service Disconnection Query,Negative,True,378
CUST-10341,Network Quality / Data Speed Slow,Negative,True,36
CUST-10342,Competitor Offer Inquiry,Positive,True,48
CUST-10342,Billing Discrepancy / High Charges,Negative,False,76
CUST-10344,Network Quality / Data Speed Slow,Negative,False,268
CUST-10344,Competitor Offer Inquiry,Negative,False,173
CUST-10344,Network Quality / Data Speed Slow,Negative,True,254
CUST-10344,Plan Upgrade Request,Positive,True,82
CUST-10344,Competitor Offer Inquiry,Negative,False,113
CUST-10344,SIM / Network Activation Issue,Positive,True,239
CUST-10344,Network Quality / Data Speed Slow,Negative,True,206
CUST-10345,SIM / Network Activation Issue,Neutral,True,398
CUST-10345,Billing Discrepancy / High Charges,Negative,True,96
CUST-10345,Billing Discrepancy / High Charges,Negative,True,36
CUST-10346,SIM / Network Activation Issue,Positive,False,65
CUST-10346,Competitor Offer Inquiry,Negative,True,181
CUST-10346,Billing Discrepancy / High Charges,Negative,True,283
CUST-10347,Billing Discrepancy / High Charges,Negative,True,186
CUST-10347,Plan Upgrade Request,Neutral,False,447
CUST-10347,Network Quality / Data Speed Slow,Negative,False,69
CUST-10347,Service Disconnection Query,Negative,False,31
CUST-10347,Network Quality / Data Speed Slow,Negative,True,128
CUST-10347,Competitor Offer Inquiry,Negative,False,140
CUST-10348,Competitor Offer Inquiry,Positive,False,49
CUST-10348,Billing Discrepancy / High Charges,Negative,True,93
CUST-10348,Plan Upgrade Request,Positive,True,69
CUST-10349,Network Quality / Data Speed Slow,Negative,False,232
CUST-10349,Billing Discrepancy / High Charges,Negative,False,80
CUST-10349,Plan Upgrade Request,Neutral,True,352
CUST-10349,Network Quality / Data Speed Slow,Negative,True,70
CUST-10349,SIM / Network Activation Issue,Neutral,True,50
CUST-10350,Network Quality / Data Speed Slow,Negative,True,41
CUST-10350,Competitor Offer Inquiry,Negative,False,576
CUST-10350,Plan Upgrade Request,Positive,True,159
CUST-10350,Billing Discrepancy / High Charges,Negative,False,611
CUST-10350,SIM / Network Activation Issue,Negative,False,66
CUST-10350,Billing Discrepancy / High Charges,Negative,False,187
CUST-10350,Network Quality / Data Speed Slow,Negative,False,37
CUST-10350,Service Disconnection Query,Negative,False,129
CUST-10351,Billing Discrepancy / High Charges,Negative,True,407
CUST-10352,Billing Discrepancy / High Charges,Negative,True,225
CUST-10352,Network Quality / Data Speed Slow,Negative,True,273
CUST-10352,Competitor Offer Inquiry,Neutral,False,153
CUST-10352,Network Quality / Data Speed Slow,Negative,True,54
CUST-10352,Competitor Offer Inquiry,Positive,True,67
CUST-10352,SIM / Network Activation Issue,Negative,True,304
CUST-10352,Billing Discrepancy / High Charges,Negative,True,181
CUST-10353,Network Quality / Data Speed Slow,Negative,False,223
CUST-10354,Service Disconnection Query,Negative,False,118
CUST-10354,Billing Discrepancy / High Charges,Negative,False,185
CUST-10354,Network Quality / Data Speed Slow,Negative,False,39
CUST-10354,Network Quality / Data Speed Slow,Negative,True,44
CUST-10354,Network Quality / Data Speed Slow,Negative,True,135
CUST-10354,Network Quality / Data Speed Slow,Negative,True,223
CUST-10354,Network Quality / Data Speed Slow,Negative,True,127
CUST-10355,Network Quality / Data Speed Slow,Negative,True,136
CUST-10356,Plan Upgrade Request,Positive,False,326
CUST-10356,Plan Upgrade Request,Positive,False,111
CUST-10356,Service Disconnection Query,Negative,False,75
CUST-10357,Network Quality / Data Speed Slow,Negative,False,206
CUST-10357,Billing Discrepancy / High Charges,Negative,True,199
CUST-10358,Network Quality / Data Speed Slow,Negative,True,233
CUST-10358,Billing Discrepancy / High Charges,Negative,False,37
CUST-10358,Network Quality / Data Speed Slow,Negative,True,68
CUST-10359,Network Quality / Data Speed Slow,Negative,False,112
CUST-10359,Competitor Offer Inquiry,Positive,False,223
CUST-10359,Network Quality / Data Speed Slow,Negative,True,274
CUST-10359,Billing Discrepancy / High Charges,Negative,False,137
CUST-10360,Competitor Offer Inquiry,Negative,False,61
CUST-10361,Competitor Offer Inquiry,Neutral,True,79
CUST-10361,Plan Upgrade Request,Neutral,True,157
CUST-10361,Service Disconnection Query,Negative,False,665
CUST-10361,Network Quality / Data Speed Slow,Negative,True,173
CUST-10361,Plan Upgrade Request,Positive,True,63
CUST-10361,Billing Discrepancy / High Charges,Negative,True,222
CUST-10362,Network Quality / Data Speed Slow,Negative,False,529
CUST-10362,Plan Upgrade Request,Negative,False,151
CUST-10362,Network Quality / Data Speed Slow,Negative,False,66
CUST-10362,Service Disconnection Query,Negative,True,368
CUST-10362,Billing Discrepancy / High Charges,Negative,True,310
CUST-10363,Network Quality / Data Speed Slow,Negative,False,56
CUST-10363,Billing Discrepancy / High Charges,Negative,True,436
CUST-10363,Network Quality / Data Speed Slow,Negative,True,215
CUST-10363,Network Quality / Data Speed Slow,Negative,True,151
CUST-10363,Network Quality / Data Speed Slow,Negative,True,290
CUST-10363,Service Disconnection Query,Negative,True,202
CUST-10363,Network Quality / Data Speed Slow,Negative,True,695
CUST-10364,Network Quality / Data Speed Slow,Negative,True,288
CUST-10364,Plan Upgrade Request,Positive,True,317
CUST-10365,Network Quality / Data Speed Slow,Negative,False,34
CUST-10365,Plan Upgrade Request,Neutral,True,127
CUST-10366,Billing Discrepancy / High Charges,Negative,True,189
CUST-10366,Network Quality / Data Speed Slow,Negative,True,57
CUST-10366,Network Quality / Data Speed Slow,Negative,False,35
CUST-10366,SIM / Network Activation Issue,Negative,False,876
CUST-10367,Billing Discrepancy / High Charges,Negative,False,301
CUST-10367,Billing Discrepancy / High Charges,Negative,True,132
CUST-10367,Service Disconnection Query,Negative,False,77
CUST-10367,Network Quality / Data Speed Slow,Negative,False,38
CUST-10367,Service Disconnection Query,Negative,True,357
CUST-10367,Competitor Offer Inquiry,Positive,True,47
CUST-10367,Billing Discrepancy / High Charges,Negative,False,108
CUST-10368,Service Disconnection Query,Negative,False,227
CUST-10368,Billing Discrepancy / High Charges,Negative,True,53
CUST-10370,Billing Discrepancy / High Charges,Negative,False,173
CUST-10370,Service Disconnection Query,Negative,True,42
CUST-10370,Service Disconnection Query,Negative,True,202
CUST-10371,Service Disconnection Query,Negative,True,194
CUST-10371,Plan Upgrade Request,Negative,False,39
CUST-10371,Billing Discrepancy / High Charges,Negative,False,196
CUST-10371,Plan Upgrade Request,Negative,True,62
CUST-10371,Billing Discrepancy / High Charges,Negative,True,425
CUST-10372,Network Quality / Data Speed Slow,Negative,False,388
CUST-10373,Billing Discrepancy / High Charges,Negative,True,94
CUST-10373,Competitor Offer Inquiry,Neutral,False,126
CUST-10373,SIM / Network Activation Issue,Positive,True,301
CUST-10374,Billing Discrepancy / High Charges,Negative,True,277
CUST-10374,Network Quality / Data Speed Slow,Negative,True,131
CUST-10374,Network Quality / Data Speed Slow,Negative,True,104
CUST-10374,Billing Discrepancy / High Charges,Negative,False,418
CUST-10374,Service Disconnection Query,Negative,False,181
CUST-10375,Plan Upgrade Request,Negative,True,307
CUST-10375,Network Quality / Data Speed Slow,Negative,False,122
CUST-10375,Billing Discrepancy / High Charges,Negative,True,485
CUST-10376,Service Disconnection Query,Negative,False,71
CUST-10376,Network Quality / Data Speed Slow,Negative,True,160
CUST-10376,Service Disconnection Query,Negative,True,86
CUST-10376,Billing Discrepancy / High Charges,Negative,False,103
CUST-10376,Competitor Offer Inquiry,Neutral,False,190
CUST-10377,Network Quality / Data Speed Slow,Negative,False,136
CUST-10377,Plan Upgrade Request,Neutral,True,359
CUST-10377,Plan Upgrade Request,Negative,True,38
CUST-10378,Network Quality / Data Speed Slow,Negative,True,244
CUST-10378,Billing Discrepancy / High Charges,Negative,True,77
CUST-10378,Service Disconnection Query,Negative,True,245
CUST-10378,Billing Discrepancy / High Charges,Negative,True,663
CUST-10378,Billing Discrepancy / High Charges,Negative,True,123
CUST-10378,Network Quality / Data Speed Slow,Negative,True,517
CUST-10379,SIM / Network Activation Issue,Positive,True,288
CUST-10379,Network Quality / Data Speed Slow,Negative,True,246
CUST-10379,Plan Upgrade Request,Neutral,False,74
CUST-10379,Billing Discrepancy / High Charges,Negative,False,195
CUST-10379,Billing Discrepancy / High Charges,Negative,False,159
CUST-10379,Competitor Offer Inquiry,Negative,False,217
CUST-10380,Network Quality / Data Speed Slow,Negative,False,386
CUST-10380,Plan Upgrade Request,Positive,False,195
CUST-10380,Network Quality / Data Speed Slow,Negative,True,205
CUST-10380,Billing Discrepancy / High Charges,Negative,False,165
CUST-10380,Billing Discrepancy / High Charges,Negative,True,307
CUST-10380,Billing Discrepancy / High Charges,Negative,True,104
CUST-10381,Service Disconnection Query,Negative,True,87
CUST-10382,Network Quality / Data Speed Slow,Negative,False,46
CUST-10382,Service Disconnection Query,Negative,False,210
CUST-10382,Service Disconnection Query,Negative,True,122
CUST-10383,Network Quality / Data Speed Slow,Negative,True,508
CUST-10383,Competitor Offer Inquiry,Positive,True,103
CUST-10384,Network Quality / Data Speed Slow,Negative,False,332
CUST-10384,Network Quality / Data Speed Slow,Negative,False,197
CUST-10385,SIM / Network Activation Issue,Negative,True,105
CUST-10385,Network Quality / Data Speed Slow,Negative,False,74
CUST-10385,Billing Discrepancy / High Charges,Negative,True,60
CUST-10386,Network Quality / Data Speed Slow,Negative,False,317
CUST-10386,Plan Upgrade Request,Positive,False,138
CUST-10386,Network Quality / Data Speed Slow,Negative,True,36
CUST-10387,Network Quality / Data Speed Slow,Negative,True,36
CUST-10387,SIM / Network Activation Issue,Positive,False,41
CUST-10388,Network Quality / Data Speed Slow,Negative,True,141
CUST-10388,Billing Discrepancy / High Charges,Negative,True,254
CUST-10388,Billing Discrepancy / High Charges,Negative,True,95
CUST-10388,Billing Discrepancy / High Charges,Negative,False,151
CUST-10388,Service Disconnection Query,Negative,True,322
CUST-10389,Billing Discrepancy / High Charges,Negative,True,229
CUST-10389,Network Quality / Data Speed Slow,Negative,True,206
CUST-10389,Network Quality / Data Speed Slow,Negative,True,194
CUST-10390,Competitor Offer Inquiry,Positive,True,157
CUST-10391,Network Quality / Data Speed Slow,Negative,True,298
CUST-10391,Network Quality / Data Speed Slow,Negative,True,548
CUST-10391,Service Disconnection Query,Negative,False,389
CUST-10391,Service Disconnection Query,Negative,True,160
CUST-10391,Billing Discrepancy / High Charges,Negative,True,353
CUST-10391,Billing Discrepancy / High Charges,Negative,True,87
CUST-10391,Network Quality / Data Speed Slow,Negative,False,217
CUST-10392,Billing Discrepancy / High Charges,Negative,True,219
CUST-10392,Service Disconnection Query,Negative,True,531
CUST-10392,Competitor Offer Inquiry,Positive,True,534
CUST-10392,Network Quality / Data Speed Slow,Negative,False,286
CUST-10393,Service Disconnection Query,Negative,False,124
CUST-10393,Plan Upgrade Request,Negative,True,292
CUST-10394,Network Quality / Data Speed Slow,Negative,True,179
CUST-10395,Plan Upgrade Request,Neutral,False,307
CUST-10395,Billing Discrepancy / High Charges,Negative,False,85
CUST-10395,Network Quality / Data Speed Slow,Negative,False,242
CUST-10395,Plan Upgrade Request,Negative,True,90
CUST-10396,Billing Discrepancy / High Charges,Negative,True,361
CUST-10396,Plan Upgrade Request,Negative,False,597
CUST-10397,Plan Upgrade Request,Negative,True,111
CUST-10397,Network Quality / Data Speed Slow,Negative,True,51
CUST-10397,Service Disconnection Query,Negative,True,44
CUST-10398,Network Quality / Data Speed Slow,Negative,False,276
CUST-10398,Network Quality / Data Speed Slow,Negative,False,113
CUST-10398,Plan Upgrade Request,Neutral,False,737
CUST-10399,Service Disconnection Query,Negative,True,135
CUST-10399,Billing Discrepancy / High Charges,Negative,True,155
CUST-10400,Network Quality / Data Speed Slow,Negative,False,282
CUST-10400,Plan Upgrade Request,Negative,True,46
CUST-10401,Service Disconnection Query,Negative,True,140
CUST-10401,Plan Upgrade Request,Positive,True,301
CUST-10401,Network Quality / Data Speed Slow,Negative,True,173
CUST-10401,Network Quality / Data Speed Slow,Negative,True,279
CUST-10402,Competitor Offer Inquiry,Positive,True,185
CUST-10402,Billing Discrepancy / High Charges,Negative,False,54
CUST-10402,Billing Discrepancy / High Charges,Negative,False,124
CUST-10402,Network Quality / Data Speed Slow,Negative,False,155
CUST-10403,Network Quality / Data Speed Slow,Negative,False,484
CUST-10403,Network Quality / Data Speed Slow,Negative,True,264
CUST-10403,Network Quality / Data Speed Slow,Negative,True,142
CUST-10403,Service Disconnection Query,Negative,True,356
CUST-10403,Plan Upgrade Request,Neutral,False,257
CUST-10403,Competitor Offer Inquiry,Negative,True,206
CUST-10403,Network Quality / Data Speed Slow,Negative,True,32
CUST-10404,Network Quality / Data Speed Slow,Negative,True,323
CUST-10404,Competitor Offer Inquiry,Negative,False,195
CUST-10404,Network Quality / Data Speed Slow,Negative,False,136
CUST-10404,Plan Upgrade Request,Positive,True,153
CUST-10405,Network Quality / Data Speed Slow,Negative,True,443
CUST-10407,Network Quality / Data Speed Slow,Negative,False,55
CUST-10408,Plan Upgrade Request,Neutral,True,152
CUST-10408,Plan Upgrade Request,Negative,False,230
CUST-10408,Service Disconnection Query,Negative,True,356
CUST-10409,Billing Discrepancy / High Charges,Negative,True,132
CUST-10409,Billing Discrepancy / High Charges,Negative,True,63
CUST-10410,Network Quality / Data Speed Slow,Negative,True,54
CUST-10411,Network Quality / Data Speed Slow,Negative,True,50
CUST-10411,SIM / Network Activation Issue,Positive,True,73
CUST-10412,Plan Upgrade Request,Negative,True,141
CUST-10412,Billing Discrepancy / High Charges,Negative,True,223
CUST-10412,SIM / Network Activation Issue,Positive,True,300
CUST-10412,Billing Discrepancy / High Charges,Negative,False,159
CUST-10413,Network Quality / Data Speed Slow,Negative,False,45
CUST-10413,Billing Discrepancy / High Charges,Negative,False,44
CUST-10413,Billing Discrepancy / High Charges,Negative,False,802
CUST-10413,Service Disconnection Query,Negative,True,246
CUST-10413,Service Disconnection Query,Negative,False,376
CUST-10413,Network Quality / Data Speed Slow,Negative,True,214
CUST-10413,Competitor Offer Inquiry,Neutral,False,126
CUST-10414,Network Quality / Data Speed Slow,Negative,False,226
CUST-10415,Billing Discrepancy / High Charges,Negative,True,350
CUST-10415,Network Quality / Data Speed Slow,Negative,False,117
CUST-10416,Billing Discrepancy / High Charges,Negative,True,218
CUST-10416,Network Quality / Data Speed Slow,Negative,True,101
CUST-10416,Competitor Offer Inquiry,Positive,False,104
CUST-10417,Plan Upgrade Request,Positive,False,49
CUST-10417,Billing Discrepancy / High Charges,Negative,True,583
CUST-10417,Plan Upgrade Request,Neutral,False,554
CUST-10417,Network Quality / Data Speed Slow,Negative,True,261
CUST-10417,Network Quality / Data Speed Slow,Negative,True,316
CUST-10417,Billing Discrepancy / High Charges,Negative,True,150
CUST-10418,Competitor Offer Inquiry,Negative,False,526
CUST-10418,Network Quality / Data Speed Slow,Negative,True,82
CUST-10418,Billing Discrepancy / High Charges,Negative,True,118
CUST-10418,Competitor Offer Inquiry,Negative,False,262
CUST-10418,Billing Discrepancy / High Charges,Negative,False,206
CUST-10418,SIM / Network Activation Issue,Neutral,True,598
CUST-10418,Service Disconnection Query,Negative,True,541
CUST-10419,Plan Upgrade Request,Negative,True,435
CUST-10419,SIM / Network Activation Issue,Neutral,True,36
CUST-10419,Network Quality / Data Speed Slow,Negative,True,118
CUST-10419,Service Disconnection Query,Negative,True,350
CUST-10419,Plan Upgrade Request,Negative,False,373
CUST-10421,Plan Upgrade Request,Negative,False,204
CUST-10421,Billing Discrepancy / High Charges,Negative,True,131
CUST-10421,SIM / Network Activation Issue,Negative,True,175
CUST-10422,SIM / Network Activation Issue,Neutral,True,545
CUST-10422,Network Quality / Data Speed Slow,Negative,True,459
CUST-10423,Billing Discrepancy / High Charges,Negative,True,64
CUST-10425,Billing Discrepancy / High Charges,Negative,False,177
CUST-10425,Network Quality / Data Speed Slow,Negative,True,103
CUST-10425,Billing Discrepancy / High Charges,Negative,True,199
CUST-10426,Billing Discrepancy / High Charges,Negative,False,35
CUST-10427,Service Disconnection Query,Negative,True,113
CUST-10427,Competitor Offer Inquiry,Negative,False,192
CUST-10427,Network Quality / Data Speed Slow,Negative,True,146
CUST-10427,Plan Upgrade Request,Neutral,False,294
CUST-10428,Network Quality / Data Speed Slow,Negative,True,219
CUST-10428,Network Quality / Data Speed Slow,Negative,False,40
CUST-10428,Network Quality / Data Speed Slow,Negative,False,297
CUST-10428,Plan Upgrade Request,Neutral,False,161
CUST-10428,Competitor Offer Inquiry,Negative,True,62
CUST-10428,Service Disconnection Query,Negative,True,614
CUST-10429,Competitor Offer Inquiry,Negative,False,202
CUST-10430,Plan Upgrade Request,Negative,False,70
CUST-10430,Service Disconnection Query,Negative,False,72
CUST-10431,Network Quality / Data Speed Slow,Negative,True,312
CUST-10431,Service Disconnection Query,Negative,False,339
CUST-10431,Network Quality / Data Speed Slow,Negative,False,197
CUST-10432,Network Quality / Data Speed Slow,Negative,True,374
CUST-10432,Competitor Offer Inquiry,Negative,True,30
CUST-10432,Service Disconnection Query,Negative,True,68
CUST-10432,Service Disconnection Query,Negative,False,51
CUST-10432,Network Quality / Data Speed Slow,Negative,True,207
CUST-10433,Service Disconnection Query,Negative,True,186
CUST-10433,Service Disconnection Query,Negative,True,200
CUST-10433,Billing Discrepancy / High Charges,Negative,False,78
CUST-10434,Network Quality / Data Speed Slow,Negative,True,338
CUST-10434,Billing Discrepancy / High Charges,Negative,True,746
CUST-10435,Competitor Offer Inquiry,Positive,True,133
CUST-10435,Plan Upgrade Request,Negative,True,158
CUST-10435,Network Quality / Data Speed Slow,Negative,True,338
CUST-10435,Billing Discrepancy / High Charges,Negative,True,104
CUST-10435,Competitor Offer Inquiry,Positive,True,179
CUST-10436,Billing Discrepancy / High Charges,Negative,True,189
CUST-10436,Network Quality / Data Speed Slow,Negative,False,91
CUST-10436,Billing Discrepancy / High Charges,Negative,False,735
CUST-10436,Competitor Offer Inquiry,Neutral,True,133
CUST-10436,Network Quality / Data Speed Slow,Negative,True,40
CUST-10436,Plan Upgrade Request,Positive,False,58
CUST-10437,Competitor Offer Inquiry,Negative,False,194
CUST-10437,Network Quality / Data Speed Slow,Negative,True,335
CUST-10437,Network Quality / Data Speed Slow,Negative,True,149
CUST-10437,Competitor Offer Inquiry,Neutral,True,177
CUST-10438,Service Disconnection Query,Negative,False,78
CUST-10438,Service Disconnection Query,Negative,True,256
CUST-10438,Network Quality / Data Speed Slow,Negative,False,164
CUST-10439,Billing Discrepancy / High Charges,Negative,False,36
CUST-10439,Network Quality / Data Speed Slow,Negative,False,368
CUST-10440,Billing Discrepancy / High Charges,Negative,True,161
CUST-10440,Plan Upgrade Request,Positive,True,536
CUST-10441,Network Quality / Data Speed Slow,Negative,True,34
CUST-10441,Plan Upgrade Request,Positive,True,703
CUST-10441,Network Quality / Data Speed Slow,Negative,True,33
CUST-10442,SIM / Network Activation Issue,Neutral,False,83
CUST-10443,Billing Discrepancy / High Charges,Negative,True,726
CUST-10444,Plan Upgrade Request,Neutral,False,389
CUST-10444,Competitor Offer Inquiry,Positive,False,170
CUST-10444,Billing Discrepancy / High Charges,Negative,False,319
CUST-10446,Network Quality / Data Speed Slow,Negative,True,603
CUST-10446,Billing Discrepancy / High Charges,Negative,True,96
CUST-10447,Billing Discrepancy / High Charges,Negative,False,148
CUST-10447,Network Quality / Data Speed Slow,Negative,True,504
CUST-10447,SIM / Network Activation Issue,Positive,False,160
CUST-10447,SIM / Network Activation Issue,Negative,True,73
CUST-10447,Network Quality / Data Speed Slow,Negative,True,36
CUST-10448,Network Quality / Data Speed Slow,Negative,False,217
CUST-10448,Network Quality / Data Speed Slow,Negative,True,181
CUST-10448,Network Quality / Data Speed Slow,Negative,True,254
CUST-10448,Network Quality / Data Speed Slow,Negative,True,57
CUST-10448,Network Quality / Data Speed Slow,Negative,False,115
CUST-10449,Billing Discrepancy / High Charges,Negative,False,38
CUST-10449,Network Quality / Data Speed Slow,Negative,False,386
CUST-10449,Billing Discrepancy / High Charges,Negative,True,284
CUST-10450,Network Quality / Data Speed Slow,Negative,True,83
CUST-10450,Billing Discrepancy / High Charges,Negative,True,147
CUST-10451,Service Disconnection Query,Negative,True,43
CUST-10451,Billing Discrepancy / High Charges,Negative,False,40
CUST-10452,Network Quality / Data Speed Slow,Negative,True,69
CUST-10452,Competitor Offer Inquiry,Positive,False,95
CUST-10452,Network Quality / Data Speed Slow,Negative,True,205
CUST-10452,SIM / Network Activation Issue,Neutral,True,87
CUST-10453,Network Quality / Data Speed Slow,Negative,True,236
CUST-10453,Service Disconnection Query,Negative,False,216
CUST-10453,Competitor Offer Inquiry,Positive,False,88
CUST-10453,Plan Upgrade Request,Positive,True,71
CUST-10453,Network Quality / Data Speed Slow,Negative,True,503
CUST-10454,Billing Discrepancy / High Charges,Negative,True,250
CUST-10454,Network Quality / Data Speed Slow,Negative,True,100
CUST-10454,Service Disconnection Query,Negative,False,189
CUST-10454,Network Quality / Data Speed Slow,Negative,True,53
CUST-10454,Competitor Offer Inquiry,Negative,True,225
CUST-10456,Billing Discrepancy / High Charges,Negative,False,337
CUST-10456,Network Quality / Data Speed Slow,Negative,False,149
CUST-10457,Network Quality / Data Speed Slow,Negative,False,172
CUST-10457,Network Quality / Data Speed Slow,Negative,False,211
CUST-10457,Network Quality / Data Speed Slow,Negative,True,188
CUST-10457,Network Quality / Data Speed Slow,Negative,False,35
CUST-10457,Network Quality / Data Speed Slow,Negative,True,165
CUST-10457,Plan Upgrade Request,Neutral,True,285
CUST-10457,Billing Discrepancy / High Charges,Negative,True,301
CUST-10458,Network Quality / Data Speed Slow,Negative,True,171
CUST-10458,Network Quality / Data Speed Slow,Negative,True,89
CUST-10459,Network Quality / Data Speed Slow,Negative,False,493
CUST-10459,Service Disconnection Query,Negative,True,307
CUST-10459,Billing Discrepancy / High Charges,Negative,False,133
CUST-10459,Network Quality / Data Speed Slow,Negative,False,135
CUST-10460,SIM / Network Activation Issue,Positive,False,387
CUST-10460,Billing Discrepancy / High Charges,Negative,True,56
CUST-10460,Service Disconnection Query,Negative,False,70
CUST-10460,Network Quality / Data Speed Slow,Negative,True,35
CUST-10461,Service Disconnection Query,Negative,True,214
CUST-10461,Billing Discrepancy / High Charges,Negative,True,75
CUST-10461,Service Disconnection Query,Negative,False,110
CUST-10462,Network Quality / Data Speed Slow,Negative,True,41
CUST-10462,Plan Upgrade Request,Positive,False,77
CUST-10462,Plan Upgrade Request,Negative,True,61
CUST-10462,Service Disconnection Query,Negative,True,47
CUST-10463,Plan Upgrade Request,Neutral,False,141
CUST-10463,Billing Discrepancy / High Charges,Negative,True,117
CUST-10465,Competitor Offer Inquiry,Neutral,False,41
CUST-10465,Billing Discrepancy / High Charges,Negative,True,146
CUST-10465,Network Quality / Data Speed Slow,Negative,False,188
CUST-10465,Service Disconnection Query,Negative,True,498
CUST-10465,Service Disconnection Query,Negative,True,85
CUST-10466,Network Quality / Data Speed Slow,Negative,True,158
CUST-10466,Competitor Offer Inquiry,Neutral,True,92
CUST-10466,Network Quality / Data Speed Slow,Negative,True,293
CUST-10467,SIM / Network Activation Issue,Negative,True,373
CUST-10467,Service Disconnection Query,Negative,False,371
CUST-10467,Network Quality / Data Speed Slow,Negative,True,60
CUST-10467,Network Quality / Data Speed Slow,Negative,True,405
CUST-10467,Network Quality / Data Speed Slow,Negative,False,497
CUST-10467,Service Disconnection Query,Negative,False,294
CUST-10468,Billing Discrepancy / High Charges,Negative,False,208
CUST-10468,Network Quality / Data Speed Slow,Negative,True,163
CUST-10468,Network Quality / Data Speed Slow,Negative,False,157
CUST-10468,Billing Discrepancy / High Charges,Negative,True,126
CUST-10468,Network Quality / Data Speed Slow,Negative,True,644
CUST-10468,Network Quality / Data Speed Slow,Negative,False,47
CUST-10469,Competitor Offer Inquiry,Positive,False,146
CUST-10469,Plan Upgrade Request,Negative,True,131
CUST-10469,Network Quality / Data Speed Slow,Negative,True,123
CUST-10471,Service Disconnection Query,Negative,True,70
CUST-10471,Competitor Offer Inquiry,Neutral,False,133
CUST-10471,Network Quality / Data Speed Slow,Negative,True,128
CUST-10471,Billing Discrepancy / High Charges,Negative,False,50
CUST-10471,Billing Discrepancy / High Charges,Negative,True,860
CUST-10472,SIM / Network Activation Issue,Negative,True,115
CUST-10472,Competitor Offer Inquiry,Negative,True,76
CUST-10472,Plan Upgrade Request,Positive,True,272
CUST-10472,Competitor Offer Inquiry,Negative,True,90
CUST-10473,Network Quality / Data Speed Slow,Negative,True,251
CUST-10473,Service Disconnection Query,Negative,True,104
CUST-10473,Network Quality / Data Speed Slow,Negative,True,111
CUST-10473,Network Quality / Data Speed Slow,Negative,False,416
CUST-10473,Billing Discrepancy / High Charges,Negative,False,58
CUST-10474,SIM / Network Activation Issue,Negative,True,31
CUST-10474,Service Disconnection Query,Negative,True,45
CUST-10474,Competitor Offer Inquiry,Neutral,True,181
CUST-10474,Service Disconnection Query,Negative,True,128
CUST-10474,Plan Upgrade Request,Negative,False,55
CUST-10475,Network Quality / Data Speed Slow,Negative,False,371
CUST-10475,Billing Discrepancy / High Charges,Negative,False,73
CUST-10475,Billing Discrepancy / High Charges,Negative,True,509
CUST-10475,Network Quality / Data Speed Slow,Negative,True,67
CUST-10476,Billing Discrepancy / High Charges,Negative,False,95
CUST-10476,Service Disconnection Query,Negative,False,43
CUST-10476,Service Disconnection Query,Negative,True,64
CUST-10477,Plan Upgrade Request,Neutral,True,37
CUST-10477,Competitor Offer Inquiry,Negative,False,180
CUST-10477,Service Disconnection Query,Negative,True,53
CUST-10477,Network Quality / Data Speed Slow,Negative,True,102
CUST-10478,Service Disconnection Query,Negative,False,203
CUST-10478,Network Quality / Data Speed Slow,Negative,False,165
CUST-10478,Service Disconnection Query,Negative,False,855
CUST-10478,Billing Discrepancy / High Charges,Negative,False,180
CUST-10478,Billing Discrepancy / High Charges,Negative,True,149
CUST-10478,Billing Discrepancy / High Charges,Negative,False,81
CUST-10479,Plan Upgrade Request,Neutral,False,102
CUST-10479,SIM / Network Activation Issue,Negative,True,576
CUST-10479,Plan Upgrade Request,Neutral,False,230
CUST-10479,Network Quality / Data Speed Slow,Negative,True,203
CUST-10479,Network Quality / Data Speed Slow,Negative,False,75
CUST-10479,Billing Discrepancy / High Charges,Negative,False,383
CUST-10479,Service Disconnection Query,Negative,False,469
CUST-10480,Billing Discrepancy / High Charges,Negative,False,77
CUST-10480,Service Disconnection Query,Negative,True,520
CUST-10480,Network Quality / Data Speed Slow,Negative,True,58
CUST-10481,Network Quality / Data Speed Slow,Negative,True,162
CUST-10481,Competitor Offer Inquiry,Positive,True,111
CUST-10481,Plan Upgrade Request,Neutral,False,124
CUST-10481,Plan Upgrade Request,Negative,True,318
CUST-10481,Billing Discrepancy / High Charges,Negative,False,163
CUST-10481,Service Disconnection Query,Negative,False,89
CUST-10482,Service Disconnection Query,Negative,True,234
CUST-10482,Service Disconnection Query,Negative,True,61
CUST-10482,Plan Upgrade Request,Neutral,True,245
CUST-10483,Billing Discrepancy / High Charges,Negative,False,197
CUST-10483,Billing Discrepancy / High Charges,Negative,False,34
CUST-10484,Service Disconnection Query,Negative,True,255
CUST-10484,Plan Upgrade Request,Positive,True,167
CUST-10485,Network Quality / Data Speed Slow,Negative,False,135
CUST-10485,Service Disconnection Query,Negative,True,309
CUST-10485,Billing Discrepancy / High Charges,Negative,True,76
CUST-10486,Network Quality / Data Speed Slow,Negative,False,146
CUST-10486,Network Quality / Data Speed Slow,Negative,True,156
CUST-10486,Network Quality / Data Speed Slow,Negative,True,234
CUST-10486,Billing Discrepancy / High Charges,Negative,True,101
CUST-10486,Network Quality / Data Speed Slow,Negative,False,454
CUST-10486,Billing Discrepancy / High Charges,Negative,True,158
CUST-10487,SIM / Network Activation Issue,Neutral,False,101
CUST-10487,Service Disconnection Query,Negative,False,182
CUST-10487,Billing Discrepancy / High Charges,Negative,True,371
CUST-10487,Competitor Offer Inquiry,Negative,True,481
CUST-10488,Network Quality / Data Speed Slow,Negative,True,46
CUST-10488,Network Quality / Data Speed Slow,Negative,False,136
CUST-10488,Plan Upgrade Request,Neutral,True,75
CUST-10488,Billing Discrepancy / High Charges,Negative,True,57
CUST-10488,Billing Discrepancy / High Charges,Negative,True,268
CUST-10488,Network Quality / Data Speed Slow,Negative,False,133
CUST-10489,Billing Discrepancy / High Charges,Negative,True,35
CUST-10489,Service Disconnection Query,Negative,True,235
CUST-10489,Competitor Offer Inquiry,Negative,True,531
CUST-10489,Billing Discrepancy / High Charges,Negative,False,360
CUST-10489,Network Quality / Data Speed Slow,Negative,True,91
CUST-10490,Billing Discrepancy / High Charges,Negative,True,156
CUST-10491,Network Quality / Data Speed Slow,Negative,False,40
CUST-10491,Billing Discrepancy / High Charges,Negative,True,265
CUST-10493,SIM / Network Activation Issue,Negative,False,124
CUST-10493,Network Quality / Data Speed Slow,Negative,False,78
CUST-10493,Network Quality / Data Speed Slow,Negative,True,34
CUST-10493,Billing Discrepancy / High Charges,Negative,True,66
CUST-10493,Service Disconnection Query,Negative,True,474
CUST-10494,Billing Discrepancy / High Charges,Negative,True,623
CUST-10494,Network Quality / Data Speed Slow,Negative,True,90
CUST-10494,Service Disconnection Query,Negative,True,55
CUST-10494,Network Quality / Data Speed Slow,Negative,False,78
CUST-10494,Network Quality / Data Speed Slow,Negative,True,322
CUST-10494,Network Quality / Data Speed Slow,Negative,True,353
CUST-10494,Network Quality / Data Speed Slow,Negative,False,588
CUST-10495,Service Disconnection Query,Negative,True,99
CUST-10495,Network Quality / Data Speed Slow,Negative,False,797
CUST-10495,Network Quality / Data Speed Slow,Negative,False,361
CUST-10495,Network Quality / Data Speed Slow,Negative,True,32
CUST-10495,Billing Discrepancy / High Charges,Negative,False,449
CUST-10495,Network Quality / Data Speed Slow,Negative,True,124
CUST-10496,Service Disconnection Query,Negative,False,159
CUST-10496,Billing Discrepancy / High Charges,Negative,True,146
CUST-10496,Competitor Offer Inquiry,Positive,True,93
CUST-10497,Billing Discrepancy / High Charges,Negative,True,185
CUST-10497,SIM / Network Activation Issue,Negative,True,176
CUST-10498,SIM / Network Activation Issue,Negative,True,335
CUST-10499,Network Quality / Data Speed Slow,Negative,True,60
CUST-10499,Competitor Offer Inquiry,Neutral,False,322
CUST-10499,Competitor Offer Inquiry,Negative,True,73
CUST-10499,Billing Discrepancy / High Charges,Negative,True,131
CUST-10499,Billing Discrepancy / High Charges,Negative,True,121
CUST-10500,Network Quality / Data Speed Slow,Negative,True,196
CUST-10500,Billing Discrepancy / High Charges,Negative,False,61
CUST-10501,Network Quality / Data Speed Slow,Negative,True,169
CUST-10501,Billing Discrepancy / High Charges,Negative,True,307
CUST-10501,Network Quality / Data Speed Slow,Negative,False,52
CUST-10501,Service Disconnection Query,Negative,True,390
CUST-10501,Network Quality / Data Speed Slow,Negative,True,103
CUST-10501,Competitor Offer Inquiry,Negative,False,48
CUST-10501,Service Disconnection Query,Negative,False,83
CUST-10502,Competitor Offer Inquiry,Negative,True,54
CUST-10503,Network Quality / Data Speed Slow,Negative,True,158
CUST-10504,Network Quality / Data Speed Slow,Negative,True,62
CUST-10504,Network Quality / Data Speed Slow,Negative,True,426
CUST-10504,Network Quality / Data Speed Slow,Negative,False,107
CUST-10504,Billing Discrepancy / High Charges,Negative,True,244
CUST-10505,Service Disconnection Query,Negative,True,79
CUST-10505,Plan Upgrade Request,Positive,True,206
CUST-10505,Network Quality / Data Speed Slow,Negative,False,115
CUST-10505,Billing Discrepancy / High Charges,Negative,True,37
CUST-10506,Service Disconnection Query,Negative,True,178
CUST-10506,Billing Discrepancy / High Charges,Negative,True,137
CUST-10507,Network Quality / Data Speed Slow,Negative,False,808
CUST-10507,SIM / Network Activation Issue,Neutral,False,261
CUST-10507,Billing Discrepancy / High Charges,Negative,True,82
CUST-10507,Billing Discrepancy / High Charges,Negative,True,104
CUST-10508,Plan Upgrade Request,Negative,False,122
CUST-10508,Service Disconnection Query,Negative,True,406
CUST-10508,Network Quality / Data Speed Slow,Negative,True,322
CUST-10509,Plan Upgrade Request,Negative,True,189
CUST-10509,Billing Discrepancy / High Charges,Negative,False,130
CUST-10509,Plan Upgrade Request,Positive,False,266
CUST-10510,SIM / Network Activation Issue,Negative,False,116
CUST-10510,Network Quality / Data Speed Slow,Negative,False,205
CUST-10510,Competitor Offer Inquiry,Positive,True,55
CUST-10511,Service Disconnection Query,Negative,False,155
CUST-10512,Network Quality / Data Speed Slow,Negative,True,189
CUST-10512,Billing Discrepancy / High Charges,Negative,False,95
CUST-10512,Billing Discrepancy / High Charges,Negative,True,199
CUST-10512,Billing Discrepancy / High Charges,Negative,False,214
CUST-10512,Billing Discrepancy / High Charges,Negative,True,454
CUST-10513,Network Quality / Data Speed Slow,Negative,True,547
CUST-10513,Plan Upgrade Request,Positive,True,296
CUST-10513,Network Quality / Data Speed Slow,Negative,False,158
CUST-10513,Network Quality / Data Speed Slow,Negative,True,33
CUST-10514,Plan Upgrade Request,Negative,True,188
CUST-10514,Service Disconnection Query,Negative,True,132
CUST-10514,Billing Discrepancy / High Charges,Negative,True,151
CUST-10514,Network Quality / Data Speed Slow,Negative,True,541
CUST-10514,Network Quality / Data Speed Slow,Negative,True,300
CUST-10515,Network Quality / Data Speed Slow,Negative,True,139
CUST-10515,Competitor Offer Inquiry,Positive,True,605
CUST-10515,Plan Upgrade Request,Neutral,False,35
CUST-10515,Network Quality / Data Speed Slow,Negative,True,43
CUST-10515,Competitor Offer Inquiry,Neutral,False,93
CUST-10516,Network Quality / Data Speed Slow,Negative,True,176
CUST-10516,Competitor Offer Inquiry,Positive,True,48
CUST-10516,Network Quality / Data Speed Slow,Negative,True,525
CUST-10516,Competitor Offer Inquiry,Neutral,False,37
CUST-10517,Network Quality / Data Speed Slow,Negative,False,353
CUST-10517,Network Quality / Data Speed Slow,Negative,False,242
CUST-10517,Network Quality / Data Speed Slow,Negative,True,93
CUST-10518,Network Quality / Data Speed Slow,Negative,True,186
CUST-10519,Service Disconnection Query,Negative,True,106
CUST-10520,Billing Discrepancy / High Charges,Negative,False,280
CUST-10520,Network Quality / Data Speed Slow,Negative,True,118
CUST-10521,Service Disconnection Query,Negative,True,83
CUST-10521,Billing Discrepancy / High Charges,Negative,False,183
CUST-10521,Competitor Offer Inquiry,Positive,True,155
CUST-10522,Network Quality / Data Speed Slow,Negative,True,1084
CUST-10522,Network Quality / Data Speed Slow,Negative,False,79
CUST-10524,Competitor Offer Inquiry,Negative,True,265
CUST-10524,Billing Discrepancy / High Charges,Negative,True,188
CUST-10525,Network Quality / Data Speed Slow,Negative,True,401
CUST-10525,Network Quality / Data Speed Slow,Negative,True,197
CUST-10525,Network Quality / Data Speed Slow,Negative,True,123
CUST-10525,Network Quality / Data Speed Slow,Negative,True,441
CUST-10526,Network Quality / Data Speed Slow,Negative,True,673
CUST-10526,Service Disconnection Query,Negative,True,157
CUST-10526,Service Disconnection Query,Negative,False,287
CUST-10526,Billing Discrepancy / High Charges,Negative,True,142
CUST-10526,Plan Upgrade Request,Neutral,True,352
CUST-10526,Network Quality / Data Speed Slow,Negative,True,87
CUST-10527,Competitor Offer Inquiry,Neutral,True,66
CUST-10528,Billing Discrepancy / High Charges,Negative,True,138
CUST-10528,Competitor Offer Inquiry,Negative,True,114
CUST-10528,SIM / Network Activation Issue,Negative,True,190
CUST-10528,Network Quality / Data Speed Slow,Negative,True,163
CUST-10529,Plan Upgrade Request,Positive,True,123
CUST-10529,Network Quality / Data Speed Slow,Negative,True,558
CUST-10529,Service Disconnection Query,Negative,True,122
CUST-10529,Network Quality / Data Speed Slow,Negative,True,167
CUST-10529,Service Disconnection Query,Negative,False,101
CUST-10529,Network Quality / Data Speed Slow,Negative,True,133
CUST-10529,Network Quality / Data Speed Slow,Negative,False,1006
CUST-10529,Competitor Offer Inquiry,Neutral,True,170
CUST-10530,Network Quality / Data Speed Slow,Negative,True,164
CUST-10530,Network Quality / Data Speed Slow,Negative,False,97
CUST-10530,Competitor Offer Inquiry,Negative,True,50
CUST-10530,Network Quality / Data Speed Slow,Negative,True,48
CUST-10530,Network Quality / Data Speed Slow,Negative,True,155
CUST-10530,Network Quality / Data Speed Slow,Negative,False,127
CUST-10530,Network Quality / Data Speed Slow,Negative,False,109
CUST-10531,Network Quality / Data Speed Slow,Negative,False,182
CUST-10531,Billing Discrepancy / High Charges,Negative,False,526
CUST-10531,Network Quality / Data Speed Slow,Negative,False,350
CUST-10532,Network Quality / Data Speed Slow,Negative,False,41
CUST-10532,Billing Discrepancy / High Charges,Negative,False,112
CUST-10532,SIM / Network Activation Issue,Negative,False,98
CUST-10532,Network Quality / Data Speed Slow,Negative,False,75
CUST-10533,Billing Discrepancy / High Charges,Negative,False,73
CUST-10533,Network Quality / Data Speed Slow,Negative,True,87
CUST-10534,Billing Discrepancy / High Charges,Negative,True,72
CUST-10534,Service Disconnection Query,Negative,True,212
CUST-10534,Network Quality / Data Speed Slow,Negative,False,1929
CUST-10534,Billing Discrepancy / High Charges,Negative,False,51
CUST-10534,Billing Discrepancy / High Charges,Negative,False,353
CUST-10534,Billing Discrepancy / High Charges,Negative,False,57
CUST-10534,Plan Upgrade Request,Positive,True,44
CUST-10535,Plan Upgrade Request,Neutral,False,70
CUST-10535,Plan Upgrade Request,Negative,True,377
CUST-10535,Competitor Offer Inquiry,Neutral,False,183
CUST-10536,Network Quality / Data Speed Slow,Negative,True,325
CUST-10536,Network Quality / Data Speed Slow,Negative,False,78
CUST-10536,Network Quality / Data Speed Slow,Negative,True,356
CUST-10536,Billing Discrepancy / High Charges,Negative,False,166
CUST-10536,Billing Discrepancy / High Charges,Negative,False,129
CUST-10536,Service Disconnection Query,Negative,True,212
CUST-10537,Service Disconnection Query,Negative,False,75
CUST-10538,Plan Upgrade Request,Negative,False,568
CUST-10538,Competitor Offer Inquiry,Negative,False,279
CUST-10538,Billing Discrepancy / High Charges,Negative,False,45
CUST-10539,Plan Upgrade Request,Negative,True,67
CUST-10540,Network Quality / Data Speed Slow,Negative,True,90
CUST-10541,Plan Upgrade Request,Positive,False,44
CUST-10541,Billing Discrepancy / High Charges,Negative,True,199
CUST-10541,Plan Upgrade Request,Neutral,True,556
CUST-10541,Network Quality / Data Speed Slow,Negative,False,630
CUST-10541,Billing Discrepancy / High Charges,Negative,True,112
CUST-10542,Billing Discrepancy / High Charges,Negative,True,59
CUST-10542,Billing Discrepancy / High Charges,Negative,False,66
CUST-10543,Service Disconnection Query,Negative,False,40
CUST-10543,Network Quality / Data Speed Slow,Negative,True,242
CUST-10543,Network Quality / Data Speed Slow,Negative,False,227
CUST-10543,Service Disconnection Query,Negative,True,184
CUST-10543,Network Quality / Data Speed Slow,Negative,True,100
CUST-10544,Service Disconnection Query,Negative,False,105
CUST-10544,Billing Discrepancy / High Charges,Negative,True,232
CUST-10544,Billing Discrepancy / High Charges,Negative,True,181
CUST-10544,Plan Upgrade Request,Positive,True,43
CUST-10544,Plan Upgrade Request,Positive,True,417
CUST-10545,SIM / Network Activation Issue,Positive,True,352
CUST-10545,Network Quality / Data Speed Slow,Negative,True,171
CUST-10546,Network Quality / Data Speed Slow,Negative,False,300
CUST-10546,Service Disconnection Query,Negative,False,74
CUST-10546,Service Disconnection Query,Negative,True,227
CUST-10547,Network Quality / Data Speed Slow,Negative,False,674
CUST-10547,Network Quality / Data Speed Slow,Negative,True,53
CUST-10547,Billing Discrepancy / High Charges,Negative,True,326
CUST-10547,Billing Discrepancy / High Charges,Negative,True,257
CUST-10547,Billing Discrepancy / High Charges,Negative,True,284
CUST-10547,Service Disconnection Query,Negative,True,57
CUST-10548,Network Quality / Data Speed Slow,Negative,True,92
CUST-10548,Plan Upgrade Request,Neutral,True,107
CUST-10548,Plan Upgrade Request,Negative,True,204
CUST-10548,SIM / Network Activation Issue,Neutral,False,132
CUST-10549,Service Disconnection Query,Negative,True,115
CUST-10549,Billing Discrepancy / High Charges,Negative,False,165
CUST-10549,Billing Discrepancy / High Charges,Negative,False,97
CUST-10549,Network Quality / Data Speed Slow,Negative,True,61
CUST-10549,Competitor Offer Inquiry,Negative,False,73
CUST-10550,Competitor Offer Inquiry,Positive,True,403
CUST-10550,Network Quality / Data Speed Slow,Negative,False,96
CUST-10550,Billing Discrepancy / High Charges,Negative,True,783
CUST-10551,Network Quality / Data Speed Slow,Negative,True,204
CUST-10551,Plan Upgrade Request,Negative,False,76
CUST-10551,SIM / Network Activation Issue,Neutral,False,368
CUST-10552,Plan Upgrade Request,Positive,True,210
CUST-10552,Billing Discrepancy / High Charges,Negative,True,256
CUST-10552,Network Quality / Data Speed Slow,Negative,False,131
CUST-10552,Network Quality / Data Speed Slow,Negative,False,100
CUST-10553,Network Quality / Data Speed Slow,Negative,False,54
CUST-10553,Network Quality / Data Speed Slow,Negative,True,191
CUST-10553,Billing Discrepancy / High Charges,Negative,False,61
CUST-10553,Network Quality / Data Speed Slow,Negative,True,74
CUST-10553,Billing Discrepancy / High Charges,Negative,True,684
CUST-10554,Network Quality / Data Speed Slow,Negative,True,120
CUST-10555,Service Disconnection Query,Negative,False,457
CUST-10555,Billing Discrepancy / High Charges,Negative,True,137
CUST-10555,Network Quality / Data Speed Slow,Negative,False,73
CUST-10556,Plan Upgrade Request,Positive,True,225
CUST-10556,Billing Discrepancy / High Charges,Negative,False,49
CUST-10556,Network Quality / Data Speed Slow,Negative,False,112
CUST-10557,Network Quality / Data Speed Slow,Negative,True,220
CUST-10557,Network Quality / Data Speed Slow,Negative,True,328
CUST-10558,Billing Discrepancy / High Charges,Negative,True,89
CUST-10558,Plan Upgrade Request,Positive,True,252
CUST-10558,Network Quality / Data Speed Slow,Negative,True,193
CUST-10559,Network Quality / Data Speed Slow,Negative,True,566
CUST-10559,Billing Discrepancy / High Charges,Negative,True,201
CUST-10559,SIM / Network Activation Issue,Neutral,False,79
CUST-10560,Network Quality / Data Speed Slow,Negative,False,708
CUST-10560,Network Quality / Data Speed Slow,Negative,True,165
CUST-10560,Network Quality / Data Speed Slow,Negative,False,214
CUST-10560,Service Disconnection Query,Negative,True,108
CUST-10560,Billing Discrepancy / High Charges,Negative,True,255
CUST-10561,Network Quality / Data Speed Slow,Negative,True,435
CUST-10561,Service Disconnection Query,Negative,True,422
CUST-10561,Billing Discrepancy / High Charges,Negative,False,92
CUST-10561,Billing Discrepancy / High Charges,Negative,False,102
CUST-10562,Network Quality / Data Speed Slow,Negative,True,42
CUST-10562,Service Disconnection Query,Negative,True,90
CUST-10563,SIM / Network Activation Issue,Positive,False,126
CUST-10563,Plan Upgrade Request,Neutral,True,196
CUST-10563,Service Disconnection Query,Negative,False,296
CUST-10564,Competitor Offer Inquiry,Positive,True,95
CUST-10564,Billing Discrepancy / High Charges,Negative,False,635
CUST-10564,Service Disconnection Query,Negative,False,147
CUST-10564,Billing Discrepancy / High Charges,Negative,True,110
CUST-10565,Service Disconnection Query,Negative,True,141
CUST-10565,Network Quality / Data Speed Slow,Negative,True,41
CUST-10565,Plan Upgrade Request,Neutral,True,358
CUST-10565,Network Quality / Data Speed Slow,Negative,True,182
CUST-10565,Billing Discrepancy / High Charges,Negative,True,610
CUST-10566,Billing Discrepancy / High Charges,Negative,False,66
CUST-10566,Service Disconnection Query,Negative,True,232
CUST-10567,Billing Discrepancy / High Charges,Negative,True,34
CUST-10568,Competitor Offer Inquiry,Neutral,False,220
CUST-10568,Network Quality / Data Speed Slow,Negative,True,65
CUST-10569,Billing Discrepancy / High Charges,Negative,True,405
CUST-10569,Plan Upgrade Request,Negative,False,194
CUST-10569,Plan Upgrade Request,Neutral,True,259
CUST-10569,Service Disconnection Query,Negative,True,310
CUST-10569,Billing Discrepancy / High Charges,Negative,False,34
CUST-10569,Network Quality / Data Speed Slow,Negative,False,206
CUST-10570,Billing Discrepancy / High Charges,Negative,False,509
CUST-10570,Plan Upgrade Request,Positive,True,593
CUST-10570,Network Quality / Data Speed Slow,Negative,False,210
CUST-10570,Service Disconnection Query,Negative,True,44
CUST-10570,Network Quality / Data Speed Slow,Negative,True,196
CUST-10570,Competitor Offer Inquiry,Negative,True,72
CUST-10571,Network Quality / Data Speed Slow,Negative,False,334
CUST-10571,Competitor Offer Inquiry,Negative,True,49
CUST-10572,Billing Discrepancy / High Charges,Negative,True,155
CUST-10572,Service Disconnection Query,Negative,True,198
CUST-10573,Network Quality / Data Speed Slow,Negative,False,117
CUST-10573,Competitor Offer Inquiry,Positive,True,45
CUST-10573,Network Quality / Data Speed Slow,Negative,True,164
CUST-10574,Plan Upgrade Request,Neutral,False,64
CUST-10574,Network Quality / Data Speed Slow,Negative,True,234
CUST-10575,SIM / Network Activation Issue,Positive,True,211
CUST-10575,Network Quality / Data Speed Slow,Negative,True,167
CUST-10575,Network Quality / Data Speed Slow,Negative,True,286
CUST-10575,Network Quality / Data Speed Slow,Negative,True,271
CUST-10575,Service Disconnection Query,Negative,True,400
CUST-10575,Plan Upgrade Request,Negative,False,191
CUST-10577,Competitor Offer Inquiry,Neutral,False,114
CUST-10578,Billing Discrepancy / High Charges,Negative,False,384
CUST-10578,Billing Discrepancy / High Charges,Negative,True,694
CUST-10578,Network Quality / Data Speed Slow,Negative,True,211
CUST-10578,Network Quality / Data Speed Slow,Negative,True,40
CUST-10579,SIM / Network Activation Issue,Negative,True,65
CUST-10579,Network Quality / Data Speed Slow,Negative,False,405
CUST-10580,Service Disconnection Query,Negative,True,180
CUST-10580,Network Quality / Data Speed Slow,Negative,True,325
CUST-10581,Billing Discrepancy / High Charges,Negative,True,133
CUST-10582,Network Quality / Data Speed Slow,Negative,True,150
CUST-10582,Network Quality / Data Speed Slow,Negative,False,178
CUST-10582,Service Disconnection Query,Negative,False,224
CUST-10583,Billing Discrepancy / High Charges,Negative,True,201
CUST-10583,Billing Discrepancy / High Charges,Negative,True,135
CUST-10583,Service Disconnection Query,Negative,False,114
CUST-10584,Billing Discrepancy / High Charges,Negative,False,103
CUST-10584,Network Quality / Data Speed Slow,Negative,True,442
CUST-10584,Network Quality / Data Speed Slow,Negative,True,142
CUST-10584,Service Disconnection Query,Negative,False,129
CUST-10584,Competitor Offer Inquiry,Negative,False,81
CUST-10584,Network Quality / Data Speed Slow,Negative,True,88
CUST-10585,Service Disconnection Query,Negative,False,261
CUST-10585,Plan Upgrade Request,Negative,True,356
CUST-10585,SIM / Network Activation Issue,Neutral,True,107
CUST-10585,Plan Upgrade Request,Negative,False,109
CUST-10585,Service Disconnection Query,Negative,True,100
CUST-10585,Network Quality / Data Speed Slow,Negative,True,309
CUST-10586,Service Disconnection Query,Negative,True,151
CUST-10586,Network Quality / Data Speed Slow,Negative,False,85
CUST-10587,SIM / Network Activation Issue,Neutral,True,61
CUST-10587,Network Quality / Data Speed Slow,Negative,True,143
CUST-10587,Network Quality / Data Speed Slow,Negative,False,127
CUST-10587,Network Quality / Data Speed Slow,Negative,False,469
CUST-10587,Network Quality / Data Speed Slow,Negative,False,220
CUST-10587,Competitor Offer Inquiry,Positive,False,733
CUST-10588,Network Quality / Data Speed Slow,Negative,False,163
CUST-10589,Plan Upgrade Request,Positive,True,55
CUST-10590,Network Quality / Data Speed Slow,Negative,True,116
CUST-10590,Billing Discrepancy / High Charges,Negative,True,142
CUST-10590,Service Disconnection Query,Negative,True,58
CUST-10590,Billing Discrepancy / High Charges,Negative,True,178
CUST-10591,Competitor Offer Inquiry,Positive,False,100
CUST-10591,Plan Upgrade Request,Positive,True,420
CUST-10591,SIM / Network Activation Issue,Negative,True,121
CUST-10591,Network Quality / Data Speed Slow,Negative,True,197
CUST-10591,Network Quality / Data Speed Slow,Negative,True,439
CUST-10591,Billing Discrepancy / High Charges,Negative,True,39
CUST-10591,Network Quality / Data Speed Slow,Negative,True,228
CUST-10592,Plan Upgrade Request,Negative,True,347
CUST-10593,Network Quality / Data Speed Slow,Negative,False,88
CUST-10594,Billing Discrepancy / High Charges,Negative,True,49
CUST-10594,Competitor Offer Inquiry,Positive,False,237
CUST-10595,Service Disconnection Query,Negative,True,108
CUST-10595,Network Quality / Data Speed Slow,Negative,True,92
CUST-10595,Plan Upgrade Request,Negative,True,138
CUST-10595,Service Disconnection Query,Negative,True,69
CUST-10595,Billing Discrepancy / High Charges,Negative,False,129
CUST-10596,Network Quality / Data Speed Slow,Negative,True,139
CUST-10596,Network Quality / Data Speed Slow,Negative,False,292
CUST-10596,Plan Upgrade Request,Positive,True,107
CUST-10597,Billing Discrepancy / High Charges,Negative,False,51
CUST-10597,Service Disconnection Query,Negative,True,135
CUST-10598,Billing Discrepancy / High Charges,Negative,False,183
CUST-10598,Network Quality / Data Speed Slow,Negative,True,120
CUST-10598,Billing Discrepancy / High Charges,Negative,True,155
CUST-10598,Network Quality / Data Speed Slow,Negative,False,192
CUST-10599,Network Quality / Data Speed Slow,Negative,False,202
CUST-10599,Network Quality / Data Speed Slow,Negative,True,210
CUST-10599,Billing Discrepancy / High Charges,Negative,False,36
CUST-10599,Network Quality / Data Speed Slow,Negative,False,632
CUST-10599,Network Quality / Data Speed Slow,Negative,False,75
CUST-10600,Service Disconnection Query,Negative,False,49
CUST-10600,Network Quality / Data Speed Slow,Negative,True,38
CUST-10600,Network Quality / Data Speed Slow,Negative,False,93
CUST-10600,Billing Discrepancy / High Charges,Negative,False,152
CUST-10601,Billing Discrepancy / High Charges,Negative,True,181
CUST-10601,Network Quality / Data Speed Slow,Negative,False,83
CUST-10601,Plan Upgrade Request,Neutral,False,104
CUST-10601,Competitor Offer Inquiry,Negative,True,46
CUST-10602,Billing Discrepancy / High Charges,Negative,True,527
CUST-10603,Network Quality / Data Speed Slow,Negative,True,304
CUST-10603,Network Quality / Data Speed Slow,Negative,False,383
CUST-10603,Service Disconnection Query,Negative,True,87
CUST-10603,Network Quality / Data Speed Slow,Negative,True,36
CUST-10603,SIM / Network Activation Issue,Neutral,True,110
CUST-10604,Billing Discrepancy / High Charges,Negative,True,174
CUST-10604,Network Quality / Data Speed Slow,Negative,False,376
CUST-10604,Network Quality / Data Speed Slow,Negative,True,218
CUST-10605,Billing Discrepancy / High Charges,Negative,True,215
CUST-10605,Network Quality / Data Speed Slow,Negative,True,166
CUST-10606,Network Quality / Data Speed Slow,Negative,True,221
CUST-10606,Service Disconnection Query,Negative,True,869
CUST-10607,Plan Upgrade Request,Neutral,False,801
CUST-10607,Network Quality / Data Speed Slow,Negative,True,276
CUST-10607,Billing Discrepancy / High Charges,Negative,True,75
CUST-10607,Billing Discrepancy / High Charges,Negative,True,106
CUST-10609,Billing Discrepancy / High Charges,Negative,True,536
CUST-10609,Competitor Offer Inquiry,Neutral,False,85
CUST-10609,Service Disconnection Query,Negative,True,276
CUST-10609,Network Quality / Data Speed Slow,Negative,False,45
CUST-10609,Network Quality / Data Speed Slow,Negative,False,277
CUST-10611,Billing Discrepancy / High Charges,Negative,False,66
CUST-10611,Plan Upgrade Request,Positive,False,160
CUST-10611,Competitor Offer Inquiry,Positive,True,137
CUST-10611,Billing Discrepancy / High Charges,Negative,True,362
CUST-10611,Billing Discrepancy / High Charges,Negative,True,33
CUST-10611,Network Quality / Data Speed Slow,Negative,True,410
CUST-10612,Billing Discrepancy / High Charges,Negative,True,52
CUST-10612,SIM / Network Activation Issue,Neutral,False,55
CUST-10612,SIM / Network Activation Issue,Positive,False,432
CUST-10612,Network Quality / Data Speed Slow,Negative,False,173
CUST-10613,Billing Discrepancy / High Charges,Negative,True,274
CUST-10614,Competitor Offer Inquiry,Negative,False,221
CUST-10615,Plan Upgrade Request,Neutral,True,139
CUST-10616,Billing Discrepancy / High Charges,Negative,True,125
CUST-10617,Billing Discrepancy / High Charges,Negative,True,158
CUST-10617,Competitor Offer Inquiry,Negative,True,455
CUST-10618,Competitor Offer Inquiry,Negative,False,87
CUST-10618,Billing Discrepancy / High Charges,Negative,True,107
CUST-10618,Network Quality / Data Speed Slow,Negative,False,178
CUST-10619,Billing Discrepancy / High Charges,Negative,True,333
CUST-10619,Network Quality / Data Speed Slow,Negative,True,223
CUST-10619,Competitor Offer Inquiry,Neutral,True,168
CUST-10619,SIM / Network Activation Issue,Positive,True,121
CUST-10619,Network Quality / Data Speed Slow,Negative,False,304
CUST-10619,Network Quality / Data Speed Slow,Negative,False,31
CUST-10620,Billing Discrepancy / High Charges,Negative,True,205
CUST-10620,Network Quality / Data Speed Slow,Negative,True,139
CUST-10620,Network Quality / Data Speed Slow,Negative,False,64
CUST-10620,Billing Discrepancy / High Charges,Negative,True,174
CUST-10620,Service Disconnection Query,Negative,True,34
CUST-10620,Service Disconnection Query,Negative,True,214
CUST-10621,Service Disconnection Query,Negative,True,137
CUST-10621,Network Quality / Data Speed Slow,Negative,False,248
CUST-10621,Network Quality / Data Speed Slow,Negative,True,243
CUST-10621,Billing Discrepancy / High Charges,Negative,True,161
CUST-10621,Service Disconnection Query,Negative,True,53
CUST-10621,Service Disconnection Query,Negative,True,159
CUST-10622,Plan Upgrade Request,Neutral,True,105
CUST-10623,Billing Discrepancy / High Charges,Negative,False,358
CUST-10623,Service Disconnection Query,Negative,True,259
CUST-10623,Network Quality / Data Speed Slow,Negative,True,172
CUST-10623,Plan Upgrade Request,Positive,True,59
CUST-10623,Competitor Offer Inquiry,Positive,True,62
CUST-10624,Network Quality / Data Speed Slow,Negative,True,146
CUST-10624,Billing Discrepancy / High Charges,Negative,True,50
CUST-10625,Billing Discrepancy / High Charges,Negative,False,265
CUST-10625,Service Disconnection Query,Negative,True,251
CUST-10626,Billing Discrepancy / High Charges,Negative,True,127
CUST-10626,Network Quality / Data Speed Slow,Negative,True,34
CUST-10627,Network Quality / Data Speed Slow,Negative,True,246
CUST-10627,Billing Discrepancy / High Charges,Negative,False,64
CUST-10627,Network Quality / Data Speed Slow,Negative,False,135
CUST-10627,Service Disconnection Query,Negative,True,144
CUST-10627,Network Quality / Data Speed Slow,Negative,False,44
CUST-10628,Network Quality / Data Speed Slow,Negative,False,157
CUST-10628,SIM / Network Activation Issue,Neutral,False,332
CUST-10628,Plan Upgrade Request,Positive,False,125
CUST-10628,Billing Discrepancy / High Charges,Negative,False,149
CUST-10628,Service Disconnection Query,Negative,False,225
CUST-10629,SIM / Network Activation Issue,Negative,True,436
CUST-10629,Billing Discrepancy / High Charges,Negative,True,108
CUST-10629,Network Quality / Data Speed Slow,Negative,True,58
CUST-10630,Service Disconnection Query,Negative,True,194
CUST-10630,Network Quality / Data Speed Slow,Negative,False,139
CUST-10630,Service Disconnection Query,Negative,False,255
CUST-10631,Service Disconnection Query,Negative,True,234
CUST-10631,Network Quality / Data Speed Slow,Negative,False,595
CUST-10631,Competitor Offer Inquiry,Positive,True,89
CUST-10631,Service Disconnection Query,Negative,True,529
CUST-10631,Billing Discrepancy / High Charges,Negative,True,832
CUST-10632,Billing Discrepancy / High Charges,Negative,False,474
CUST-10632,Competitor Offer Inquiry,Positive,True,152
CUST-10632,Competitor Offer Inquiry,Positive,False,110
CUST-10633,Network Quality / Data Speed Slow,Negative,False,112
CUST-10633,Plan Upgrade Request,Negative,True,641
CUST-10633,Network Quality / Data Speed Slow,Negative,False,105
CUST-10633,Service Disconnection Query,Negative,False,107
CUST-10633,Network Quality / Data Speed Slow,Negative,True,285
CUST-10633,Network Quality / Data Speed Slow,Negative,True,71
CUST-10634,Billing Discrepancy / High Charges,Negative,True,379
CUST-10634,SIM / Network Activation Issue,Positive,False,214
CUST-10635,Service Disconnection Query,Negative,True,158
CUST-10635,Plan Upgrade Request,Neutral,True,261
CUST-10635,Network Quality / Data Speed Slow,Negative,True,232
CUST-10635,Billing Discrepancy / High Charges,Negative,True,399
CUST-10636,Competitor Offer Inquiry,Negative,True,184
CUST-10636,Billing Discrepancy / High Charges,Negative,True,319
CUST-10637,Network Quality / Data Speed Slow,Negative,False,438
CUST-10637,Plan Upgrade Request,Positive,False,164
CUST-10637,Competitor Offer Inquiry,Positive,True,346
CUST-10637,Network Quality / Data Speed Slow,Negative,False,100
CUST-10637,Network Quality / Data Speed Slow,Negative,True,124
CUST-10637,Service Disconnection Query,Negative,True,331
CUST-10638,Competitor Offer Inquiry,Neutral,False,118
CUST-10638,Plan Upgrade Request,Positive,True,442
CUST-10638,Network Quality / Data Speed Slow,Negative,False,51
CUST-10639,Network Quality / Data Speed Slow,Negative,True,319
CUST-10639,Billing Discrepancy / High Charges,Negative,True,238
CUST-10640,Competitor Offer Inquiry,Neutral,True,162
CUST-10640,Competitor Offer Inquiry,Positive,False,172
CUST-10641,Network Quality / Data Speed Slow,Negative,True,223
CUST-10641,Billing Discrepancy / High Charges,Negative,False,123
CUST-10641,Billing Discrepancy / High Charges,Negative,True,59
CUST-10642,Plan Upgrade Request,Positive,True,187
CUST-10642,Billing Discrepancy / High Charges,Negative,True,282
CUST-10642,Competitor Offer Inquiry,Negative,False,471
CUST-10642,Plan Upgrade Request,Neutral,False,103
CUST-10642,Network Quality / Data Speed Slow,Negative,True,138
CUST-10643,Service Disconnection Query,Negative,True,310
CUST-10643,Network Quality / Data Speed Slow,Negative,True,160
CUST-10643,Billing Discrepancy / High Charges,Negative,False,190
CUST-10643,Network Quality / Data Speed Slow,Negative,False,97
CUST-10644,Network Quality / Data Speed Slow,Negative,True,469
CUST-10644,Service Disconnection Query,Negative,False,263
CUST-10644,Plan Upgrade Request,Negative,True,195
CUST-10646,Billing Discrepancy / High Charges,Negative,True,54
CUST-10646,Billing Discrepancy / High Charges,Negative,True,402
CUST-10646,Service Disconnection Query,Negative,False,32
CUST-10646,Network Quality / Data Speed Slow,Negative,True,964
CUST-10646,Network Quality / Data Speed Slow,Negative,True,55
CUST-10647,Plan Upgrade Request,Neutral,False,162
CUST-10647,Network Quality / Data Speed Slow,Negative,False,173
CUST-10647,Service Disconnection Query,Negative,True,84
CUST-10647,Competitor Offer Inquiry,Negative,False,118
CUST-10647,Network Quality / Data Speed Slow,Negative,False,73
CUST-10648,Competitor Offer Inquiry,Positive,False,30
CUST-10649,Plan Upgrade Request,Negative,True,892
CUST-10649,Network Quality / Data Speed Slow,Negative,True,39
CUST-10649,Competitor Offer Inquiry,Neutral,False,239
CUST-10649,SIM / Network Activation Issue,Positive,True,65
CUST-10650,Billing Discrepancy / High Charges,Negative,True,161
CUST-10651,Service Disconnection Query,Negative,False,66
CUST-10651,Service Disconnection Query,Negative,True,185
CUST-10651,Plan Upgrade Request,Positive,True,74
CUST-10652,Plan Upgrade Request,Positive,True,153
CUST-10652,Billing Discrepancy / High Charges,Negative,True,353
CUST-10652,Billing Discrepancy / High Charges,Negative,True,140
CUST-10652,Network Quality / Data Speed Slow,Negative,False,182
CUST-10652,Network Quality / Data Speed Slow,Negative,False,92
CUST-10653,Billing Discrepancy / High Charges,Negative,False,159
CUST-10653,Competitor Offer Inquiry,Neutral,False,113
CUST-10653,Billing Discrepancy / High Charges,Negative,False,450
CUST-10654,Competitor Offer Inquiry,Positive,True,568
CUST-10654,Network Quality / Data Speed Slow,Negative,True,73
CUST-10655,SIM / Network Activation Issue,Positive,True,80
CUST-10655,Competitor Offer Inquiry,Negative,True,115
CUST-10655,Network Quality / Data Speed Slow,Negative,False,234
CUST-10655,Network Quality / Data Speed Slow,Negative,True,33
CUST-10656,Network Quality / Data Speed Slow,Negative,True,88
CUST-10656,Service Disconnection Query,Negative,True,98
CUST-10657,Competitor Offer Inquiry,Neutral,True,79
CUST-10657,Network Quality / Data Speed Slow,Negative,True,389
CUST-10657,Service Disconnection Query,Negative,False,139
CUST-10658,Billing Discrepancy / High Charges,Negative,True,43
CUST-10658,Network Quality / Data Speed Slow,Negative,True,40
CUST-10659,Network Quality / Data Speed Slow,Negative,True,112
CUST-10659,Billing Discrepancy / High Charges,Negative,True,76
CUST-10659,Network Quality / Data Speed Slow,Negative,True,101
CUST-10660,Network Quality / Data Speed Slow,Negative,False,117
CUST-10660,Network Quality / Data Speed Slow,Negative,True,76
CUST-10661,Network Quality / Data Speed Slow,Negative,False,354
CUST-10661,Network Quality / Data Speed Slow,Negative,False,83
CUST-10661,Network Quality / Data Speed Slow,Negative,False,55
CUST-10661,Billing Discrepancy / High Charges,Negative,False,175
CUST-10661,Competitor Offer Inquiry,Positive,True,704
CUST-10661,SIM / Network Activation Issue,Positive,False,1510
CUST-10662,Billing Discrepancy / High Charges,Negative,False,57
CUST-10662,Network Quality / Data Speed Slow,Negative,True,146
CUST-10662,Service Disconnection Query,Negative,True,456
CUST-10662,Billing Discrepancy / High Charges,Negative,True,308
CUST-10663,Network Quality / Data Speed Slow,Negative,False,80
CUST-10663,Network Quality / Data Speed Slow,Negative,True,447
CUST-10663,Billing Discrepancy / High Charges,Negative,False,299
CUST-10663,Network Quality / Data Speed Slow,Negative,False,127
CUST-10663,Network Quality / Data Speed Slow,Negative,True,80
CUST-10663,Network Quality / Data Speed Slow,Negative,True,65
CUST-10664,Plan Upgrade Request,Positive,False,202
CUST-10665,Billing Discrepancy / High Charges,Negative,True,272
CUST-10665,Billing Discrepancy / High Charges,Negative,True,57
CUST-10666,Billing Discrepancy / High Charges,Negative,True,79
CUST-10666,Plan Upgrade Request,Negative,True,483
CUST-10666,Billing Discrepancy / High Charges,Negative,False,119
CUST-10667,Competitor Offer Inquiry,Negative,False,139
CUST-10667,Billing Discrepancy / High Charges,Negative,True,303
CUST-10667,Network Quality / Data Speed Slow,Negative,False,227
CUST-10667,Network Quality / Data Speed Slow,Negative,True,39
CUST-10668,Billing Discrepancy / High Charges,Negative,True,34
CUST-10668,Billing Discrepancy / High Charges,Negative,False,486
CUST-10668,Plan Upgrade Request,Neutral,True,107
CUST-10668,Service Disconnection Query,Negative,False,240
CUST-10668,Network Quality / Data Speed Slow,Negative,False,73
CUST-10669,Plan Upgrade Request,Positive,True,342
CUST-10669,Competitor Offer Inquiry,Negative,True,240
CUST-10669,Network Quality / Data Speed Slow,Negative,False,341
CUST-10669,Billing Discrepancy / High Charges,Negative,False,124
CUST-10669,Network Quality / Data Speed Slow,Negative,False,123
CUST-10670,Competitor Offer Inquiry,Positive,False,80
CUST-10670,Plan Upgrade Request,Positive,True,141
CUST-10671,Service Disconnection Query,Negative,False,110
CUST-10671,Billing Discrepancy / High Charges,Negative,False,273
CUST-10671,Plan Upgrade Request,Positive,True,300
CUST-10671,Network Quality / Data Speed Slow,Negative,True,86
CUST-10672,Competitor Offer Inquiry,Positive,True,248
CUST-10674,SIM / Network Activation Issue,Positive,False,140
CUST-10675,Competitor Offer Inquiry,Negative,True,171
CUST-10675,Network Quality / Data Speed Slow,Negative,True,42
CUST-10675,Service Disconnection Query,Negative,False,256
CUST-10676,Plan Upgrade Request,Neutral,False,114
CUST-10676,Service Disconnection Query,Negative,True,49
CUST-10676,Plan Upgrade Request,Negative,True,237
CUST-10676,Plan Upgrade Request,Negative,False,292
CUST-10677,Billing Discrepancy / High Charges,Negative,True,297
CUST-10677,Network Quality / Data Speed Slow,Negative,True,209
CUST-10677,Network Quality / Data Speed Slow,Negative,False,210
CUST-10677,Competitor Offer Inquiry,Negative,True,60
CUST-10679,Network Quality / Data Speed Slow,Negative,False,221
CUST-10680,Competitor Offer Inquiry,Negative,True,101
CUST-10680,Network Quality / Data Speed Slow,Negative,False,62
CUST-10680,Service Disconnection Query,Negative,True,473
CUST-10680,Billing Discrepancy / High Charges,Negative,False,184
CUST-10681,Competitor Offer Inquiry,Positive,True,35
CUST-10681,Plan Upgrade Request,Positive,False,210
CUST-10681,Network Quality / Data Speed Slow,Negative,True,61
CUST-10682,Network Quality / Data Speed Slow,Negative,False,96
CUST-10682,Network Quality / Data Speed Slow,Negative,False,125
CUST-10682,Network Quality / Data Speed Slow,Negative,True,55
CUST-10682,Billing Discrepancy / High Charges,Negative,False,507
CUST-10682,Network Quality / Data Speed Slow,Negative,True,220
CUST-10683,Network Quality / Data Speed Slow,Negative,True,33
CUST-10683,Plan Upgrade Request,Negative,False,349
CUST-10683,Network Quality / Data Speed Slow,Negative,False,153
CUST-10685,Competitor Offer Inquiry,Positive,False,237
CUST-10686,Network Quality / Data Speed Slow,Negative,False,494
CUST-10686,Competitor Offer Inquiry,Positive,False,543
CUST-10686,Billing Discrepancy / High Charges,Negative,True,60
CUST-10688,Network Quality / Data Speed Slow,Negative,True,147
CUST-10688,Plan Upgrade Request,Neutral,False,91
CUST-10689,SIM / Network Activation Issue,Neutral,True,67
CUST-10689,Plan Upgrade Request,Negative,True,69
CUST-10689,Billing Discrepancy / High Charges,Negative,True,127
CUST-10689,Billing Discrepancy / High Charges,Negative,False,365
CUST-10690,Competitor Offer Inquiry,Positive,True,317
CUST-10690,Billing Discrepancy / High Charges,Negative,True,193
CUST-10690,Plan Upgrade Request,Negative,False,536
CUST-10690,Service Disconnection Query,Negative,False,39
CUST-10691,Service Disconnection Query,Negative,True,276
CUST-10691,Network Quality / Data Speed Slow,Negative,True,66
CUST-10692,Billing Discrepancy / High Charges,Negative,True,38
CUST-10692,Service Disconnection Query,Negative,False,308
CUST-10692,Service Disconnection Query,Negative,False,529
CUST-10692,Billing Discrepancy / High Charges,Negative,True,383
CUST-10692,Network Quality / Data Speed Slow,Negative,True,279
CUST-10692,Network Quality / Data Speed Slow,Negative,True,79
CUST-10692,Service Disconnection Query,Negative,False,40
CUST-10693,Network Quality / Data Speed Slow,Negative,True,231
CUST-10694,Billing Discrepancy / High Charges,Negative,True,60
CUST-10694,Billing Discrepancy / High Charges,Negative,True,200
CUST-10695,Network Quality / Data Speed Slow,Negative,False,115
CUST-10695,Network Quality / Data Speed Slow,Negative,True,231
CUST-10695,Billing Discrepancy / High Charges,Negative,False,79
CUST-10695,Network Quality / Data Speed Slow,Negative,True,105
CUST-10695,Network Quality / Data Speed Slow,Negative,True,136
CUST-10696,Plan Upgrade Request,Positive,False,201
CUST-10696,Billing Discrepancy / High Charges,Negative,True,209
CUST-10696,SIM / Network Activation Issue,Neutral,False,138
CUST-10696,Billing Discrepancy / High Charges,Negative,False,107
CUST-10697,Service Disconnection Query,Negative,True,367
CUST-10697,Network Quality / Data Speed Slow,Negative,True,210
CUST-10697,Billing Discrepancy / High Charges,Negative,True,150
CUST-10697,Network Quality / Data Speed Slow,Negative,False,135
CUST-10697,Network Quality / Data Speed Slow,Negative,True,77
CUST-10697,Plan Upgrade Request,Negative,True,49
CUST-10697,Network Quality / Data Speed Slow,Negative,True,274
CUST-10698,Billing Discrepancy / High Charges,Negative,False,43
CUST-10698,Billing Discrepancy / High Charges,Negative,True,371
CUST-10698,Service Disconnection Query,Negative,False,38
CUST-10699,Service Disconnection Query,Negative,True,343
CUST-10699,Billing Discrepancy / High Charges,Negative,True,39
CUST-10700,Plan Upgrade Request,Neutral,True,151
CUST-10700,Network Quality / Data Speed Slow,Negative,True,162
CUST-10700,Plan Upgrade Request,Negative,False,414
CUST-10700,SIM / Network Activation Issue,Negative,True,166
CUST-10700,Plan Upgrade Request,Positive,True,233
CUST-10700,Billing Discrepancy / High Charges,Negative,False,199
CUST-10700,Billing Discrepancy / High Charges,Negative,True,141
CUST-10701,Competitor Offer Inquiry,Negative,True,221
CUST-10701,Billing Discrepancy / High Charges,Negative,True,90
CUST-10701,Network Quality / Data Speed Slow,Negative,True,399
CUST-10701,Billing Discrepancy / High Charges,Negative,True,117
CUST-10701,Network Quality / Data Speed Slow,Negative,False,124
CUST-10702,Competitor Offer Inquiry,Neutral,True,140
CUST-10702,Network Quality / Data Speed Slow,Negative,True,250
CUST-10702,Network Quality / Data Speed Slow,Negative,True,235
CUST-10702,Network Quality / Data Speed Slow,Negative,True,63
CUST-10702,Network Quality / Data Speed Slow,Negative,False,85
CUST-10703,Billing Discrepancy / High Charges,Negative,False,65
CUST-10703,Billing Discrepancy / High Charges,Negative,False,175
CUST-10704,Network Quality / Data Speed Slow,Negative,True,47
CUST-10704,Network Quality / Data Speed Slow,Negative,False,32
CUST-10704,Network Quality / Data Speed Slow,Negative,True,1364
CUST-10704,Network Quality / Data Speed Slow,Negative,True,173
CUST-10704,Billing Discrepancy / High Charges,Negative,True,557
CUST-10704,Network Quality / Data Speed Slow,Negative,True,57
CUST-10705,Plan Upgrade Request,Negative,True,95
CUST-10705,Billing Discrepancy / High Charges,Negative,False,253
CUST-10706,Competitor Offer Inquiry,Neutral,False,227
CUST-10706,Service Disconnection Query,Negative,True,475
CUST-10707,Service Disconnection Query,Negative,True,563
CUST-10707,Competitor Offer Inquiry,Neutral,False,333
CUST-10707,Service Disconnection Query,Negative,True,208
CUST-10707,Competitor Offer Inquiry,Neutral,True,139
CUST-10707,SIM / Network Activation Issue,Positive,False,158
CUST-10707,Network Quality / Data Speed Slow,Negative,True,162
CUST-10707,Billing Discrepancy / High Charges,Negative,False,75
CUST-10708,Plan Upgrade Request,Neutral,True,199
CUST-10708,Network Quality / Data Speed Slow,Negative,False,148
CUST-10709,Network Quality / Data Speed Slow,Negative,True,146
CUST-10710,Network Quality / Data Speed Slow,Negative,True,40
CUST-10710,Billing Discrepancy / High Charges,Negative,True,432
CUST-10710,Billing Discrepancy / High Charges,Negative,False,239
CUST-10710,Billing Discrepancy / High Charges,Negative,False,171
CUST-10711,Billing Discrepancy / High Charges,Negative,True,358
CUST-10712,Billing Discrepancy / High Charges,Negative,True,65
CUST-10712,Billing Discrepancy / High Charges,Negative,True,590
CUST-10712,Billing Discrepancy / High Charges,Negative,True,47
CUST-10713,Network Quality / Data Speed Slow,Negative,True,433
CUST-10713,SIM / Network Activation Issue,Positive,False,228
CUST-10713,SIM / Network Activation Issue,Negative,False,203
CUST-10714,Service Disconnection Query,Negative,False,190
CUST-10714,Plan Upgrade Request,Neutral,True,339
CUST-10714,Service Disconnection Query,Negative,True,34
CUST-10715,Billing Discrepancy / High Charges,Negative,True,104
CUST-10715,Plan Upgrade Request,Neutral,True,91
CUST-10715,Network Quality / Data Speed Slow,Negative,False,523
CUST-10715,Network Quality / Data Speed Slow,Negative,True,214
CUST-10716,Service Disconnection Query,Negative,False,258
CUST-10717,SIM / Network Activation Issue,Positive,False,43
CUST-10717,Service Disconnection Query,Negative,False,247
CUST-10717,Service Disconnection Query,Negative,True,99
CUST-10717,Plan Upgrade Request,Positive,False,689
CUST-10718,Service Disconnection Query,Negative,False,107
CUST-10718,SIM / Network Activation Issue,Neutral,True,204
CUST-10718,Billing Discrepancy / High Charges,Negative,False,151
CUST-10719,Competitor Offer Inquiry,Positive,False,259
CUST-10719,Billing Discrepancy / High Charges,Negative,False,148
CUST-10719,Service Disconnection Query,Negative,True,60
CUST-10720,Network Quality / Data Speed Slow,Negative,True,515
CUST-10720,Billing Discrepancy / High Charges,Negative,False,184
CUST-10721,Competitor Offer Inquiry,Positive,True,155
CUST-10721,Service Disconnection Query,Negative,False,76
CUST-10721,Network Quality / Data Speed Slow,Negative,True,480
CUST-10721,Billing Discrepancy / High Charges,Negative,True,100
CUST-10722,Network Quality / Data Speed Slow,Negative,True,312
CUST-10722,Competitor Offer Inquiry,Positive,True,47
CUST-10723,Competitor Offer Inquiry,Positive,True,371
CUST-10723,Service Disconnection Query,Negative,True,177
CUST-10723,Service Disconnection Query,Negative,False,33
CUST-10723,Network Quality / Data Speed Slow,Negative,True,283
CUST-10723,Billing Discrepancy / High Charges,Negative,True,296
CUST-10723,Network Quality / Data Speed Slow,Negative,False,135
CUST-10723,Billing Discrepancy / High Charges,Negative,True,633
CUST-10724,Service Disconnection Query,Negative,True,598
CUST-10724,Service Disconnection Query,Negative,True,44
CUST-10724,Network Quality / Data Speed Slow,Negative,False,202
CUST-10724,Network Quality / Data Speed Slow,Negative,True,72
CUST-10724,Network Quality / Data Speed Slow,Negative,True,106
CUST-10725,Billing Discrepancy / High Charges,Negative,False,57
CUST-10726,Network Quality / Data Speed Slow,Negative,True,141
CUST-10726,Service Disconnection Query,Negative,True,152
CUST-10726,Billing Discrepancy / High Charges,Negative,True,114
CUST-10727,Plan Upgrade Request,Neutral,False,82
CUST-10727,Competitor Offer Inquiry,Negative,True,622
CUST-10727,Network Quality / Data Speed Slow,Negative,True,137
CUST-10727,Plan Upgrade Request,Positive,False,215
CUST-10727,SIM / Network Activation Issue,Negative,True,234
CUST-10728,Competitor Offer Inquiry,Negative,True,90
CUST-10729,Competitor Offer Inquiry,Neutral,False,169
CUST-10729,Service Disconnection Query,Negative,True,153
CUST-10729,Service Disconnection Query,Negative,False,60
CUST-10729,Billing Discrepancy / High Charges,Negative,True,49
CUST-10729,Billing Discrepancy / High Charges,Negative,False,94
CUST-10729,Billing Discrepancy / High Charges,Negative,False,35
CUST-10729,Billing Discrepancy / High Charges,Negative,False,287
CUST-10730,Service Disconnection Query,Negative,False,40
CUST-10730,Billing Discrepancy / High Charges,Negative,False,47
CUST-10730,Network Quality / Data Speed Slow,Negative,False,254
CUST-10730,Billing Discrepancy / High Charges,Negative,False,291
CUST-10730,Competitor Offer Inquiry,Positive,False,431
CUST-10730,Billing Discrepancy / High Charges,Negative,False,153
CUST-10731,Service Disconnection Query,Negative,False,35
CUST-10731,Billing Discrepancy / High Charges,Negative,False,153
CUST-10732,SIM / Network Activation Issue,Positive,False,97
CUST-10732,Network Quality / Data Speed Slow,Negative,True,471
CUST-10732,Service Disconnection Query,Negative,True,42
CUST-10732,Plan Upgrade Request,Negative,False,129
CUST-10732,Network Quality / Data Speed Slow,Negative,False,88
CUST-10732,Network Quality / Data Speed Slow,Negative,False,745
CUST-10732,Plan Upgrade Request,Positive,True,162
CUST-10733,Competitor Offer Inquiry,Neutral,True,59
CUST-10733,SIM / Network Activation Issue,Negative,True,159
CUST-10733,Plan Upgrade Request,Neutral,False,317
CUST-10733,Service Disconnection Query,Negative,True,658
CUST-10733,Network Quality / Data Speed Slow,Negative,True,79
CUST-10734,Service Disconnection Query,Negative,False,193
CUST-10734,Plan Upgrade Request,Positive,False,33
CUST-10735,Plan Upgrade Request,Neutral,False,74
CUST-10735,Network Quality / Data Speed Slow,Negative,True,48
CUST-10735,Network Quality / Data Speed Slow,Negative,True,183
CUST-10736,Billing Discrepancy / High Charges,Negative,True,98
CUST-10736,Network Quality / Data Speed Slow,Negative,True,70
CUST-10736,Plan Upgrade Request,Neutral,True,67
CUST-10736,Network Quality / Data Speed Slow,Negative,True,350
CUST-10737,Network Quality / Data Speed Slow,Negative,True,61
CUST-10737,Billing Discrepancy / High Charges,Negative,True,464
CUST-10738,Plan Upgrade Request,Positive,False,66
CUST-10738,Network Quality / Data Speed Slow,Negative,False,96
CUST-10738,Competitor Offer Inquiry,Positive,True,306
CUST-10738,Network Quality / Data Speed Slow,Negative,False,127
CUST-10738,Network Quality / Data Speed Slow,Negative,False,524
CUST-10738,Plan Upgrade Request,Positive,False,354
CUST-10738,Service Disconnection Query,Negative,True,426
CUST-10739,Service Disconnection Query,Negative,False,844
CUST-10740,Network Quality / Data Speed Slow,Negative,True,325
CUST-10740,Network Quality / Data Speed Slow,Negative,True,381
CUST-10740,Network Quality / Data Speed Slow,Negative,False,718
CUST-10740,Network Quality / Data Speed Slow,Negative,False,54
CUST-10741,Service Disconnection Query,Negative,True,384
CUST-10742,Network Quality / Data Speed Slow,Negative,False,307
CUST-10742,Network Quality / Data Speed Slow,Negative,False,600
CUST-10743,Plan Upgrade Request,Neutral,False,183
CUST-10743,Network Quality / Data Speed Slow,Negative,True,297
CUST-10743,Service Disconnection Query,Negative,True,225
CUST-10744,Network Quality / Data Speed Slow,Negative,True,173
CUST-10744,Network Quality / Data Speed Slow,Negative,True,265
CUST-10744,Billing Discrepancy / High Charges,Negative,False,226
CUST-10744,Service Disconnection Query,Negative,True,84
CUST-10744,Plan Upgrade Request,Positive,True,171
CUST-10744,Network Quality / Data Speed Slow,Negative,False,287
CUST-10744,Network Quality / Data Speed Slow,Negative,False,92
CUST-10745,Network Quality / Data Speed Slow,Negative,True,201
CUST-10745,Network Quality / Data Speed Slow,Negative,True,160
CUST-10745,Plan Upgrade Request,Positive,True,100
CUST-10745,Billing Discrepancy / High Charges,Negative,False,509
CUST-10746,Network Quality / Data Speed Slow,Negative,False,48
CUST-10746,Network Quality / Data Speed Slow,Negative,True,251
CUST-10746,SIM / Network Activation Issue,Positive,True,63
CUST-10747,Plan Upgrade Request,Neutral,True,636
CUST-10747,Network Quality / Data Speed Slow,Negative,False,103
CUST-10747,Plan Upgrade Request,Negative,True,65
CUST-10748,Service Disconnection Query,Negative,True,37
CUST-10748,Plan Upgrade Request,Negative,False,312
CUST-10748,Competitor Offer Inquiry,Negative,True,337
CUST-10749,Billing Discrepancy / High Charges,Negative,True,268
CUST-10749,SIM / Network Activation Issue,Positive,True,306
CUST-10749,Competitor Offer Inquiry,Negative,False,34
CUST-10749,Network Quality / Data Speed Slow,Negative,True,518
CUST-10749,Network Quality / Data Speed Slow,Negative,False,32
CUST-10749,Service Disconnection Query,Negative,False,256
CUST-10750,Competitor Offer Inquiry,Negative,True,1014
CUST-10750,Network Quality / Data Speed Slow,Negative,False,262
CUST-10750,Plan Upgrade Request,Negative,True,65
CUST-10750,Network Quality / Data Speed Slow,Negative,True,97
CUST-10751,Competitor Offer Inquiry,Neutral,True,560
CUST-10751,Billing Discrepancy / High Charges,Negative,True,566
CUST-10751,Plan Upgrade Request,Negative,False,81
CUST-10751,Service Disconnection Query,Negative,True,67
CUST-10751,Plan Upgrade Request,Positive,True,263
CUST-10751,Network Quality / Data Speed Slow,Negative,False,51
CUST-10751,Competitor Offer Inquiry,Positive,True,52
CUST-10752,Network Quality / Data Speed Slow,Negative,True,150
CUST-10752,Network Quality / Data Speed Slow,Negative,False,31
CUST-10752,Service Disconnection Query,Negative,True,163
CUST-10752,Network Quality / Data Speed Slow,Negative,False,168
CUST-10753,Network Quality / Data Speed Slow,Negative,True,42
CUST-10753,Network Quality / Data Speed Slow,Negative,True,74
CUST-10754,Plan Upgrade Request,Negative,False,31
CUST-10754,Network Quality / Data Speed Slow,Negative,True,74
CUST-10754,Service Disconnection Query,Negative,True,92
CUST-10754,Network Quality / Data Speed Slow,Negative,True,74
CUST-10754,Network Quality / Data Speed Slow,Negative,True,192
CUST-10755,Network Quality / Data Speed Slow,Negative,False,90
CUST-10755,Network Quality / Data Speed Slow,Negative,True,272
CUST-10755,Billing Discrepancy / High Charges,Negative,True,75
CUST-10755,Competitor Offer Inquiry,Neutral,True,146
CUST-10755,Plan Upgrade Request,Negative,True,301
CUST-10755,Service Disconnection Query,Negative,True,366
CUST-10755,Billing Discrepancy / High Charges,Negative,True,84
CUST-10756,Billing Discrepancy / High Charges,Negative,True,182
CUST-10757,Network Quality / Data Speed Slow,Negative,True,433
CUST-10758,Competitor Offer Inquiry,Negative,False,199
CUST-10758,Service Disconnection Query,Negative,True,41
CUST-10758,Service Disconnection Query,Negative,True,99
CUST-10759,Competitor Offer Inquiry,Positive,True,84
CUST-10761,Network Quality / Data Speed Slow,Negative,True,370
CUST-10762,Plan Upgrade Request,Negative,True,250
CUST-10762,Service Disconnection Query,Negative,True,139
CUST-10762,Competitor Offer Inquiry,Positive,False,416
CUST-10762,Network Quality / Data Speed Slow,Negative,True,235
CUST-10762,Network Quality / Data Speed Slow,Negative,True,61
CUST-10763,Billing Discrepancy / High Charges,Negative,True,161
CUST-10763,Competitor Offer Inquiry,Neutral,True,184
CUST-10763,Network Quality / Data Speed Slow,Negative,False,84
CUST-10764,Competitor Offer Inquiry,Negative,False,517
CUST-10764,Plan Upgrade Request,Negative,False,348
CUST-10765,SIM / Network Activation Issue,Negative,False,40
CUST-10766,Network Quality / Data Speed Slow,Negative,False,77
CUST-10766,Billing Discrepancy / High Charges,Negative,True,69
CUST-10767,Service Disconnection Query,Negative,True,137
CUST-10767,Network Quality / Data Speed Slow,Negative,False,264
CUST-10767,Billing Discrepancy / High Charges,Negative,False,79
CUST-10767,Plan Upgrade Request,Positive,False,139
CUST-10767,Network Quality / Data Speed Slow,Negative,False,289
CUST-10767,SIM / Network Activation Issue,Negative,True,126
CUST-10768,Competitor Offer Inquiry,Neutral,True,466
CUST-10768,Network Quality / Data Speed Slow,Negative,True,197
CUST-10769,Network Quality / Data Speed Slow,Negative,False,38
CUST-10769,Service Disconnection Query,Negative,True,39
CUST-10770,Service Disconnection Query,Negative,False,31
CUST-10770,Network Quality / Data Speed Slow,Negative,True,100
CUST-10770,Billing Discrepancy / High Charges,Negative,True,120
CUST-10770,Network Quality / Data Speed Slow,Negative,True,36
CUST-10771,Plan Upgrade Request,Positive,True,65
CUST-10771,Network Quality / Data Speed Slow,Negative,True,181
CUST-10771,Billing Discrepancy / High Charges,Negative,False,166
CUST-10772,Service Disconnection Query,Negative,True,93
CUST-10772,Network Quality / Data Speed Slow,Negative,True,102
CUST-10773,Plan Upgrade Request,Negative,False,122
CUST-10773,Plan Upgrade Request,Positive,True,263
CUST-10773,Service Disconnection Query,Negative,True,87
CUST-10773,Billing Discrepancy / High Charges,Negative,True,691
CUST-10774,Network Quality / Data Speed Slow,Negative,False,459
CUST-10774,Billing Discrepancy / High Charges,Negative,True,295
CUST-10774,Network Quality / Data Speed Slow,Negative,True,51
CUST-10774,Billing Discrepancy / High Charges,Negative,True,89
CUST-10774,Plan Upgrade Request,Positive,True,235
CUST-10775,Network Quality / Data Speed Slow,Negative,True,117
CUST-10775,Competitor Offer Inquiry,Positive,True,284
CUST-10775,Service Disconnection Query,Negative,True,218
CUST-10775,Billing Discrepancy / High Charges,Negative,False,153
CUST-10776,Network Quality / Data Speed Slow,Negative,False,175
CUST-10776,Service Disconnection Query,Negative,True,259
CUST-10777,Billing Discrepancy / High Charges,Negative,False,194
CUST-10777,Billing Discrepancy / High Charges,Negative,True,334
CUST-10777,Billing Discrepancy / High Charges,Negative,False,114
CUST-10777,Plan Upgrade Request,Negative,True,132
CUST-10778,Billing Discrepancy / High Charges,Negative,True,314
CUST-10778,Plan Upgrade Request,Neutral,True,161
CUST-10778,Network Quality / Data Speed Slow,Negative,True,271
CUST-10778,Network Quality / Data Speed Slow,Negative,True,220
CUST-10778,Network Quality / Data Speed Slow,Negative,True,94
CUST-10778,Service Disconnection Query,Negative,True,76
CUST-10779,Billing Discrepancy / High Charges,Negative,True,317
CUST-10779,Plan Upgrade Request,Neutral,True,262
CUST-10780,Network Quality / Data Speed Slow,Negative,False,96
CUST-10780,Service Disconnection Query,Negative,True,87
CUST-10780,Competitor Offer Inquiry,Positive,False,109
CUST-10780,Plan Upgrade Request,Neutral,False,239
CUST-10780,Network Quality / Data Speed Slow,Negative,True,462
CUST-10781,Billing Discrepancy / High Charges,Negative,False,73
CUST-10782,Competitor Offer Inquiry,Negative,False,125
CUST-10782,SIM / Network Activation Issue,Neutral,True,235
CUST-10784,Network Quality / Data Speed Slow,Negative,False,410
CUST-10784,Network Quality / Data Speed Slow,Negative,False,34
CUST-10784,Competitor Offer Inquiry,Positive,True,50
CUST-10784,Plan Upgrade Request,Positive,False,143
CUST-10784,Billing Discrepancy / High Charges,Negative,True,42
CUST-10784,Competitor Offer Inquiry,Positive,False,410
CUST-10784,Service Disconnection Query,Negative,True,49
CUST-10784,Network Quality / Data Speed Slow,Negative,False,32
CUST-10785,Network Quality / Data Speed Slow,Negative,False,424
CUST-10785,SIM / Network Activation Issue,Neutral,False,237
CUST-10786,Billing Discrepancy / High Charges,Negative,True,66
CUST-10787,Billing Discrepancy / High Charges,Negative,True,292
CUST-10787,Service Disconnection Query,Negative,True,192
CUST-10788,Network Quality / Data Speed Slow,Negative,True,289
CUST-10789,Billing Discrepancy / High Charges,Negative,False,702
CUST-10789,Plan Upgrade Request,Positive,False,74
CUST-10789,Billing Discrepancy / High Charges,Negative,True,193
CUST-10790,Network Quality / Data Speed Slow,Negative,False,270
CUST-10790,Billing Discrepancy / High Charges,Negative,True,199
CUST-10790,Billing Discrepancy / High Charges,Negative,False,159
CUST-10790,Network Quality / Data Speed Slow,Negative,False,302
CUST-10791,Network Quality / Data Speed Slow,Negative,True,274
CUST-10791,Network Quality / Data Speed Slow,Negative,True,233
CUST-10792,Service Disconnection Query,Negative,False,121
CUST-10793,Billing Discrepancy / High Charges,Negative,True,284
CUST-10793,Plan Upgrade Request,Neutral,True,122
CUST-10793,Competitor Offer Inquiry,Negative,True,59
CUST-10793,SIM / Network Activation Issue,Positive,True,527
CUST-10794,Billing Discrepancy / High Charges,Negative,False,196
CUST-10794,Network Quality / Data Speed Slow,Negative,False,106
CUST-10794,Network Quality / Data Speed Slow,Negative,True,103
CUST-10794,Network Quality / Data Speed Slow,Negative,False,106
CUST-10794,Plan Upgrade Request,Neutral,False,63
CUST-10794,Plan Upgrade Request,Neutral,False,327
CUST-10794,Plan Upgrade Request,Positive,True,63
CUST-10795,Plan Upgrade Request,Negative,True,581
CUST-10795,Network Quality / Data Speed Slow,Negative,True,102
CUST-10796,Plan Upgrade Request,Positive,True,227
CUST-10797,Plan Upgrade Request,Negative,True,72
CUST-10797,Plan Upgrade Request,Neutral,True,81
CUST-10797,Network Quality / Data Speed Slow,Negative,True,98
CUST-10798,Billing Discrepancy / High Charges,Negative,True,357
CUST-10798,Competitor Offer Inquiry,Neutral,False,234
CUST-10799,Service Disconnection Query,Negative,False,61
CUST-10799,Network Quality / Data Speed Slow,Negative,False,284
CUST-10799,Network Quality / Data Speed Slow,Negative,True,296
CUST-10799,Service Disconnection Query,Negative,False,44
CUST-10799,Network Quality / Data Speed Slow,Negative,True,34
CUST-10799,Competitor Offer Inquiry,Neutral,True,44
CUST-10800,Network Quality / Data Speed Slow,Negative,True,104
CUST-10800,Network Quality / Data Speed Slow,Negative,False,202
CUST-10800,Service Disconnection Query,Negative,True,125
CUST-10800,Network Quality / Data Speed Slow,Negative,True,199
CUST-10800,Billing Discrepancy / High Charges,Negative,False,444
CUST-10801,Billing Discrepancy / High Charges,Negative,True,552
CUST-10801,Service Disconnection Query,Negative,False,276
CUST-10801,Network Quality / Data Speed Slow,Negative,True,59
CUST-10802,Network Quality / Data Speed Slow,Negative,True,60
CUST-10802,SIM / Network Activation Issue,Positive,True,42
CUST-10802,Billing Discrepancy / High Charges,Negative,True,274
CUST-10802,Service Disconnection Query,Negative,True,59
CUST-10802,Service Disconnection Query,Negative,True,75
CUST-10802,Billing Discrepancy / High Charges,Negative,False,93
CUST-10802,Competitor Offer Inquiry,Positive,True,488
CUST-10803,Plan Upgrade Request,Neutral,True,56
CUST-10803,Network Quality / Data Speed Slow,Negative,True,269
CUST-10804,Service Disconnection Query,Negative,False,261
CUST-10804,Plan Upgrade Request,Neutral,False,315
CUST-10804,Network Quality / Data Speed Slow,Negative,True,155
CUST-10806,SIM / Network Activation Issue,Neutral,True,94
CUST-10807,Service Disconnection Query,Negative,True,624
CUST-10808,Competitor Offer Inquiry,Neutral,False,156
CUST-10809,Service Disconnection Query,Negative,False,85
CUST-10809,Billing Discrepancy / High Charges,Negative,True,186
CUST-10809,Billing Discrepancy / High Charges,Negative,True,96
CUST-10809,SIM / Network Activation Issue,Neutral,False,125
CUST-10809,Competitor Offer Inquiry,Negative,False,95
CUST-10809,Network Quality / Data Speed Slow,Negative,False,288
CUST-10809,Service Disconnection Query,Negative,True,248
CUST-10810,Network Quality / Data Speed Slow,Negative,True,392
CUST-10810,Billing Discrepancy / High Charges,Negative,False,117
CUST-10811,Competitor Offer Inquiry,Negative,True,94
CUST-10811,Service Disconnection Query,Negative,False,127
CUST-10811,Service Disconnection Query,Negative,True,272
CUST-10812,Competitor Offer Inquiry,Positive,False,116
CUST-10814,Billing Discrepancy / High Charges,Negative,False,106
CUST-10814,Network Quality / Data Speed Slow,Negative,False,175
CUST-10815,Billing Discrepancy / High Charges,Negative,True,47
CUST-10815,Network Quality / Data Speed Slow,Negative,False,125
CUST-10816,Billing Discrepancy / High Charges,Negative,True,53
CUST-10817,Network Quality / Data Speed Slow,Negative,False,85
CUST-10817,Competitor Offer Inquiry,Neutral,True,36
CUST-10817,Billing Discrepancy / High Charges,Negative,True,31
CUST-10818,Network Quality / Data Speed Slow,Negative,True,120
CUST-10818,Network Quality / Data Speed Slow,Negative,True,253
CUST-10819,Plan Upgrade Request,Negative,True,312
CUST-10820,Competitor Offer Inquiry,Negative,False,461
CUST-10820,Competitor Offer Inquiry,Neutral,False,97
CUST-10820,Network Quality / Data Speed Slow,Negative,False,65
CUST-10821,Billing Discrepancy / High Charges,Negative,False,120
CUST-10821,Network Quality / Data Speed Slow,Negative,True,447
CUST-10822,Billing Discrepancy / High Charges,Negative,False,176
CUST-10822,Competitor Offer Inquiry,Positive,True,407
CUST-10823,Billing Discrepancy / High Charges,Negative,False,91
CUST-10823,Network Quality / Data Speed Slow,Negative,False,230
CUST-10824,Network Quality / Data Speed Slow,Negative,True,557
CUST-10824,Network Quality / Data Speed Slow,Negative,True,41
CUST-10824,Service Disconnection Query,Negative,False,116
CUST-10825,Network Quality / Data Speed Slow,Negative,True,102
CUST-10825,Billing Discrepancy / High Charges,Negative,True,41
CUST-10825,Service Disconnection Query,Negative,False,353
CUST-10826,Billing Discrepancy / High Charges,Negative,False,621
CUST-10826,Network Quality / Data Speed Slow,Negative,True,281
CUST-10827,Service Disconnection Query,Negative,False,220
CUST-10827,Billing Discrepancy / High Charges,Negative,True,127
CUST-10828,SIM / Network Activation Issue,Neutral,True,386
CUST-10829,Billing Discrepancy / High Charges,Negative,True,167
CUST-10829,Billing Discrepancy / High Charges,Negative,False,145
CUST-10829,Network Quality / Data Speed Slow,Negative,False,51
CUST-10829,Billing Discrepancy / High Charges,Negative,True,250
CUST-10830,Billing Discrepancy / High Charges,Negative,False,55
CUST-10830,Plan Upgrade Request,Neutral,False,185
CUST-10831,Network Quality / Data Speed Slow,Negative,True,106
CUST-10831,Billing Discrepancy / High Charges,Negative,True,578
CUST-10831,SIM / Network Activation Issue,Neutral,False,303
CUST-10832,Billing Discrepancy / High Charges,Negative,True,33
CUST-10832,Network Quality / Data Speed Slow,Negative,True,738
CUST-10833,Network Quality / Data Speed Slow,Negative,True,149
CUST-10833,Billing Discrepancy / High Charges,Negative,False,43
CUST-10833,Competitor Offer Inquiry,Neutral,True,48
CUST-10833,Plan Upgrade Request,Neutral,True,200
CUST-10835,Service Disconnection Query,Negative,True,36
CUST-10835,Competitor Offer Inquiry,Negative,False,265
CUST-10835,Billing Discrepancy / High Charges,Negative,True,718
CUST-10836,Billing Discrepancy / High Charges,Negative,True,236
CUST-10837,Network Quality / Data Speed Slow,Negative,False,47
CUST-10837,Network Quality / Data Speed Slow,Negative,True,49
CUST-10838,Billing Discrepancy / High Charges,Negative,False,309
CUST-10838,Plan Upgrade Request,Positive,False,203
CUST-10838,Billing Discrepancy / High Charges,Negative,False,562
CUST-10838,Network Quality / Data Speed Slow,Negative,True,391
CUST-10838,Plan Upgrade Request,Positive,True,302
CUST-10838,Network Quality / Data Speed Slow,Negative,True,212
CUST-10838,Billing Discrepancy / High Charges,Negative,True,268
CUST-10839,Service Disconnection Query,Negative,False,63
CUST-10839,Network Quality / Data Speed Slow,Negative,True,36
CUST-10839,Service Disconnection Query,Negative,False,179
CUST-10839,SIM / Network Activation Issue,Positive,True,114
CUST-10839,Plan Upgrade Request,Neutral,True,572
CUST-10839,Billing Discrepancy / High Charges,Negative,True,187
CUST-10840,Network Quality / Data Speed Slow,Negative,True,285
CUST-10840,Network Quality / Data Speed Slow,Negative,False,191
CUST-10841,Network Quality / Data Speed Slow,Negative,True,199
CUST-10841,Network Quality / Data Speed Slow,Negative,True,319
CUST-10842,Service Disconnection Query,Negative,False,420
CUST-10843,Network Quality / Data Speed Slow,Negative,True,319
CUST-10843,Network Quality / Data Speed Slow,Negative,True,275
CUST-10843,Billing Discrepancy / High Charges,Negative,True,234
CUST-10843,Service Disconnection Query,Negative,True,178
CUST-10844,Billing Discrepancy / High Charges,Negative,True,61
CUST-10844,Network Quality / Data Speed Slow,Negative,False,168
CUST-10844,Competitor Offer Inquiry,Neutral,True,162
CUST-10845,Service Disconnection Query,Negative,False,137
CUST-10846,Network Quality / Data Speed Slow,Negative,True,52
CUST-10846,Network Quality / Data Speed Slow,Negative,True,129
CUST-10846,Network Quality / Data Speed Slow,Negative,False,399
CUST-10847,Billing Discrepancy / High Charges,Negative,True,582
CUST-10847,Billing Discrepancy / High Charges,Negative,False,57
CUST-10847,SIM / Network Activation Issue,Negative,True,123
CUST-10847,Network Quality / Data Speed Slow,Negative,True,115
CUST-10847,Competitor Offer Inquiry,Negative,False,176
CUST-10848,Plan Upgrade Request,Neutral,True,31
CUST-10848,Billing Discrepancy / High Charges,Negative,True,236
CUST-10848,Network Quality / Data Speed Slow,Negative,False,85
CUST-10849,Billing Discrepancy / High Charges,Negative,True,215
CUST-10849,Network Quality / Data Speed Slow,Negative,True,103
CUST-10849,SIM / Network Activation Issue,Neutral,True,172
CUST-10849,Billing Discrepancy / High Charges,Negative,True,104
CUST-10849,Network Quality / Data Speed Slow,Negative,False,283
CUST-10849,Network Quality / Data Speed Slow,Negative,True,128
CUST-10849,Network Quality / Data Speed Slow,Negative,False,262
CUST-10849,Service Disconnection Query,Negative,False,192
CUST-10850,Plan Upgrade Request,Positive,False,396
CUST-10850,Service Disconnection Query,Negative,True,504
CUST-10850,Plan Upgrade Request,Positive,True,416
CUST-10850,Billing Discrepancy / High Charges,Negative,True,796
CUST-10850,Network Quality / Data Speed Slow,Negative,True,181
CUST-10850,Billing Discrepancy / High Charges,Negative,False,364
CUST-10850,Service Disconnection Query,Negative,False,139
CUST-10851,Network Quality / Data Speed Slow,Negative,False,116
CUST-10851,Network Quality / Data Speed Slow,Negative,True,497
CUST-10852,Network Quality / Data Speed Slow,Negative,False,127
CUST-10852,Network Quality / Data Speed Slow,Negative,False,658
CUST-10853,Network Quality / Data Speed Slow,Negative,True,119
CUST-10853,Service Disconnection Query,Negative,True,75
CUST-10853,Service Disconnection Query,Negative,True,102
CUST-10854,SIM / Network Activation Issue,Neutral,False,87
CUST-10854,Competitor Offer Inquiry,Negative,True,62
CUST-10854,Plan Upgrade Request,Neutral,False,268
CUST-10854,Service Disconnection Query,Negative,True,208
CUST-10854,Network Quality / Data Speed Slow,Negative,False,232
CUST-10854,Network Quality / Data Speed Slow,Negative,True,226
CUST-10854,Billing Discrepancy / High Charges,Negative,False,89
CUST-10855,Plan Upgrade Request,Negative,False,79
CUST-10855,Network Quality / Data Speed Slow,Negative,False,283
CUST-10855,Plan Upgrade Request,Negative,False,166
CUST-10855,Network Quality / Data Speed Slow,Negative,True,65
CUST-10856,SIM / Network Activation Issue,Negative,True,49
CUST-10856,SIM / Network Activation Issue,Neutral,True,165
CUST-10856,Network Quality / Data Speed Slow,Negative,True,67
CUST-10856,Competitor Offer Inquiry,Positive,False,98
CUST-10856,Billing Discrepancy / High Charges,Negative,True,281
CUST-10857,Network Quality / Data Speed Slow,Negative,True,320
CUST-10857,Network Quality / Data Speed Slow,Negative,False,662
CUST-10857,Billing Discrepancy / High Charges,Negative,True,99
CUST-10857,Service Disconnection Query,Negative,True,261
CUST-10857,Service Disconnection Query,Negative,True,305
CUST-10858,Network Quality / Data Speed Slow,Negative,True,238
CUST-10858,Network Quality / Data Speed Slow,Negative,True,220
CUST-10859,Plan Upgrade Request,Neutral,True,258
CUST-10859,Network Quality / Data Speed Slow,Negative,True,180
CUST-10859,Network Quality / Data Speed Slow,Negative,False,94
CUST-10859,Network Quality / Data Speed Slow,Negative,False,59
CUST-10859,Network Quality / Data Speed Slow,Negative,True,55
CUST-10859,Competitor Offer Inquiry,Negative,False,73
CUST-10860,Service Disconnection Query,Negative,False,47
CUST-10861,Billing Discrepancy / High Charges,Negative,False,70
CUST-10861,Competitor Offer Inquiry,Neutral,True,186
CUST-10861,Network Quality / Data Speed Slow,Negative,True,84
CUST-10861,Billing Discrepancy / High Charges,Negative,True,56
CUST-10862,SIM / Network Activation Issue,Negative,True,77
CUST-10862,Network Quality / Data Speed Slow,Negative,False,34
CUST-10863,Billing Discrepancy / High Charges,Negative,True,651
CUST-10863,Network Quality / Data Speed Slow,Negative,False,70
CUST-10863,Billing Discrepancy / High Charges,Negative,True,44
CUST-10863,Billing Discrepancy / High Charges,Negative,True,99
CUST-10864,Network Quality / Data Speed Slow,Negative,True,31
CUST-10864,Network Quality / Data Speed Slow,Negative,True,92
CUST-10865,Network Quality / Data Speed Slow,Negative,False,165
CUST-10865,Competitor Offer Inquiry,Neutral,False,54
CUST-10865,Plan Upgrade Request,Neutral,False,106
CUST-10865,Network Quality / Data Speed Slow,Negative,False,141
CUST-10865,Billing Discrepancy / High Charges,Negative,True,429
CUST-10865,Service Disconnection Query,Negative,True,35
CUST-10866,Billing Discrepancy / High Charges,Negative,True,57
CUST-10866,Billing Discrepancy / High Charges,Negative,True,598
CUST-10866,Network Quality / Data Speed Slow,Negative,True,61
CUST-10867,Plan Upgrade Request,Negative,False,569
CUST-10867,Plan Upgrade Request,Positive,False,41
CUST-10867,SIM / Network Activation Issue,Positive,False,338
CUST-10867,Service Disconnection Query,Negative,False,203
CUST-10867,Service Disconnection Query,Negative,True,1194
CUST-10867,Network Quality / Data Speed Slow,Negative,True,89
CUST-10868,Network Quality / Data Speed Slow,Negative,True,108
CUST-10868,Billing Discrepancy / High Charges,Negative,True,170
CUST-10868,Network Quality / Data Speed Slow,Negative,True,330
CUST-10868,Network Quality / Data Speed Slow,Negative,True,152
CUST-10868,SIM / Network Activation Issue,Neutral,True,38
CUST-10869,Service Disconnection Query,Negative,True,103
CUST-10869,Network Quality / Data Speed Slow,Negative,False,63
CUST-10870,Service Disconnection Query,Negative,True,129
CUST-10870,Competitor Offer Inquiry,Positive,True,173
CUST-10871,Plan Upgrade Request,Negative,True,339
CUST-10871,SIM / Network Activation Issue,Neutral,False,136
CUST-10871,Plan Upgrade Request,Positive,False,333
CUST-10871,Plan Upgrade Request,Positive,False,64
CUST-10872,Billing Discrepancy / High Charges,Negative,True,68
CUST-10872,Billing Discrepancy / High Charges,Negative,False,168
CUST-10872,Network Quality / Data Speed Slow,Negative,True,200
CUST-10873,Billing Discrepancy / High Charges,Negative,True,87
CUST-10873,Network Quality / Data Speed Slow,Negative,False,188
CUST-10873,Network Quality / Data Speed Slow,Negative,False,39
CUST-10873,Network Quality / Data Speed Slow,Negative,False,251
CUST-10873,Network Quality / Data Speed Slow,Negative,False,36
CUST-10873,Competitor Offer Inquiry,Neutral,True,376
CUST-10873,Billing Discrepancy / High Charges,Negative,False,30
CUST-10874,Network Quality / Data Speed Slow,Negative,True,34
CUST-10874,Service Disconnection Query,Negative,True,278
CUST-10874,Network Quality / Data Speed Slow,Negative,True,361
CUST-10875,Competitor Offer Inquiry,Positive,False,46
CUST-10875,Network Quality / Data Speed Slow,Negative,True,128
CUST-10875,Competitor Offer Inquiry,Neutral,True,168
CUST-10876,Service Disconnection Query,Negative,True,197
CUST-10876,Service Disconnection Query,Negative,True,625
CUST-10876,Service Disconnection Query,Negative,True,264
CUST-10876,Service Disconnection Query,Negative,False,67
CUST-10876,Service Disconnection Query,Negative,True,52
CUST-10877,Service Disconnection Query,Negative,False,191
CUST-10877,Billing Discrepancy / High Charges,Negative,False,455
CUST-10877,Billing Discrepancy / High Charges,Negative,True,358
CUST-10877,Network Quality / Data Speed Slow,Negative,True,201
CUST-10877,Billing Discrepancy / High Charges,Negative,True,383
CUST-10878,Network Quality / Data Speed Slow,Negative,True,100
CUST-10878,Network Quality / Data Speed Slow,Negative,True,115
CUST-10878,Service Disconnection Query,Negative,False,132
CUST-10878,Network Quality / Data Speed Slow,Negative,True,214
CUST-10878,Network Quality / Data Speed Slow,Negative,False,102
CUST-10878,Competitor Offer Inquiry,Positive,False,272
CUST-10878,Service Disconnection Query,Negative,True,257
CUST-10878,Competitor Offer Inquiry,Neutral,False,68
CUST-10879,Network Quality / Data Speed Slow,Negative,True,318
CUST-10879,Network Quality / Data Speed Slow,Negative,False,118
CUST-10879,Network Quality / Data Speed Slow,Negative,True,94
CUST-10879,Billing Discrepancy / High Charges,Negative,True,93
CUST-10880,SIM / Network Activation Issue,Negative,True,92
CUST-10880,Network Quality / Data Speed Slow,Negative,False,220
CUST-10880,Network Quality / Data Speed Slow,Negative,False,320
CUST-10880,Network Quality / Data Speed Slow,Negative,True,140
CUST-10881,Network Quality / Data Speed Slow,Negative,False,50
CUST-10882,Billing Discrepancy / High Charges,Negative,True,143
CUST-10882,SIM / Network Activation Issue,Neutral,False,157
CUST-10882,Network Quality / Data Speed Slow,Negative,True,98
CUST-10883,Network Quality / Data Speed Slow,Negative,False,445
CUST-10883,Network Quality / Data Speed Slow,Negative,True,143
CUST-10884,Plan Upgrade Request,Negative,True,243
CUST-10884,Service Disconnection Query,Negative,True,278
CUST-10885,Service Disconnection Query,Negative,True,910
CUST-10885,Network Quality / Data Speed Slow,Negative,True,302
CUST-10885,Network Quality / Data Speed Slow,Negative,False,378
CUST-10888,Competitor Offer Inquiry,Positive,True,54
CUST-10888,Billing Discrepancy / High Charges,Negative,False,151
CUST-10889,Billing Discrepancy / High Charges,Negative,False,86
CUST-10889,Network Quality / Data Speed Slow,Negative,True,312
CUST-10889,Plan Upgrade Request,Positive,False,104
CUST-10889,Service Disconnection Query,Negative,True,102
CUST-10889,Network Quality / Data Speed Slow,Negative,True,223
CUST-10890,Billing Discrepancy / High Charges,Negative,False,160
CUST-10890,Network Quality / Data Speed Slow,Negative,False,206
CUST-10890,Service Disconnection Query,Negative,False,62
CUST-10890,Plan Upgrade Request,Neutral,True,139
CUST-10890,Service Disconnection Query,Negative,True,388
CUST-10891,Network Quality / Data Speed Slow,Negative,False,31
CUST-10891,Service Disconnection Query,Negative,True,116
CUST-10892,Billing Discrepancy / High Charges,Negative,False,49
CUST-10892,Plan Upgrade Request,Positive,True,75
CUST-10893,Service Disconnection Query,Negative,False,75
CUST-10893,Network Quality / Data Speed Slow,Negative,True,84
CUST-10893,Service Disconnection Query,Negative,True,139
CUST-10893,Billing Discrepancy / High Charges,Negative,False,47
CUST-10893,Plan Upgrade Request,Positive,False,402
CUST-10894,Service Disconnection Query,Negative,False,37
CUST-10894,Billing Discrepancy / High Charges,Negative,True,51
CUST-10895,Network Quality / Data Speed Slow,Negative,False,77
CUST-10895,Billing Discrepancy / High Charges,Negative,True,39
CUST-10895,Plan Upgrade Request,Neutral,True,70
CUST-10896,Network Quality / Data Speed Slow,Negative,True,198
CUST-10896,Service Disconnection Query,Negative,False,146
CUST-10896,Network Quality / Data Speed Slow,Negative,False,63
CUST-10897,Plan Upgrade Request,Positive,False,74
CUST-10898,Network Quality / Data Speed Slow,Negative,True,200
CUST-10899,Plan Upgrade Request,Negative,False,623
CUST-10899,Plan Upgrade Request,Negative,False,239
CUST-10899,Billing Discrepancy / High Charges,Negative,True,197
CUST-10899,Service Disconnection Query,Negative,False,75
CUST-10899,Service Disconnection Query,Negative,True,660
CUST-10899,Network Quality / Data Speed Slow,Negative,True,44
CUST-10900,Plan Upgrade Request,Negative,True,73
CUST-10900,Network Quality / Data Speed Slow,Negative,False,173
CUST-10900,Network Quality / Data Speed Slow,Negative,True,65
CUST-10900,Network Quality / Data Speed Slow,Negative,False,236
CUST-10900,Network Quality / Data Speed Slow,Negative,True,31
CUST-10900,Service Disconnection Query,Negative,True,951
CUST-10901,Service Disconnection Query,Negative,True,323
CUST-10901,Service Disconnection Query,Negative,True,166
CUST-10901,Billing Discrepancy / High Charges,Negative,True,65
CUST-10902,Network Quality / Data Speed Slow,Negative,True,31
CUST-10902,Competitor Offer Inquiry,Neutral,True,97
CUST-10902,Plan Upgrade Request,Negative,False,117
CUST-10902,Service Disconnection Query,Negative,True,376
CUST-10902,SIM / Network Activation Issue,Neutral,False,644
CUST-10902,Network Quality / Data Speed Slow,Negative,True,34
CUST-10903,Billing Discrepancy / High Charges,Negative,True,151
CUST-10903,Billing Discrepancy / High Charges,Negative,True,279
CUST-10903,Competitor Offer Inquiry,Positive,False,44
CUST-10904,Service Disconnection Query,Negative,True,397
CUST-10904,SIM / Network Activation Issue,Neutral,True,453
CUST-10904,Network Quality / Data Speed Slow,Negative,False,260
CUST-10905,Network Quality / Data Speed Slow,Negative,True,67
CUST-10905,Network Quality / Data Speed Slow,Negative,True,70
CUST-10905,Network Quality / Data Speed Slow,Negative,True,164
CUST-10905,Network Quality / Data Speed Slow,Negative,False,67
CUST-10905,Plan Upgrade Request,Neutral,False,280
CUST-10905,Network Quality / Data Speed Slow,Negative,True,190
CUST-10906,Service Disconnection Query,Negative,True,113
CUST-10906,SIM / Network Activation Issue,Negative,False,228
CUST-10907,Network Quality / Data Speed Slow,Negative,False,121
CUST-10907,Plan Upgrade Request,Negative,True,53
CUST-10907,SIM / Network Activation Issue,Negative,False,89
CUST-10907,Network Quality / Data Speed Slow,Negative,True,129
CUST-10907,Billing Discrepancy / High Charges,Negative,False,201
CUST-10907,Billing Discrepancy / High Charges,Negative,False,219
CUST-10908,SIM / Network Activation Issue,Positive,True,240
CUST-10908,Billing Discrepancy / High Charges,Negative,False,103
CUST-10908,Competitor Offer Inquiry,Negative,False,237
CUST-10909,Competitor Offer Inquiry,Neutral,False,319
CUST-10910,Network Quality / Data Speed Slow,Negative,False,73
CUST-10910,Network Quality / Data Speed Slow,Negative,True,147
CUST-10910,Service Disconnection Query,Negative,True,51
CUST-10911,Plan Upgrade Request,Neutral,True,293
CUST-10911,Network Quality / Data Speed Slow,Negative,True,240
CUST-10911,Network Quality / Data Speed Slow,Negative,False,169
CUST-10911,Competitor Offer Inquiry,Negative,True,185
CUST-10911,Service Disconnection Query,Negative,True,124
CUST-10912,Plan Upgrade Request,Neutral,True,276
CUST-10912,Service Disconnection Query,Negative,True,239
CUST-10912,Billing Discrepancy / High Charges,Negative,True,97
CUST-10913,Service Disconnection Query,Negative,True,159
CUST-10913,Plan Upgrade Request,Neutral,True,90
CUST-10913,Plan Upgrade Request,Positive,False,44
CUST-10913,Plan Upgrade Request,Neutral,True,121
CUST-10914,Service Disconnection Query,Negative,False,78
CUST-10914,Network Quality / Data Speed Slow,Negative,True,107
CUST-10914,Service Disconnection Query,Negative,False,307
CUST-10914,Billing Discrepancy / High Charges,Negative,True,76
CUST-10914,Network Quality / Data Speed Slow,Negative,False,368
CUST-10914,Service Disconnection Query,Negative,True,288
CUST-10915,Network Quality / Data Speed Slow,Negative,True,134
CUST-10915,Billing Discrepancy / High Charges,Negative,False,234
CUST-10915,Network Quality / Data Speed Slow,Negative,True,90
CUST-10916,Network Quality / Data Speed Slow,Negative,True,264
CUST-10916,Network Quality / Data Speed Slow,Negative,False,144
CUST-10916,Network Quality / Data Speed Slow,Negative,True,252
CUST-10916,Billing Discrepancy / High Charges,Negative,True,489
CUST-10916,Network Quality / Data Speed Slow,Negative,False,35
CUST-10917,Service Disconnection Query,Negative,True,156
CUST-10917,Network Quality / Data Speed Slow,Negative,True,300
CUST-10917,SIM / Network Activation Issue,Negative,True,41
CUST-10918,Plan Upgrade Request,Neutral,True,354
CUST-10918,Network Quality / Data Speed Slow,Negative,True,175
CUST-10918,Billing Discrepancy / High Charges,Negative,True,225
CUST-10918,Network Quality / Data Speed Slow,Negative,False,72
CUST-10918,Network Quality / Data Speed Slow,Negative,False,140
CUST-10918,Service Disconnection Query,Negative,True,40
CUST-10919,Billing Discrepancy / High Charges,Negative,True,30
CUST-10919,Network Quality / Data Speed Slow,Negative,True,91
CUST-10919,SIM / Network Activation Issue,Neutral,True,302
CUST-10919,Service Disconnection Query,Negative,True,387
CUST-10919,Billing Discrepancy / High Charges,Negative,True,33
CUST-10919,Billing Discrepancy / High Charges,Negative,False,46
CUST-10919,Billing Discrepancy / High Charges,Negative,False,256
CUST-10920,Billing Discrepancy / High Charges,Negative,True,38
CUST-10921,Competitor Offer Inquiry,Negative,False,363
CUST-10921,Plan Upgrade Request,Positive,True,161
CUST-10921,Network Quality / Data Speed Slow,Negative,False,171
CUST-10922,Network Quality / Data Speed Slow,Negative,False,67
CUST-10922,Service Disconnection Query,Negative,True,104
CUST-10924,Network Quality / Data Speed Slow,Negative,False,200
CUST-10924,Billing Discrepancy / High Charges,Negative,True,246
CUST-10925,Network Quality / Data Speed Slow,Negative,False,571
CUST-10925,Service Disconnection Query,Negative,False,50
CUST-10925,Network Quality / Data Speed Slow,Negative,True,43
CUST-10925,Competitor Offer Inquiry,Negative,False,93
CUST-10925,Network Quality / Data Speed Slow,Negative,True,148
CUST-10925,Billing Discrepancy / High Charges,Negative,False,149
CUST-10926,Competitor Offer Inquiry,Negative,False,40
CUST-10927,SIM / Network Activation Issue,Neutral,True,90
CUST-10927,Service Disconnection Query,Negative,False,473
CUST-10927,Network Quality / Data Speed Slow,Negative,True,47
CUST-10928,Competitor Offer Inquiry,Positive,False,633
CUST-10928,Billing Discrepancy / High Charges,Negative,True,340
CUST-10928,Plan Upgrade Request,Negative,False,182
CUST-10929,Network Quality / Data Speed Slow,Negative,True,389
CUST-10929,Billing Discrepancy / High Charges,Negative,False,114
CUST-10929,Billing Discrepancy / High Charges,Negative,False,102
CUST-10929,Plan Upgrade Request,Neutral,False,325
CUST-10929,Network Quality / Data Speed Slow,Negative,True,106
CUST-10929,SIM / Network Activation Issue,Positive,False,91
CUST-10929,Service Disconnection Query,Negative,True,534
CUST-10930,Competitor Offer Inquiry,Negative,False,63
CUST-10930,Network Quality / Data Speed Slow,Negative,True,184
CUST-10930,Network Quality / Data Speed Slow,Negative,True,63
CUST-10930,Network Quality / Data Speed Slow,Negative,True,161
CUST-10930,Plan Upgrade Request,Neutral,False,391
CUST-10930,Network Quality / Data Speed Slow,Negative,False,45
CUST-10931,Service Disconnection Query,Negative,False,187
CUST-10931,Network Quality / Data Speed Slow,Negative,True,464
CUST-10932,Billing Discrepancy / High Charges,Negative,True,524
CUST-10932,Billing Discrepancy / High Charges,Negative,True,432
CUST-10932,Competitor Offer Inquiry,Neutral,True,68
CUST-10932,Network Quality / Data Speed Slow,Negative,False,98
CUST-10933,Network Quality / Data Speed Slow,Negative,True,191
CUST-10933,Plan Upgrade Request,Negative,False,88
CUST-10933,Billing Discrepancy / High Charges,Negative,True,359
CUST-10933,Network Quality / Data Speed Slow,Negative,True,672
CUST-10933,Competitor Offer Inquiry,Positive,True,132
CUST-10933,Competitor Offer Inquiry,Negative,False,93
CUST-10933,Network Quality / Data Speed Slow,Negative,False,179
CUST-10934,Service Disconnection Query,Negative,False,177
CUST-10934,Network Quality / Data Speed Slow,Negative,True,114
CUST-10935,Billing Discrepancy / High Charges,Negative,False,175
CUST-10935,Network Quality / Data Speed Slow,Negative,True,76
CUST-10935,Network Quality / Data Speed Slow,Negative,False,208
CUST-10935,Billing Discrepancy / High Charges,Negative,True,100
CUST-10936,Network Quality / Data Speed Slow,Negative,True,358
CUST-10936,Service Disconnection Query,Negative,False,222
CUST-10936,Billing Discrepancy / High Charges,Negative,True,44
CUST-10936,Plan Upgrade Request,Neutral,True,182
CUST-10936,Billing Discrepancy / High Charges,Negative,True,208
CUST-10936,Network Quality / Data Speed Slow,Negative,False,157
CUST-10936,Billing Discrepancy / High Charges,Negative,True,213
CUST-10937,Billing Discrepancy / High Charges,Negative,True,193
CUST-10937,Plan Upgrade Request,Positive,False,556
CUST-10937,Network Quality / Data Speed Slow,Negative,True,255
CUST-10937,Service Disconnection Query,Negative,False,87
CUST-10938,Billing Discrepancy / High Charges,Negative,True,102
CUST-10938,Network Quality / Data Speed Slow,Negative,True,157
CUST-10938,Network Quality / Data Speed Slow,Negative,False,253
CUST-10938,Network Quality / Data Speed Slow,Negative,False,711
CUST-10938,Billing Discrepancy / High Charges,Negative,True,85
CUST-10938,Network Quality / Data Speed Slow,Negative,True,39
CUST-10939,Billing Discrepancy / High Charges,Negative,True,146
CUST-10939,Billing Discrepancy / High Charges,Negative,True,137
CUST-10939,Billing Discrepancy / High Charges,Negative,False,227
CUST-10939,Billing Discrepancy / High Charges,Negative,False,283
CUST-10939,Network Quality / Data Speed Slow,Negative,True,45
CUST-10940,Network Quality / Data Speed Slow,Negative,True,156
CUST-10940,SIM / Network Activation Issue,Neutral,False,277
CUST-10941,Competitor Offer Inquiry,Neutral,True,649
CUST-10941,Billing Discrepancy / High Charges,Negative,False,114
CUST-10942,Plan Upgrade Request,Neutral,True,118
CUST-10943,SIM / Network Activation Issue,Negative,False,460
CUST-10943,Network Quality / Data Speed Slow,Negative,True,52
CUST-10944,Competitor Offer Inquiry,Neutral,False,187
CUST-10944,Billing Discrepancy / High Charges,Negative,False,61
CUST-10945,Billing Discrepancy / High Charges,Negative,True,93
CUST-10946,Billing Discrepancy / High Charges,Negative,True,69
CUST-10946,Network Quality / Data Speed Slow,Negative,False,66
CUST-10946,Network Quality / Data Speed Slow,Negative,True,176
CUST-10946,Plan Upgrade Request,Neutral,True,90
CUST-10947,Plan Upgrade Request,Positive,True,655
CUST-10947,Plan Upgrade Request,Positive,True,371
CUST-10947,Network Quality / Data Speed Slow,Negative,False,39
CUST-10948,Network Quality / Data Speed Slow,Negative,True,161
CUST-10948,Competitor Offer Inquiry,Neutral,True,156
CUST-10948,Service Disconnection Query,Negative,True,171
CUST-10949,Network Quality / Data Speed Slow,Negative,False,33
CUST-10949,Plan Upgrade Request,Negative,True,221
CUST-10950,Network Quality / Data Speed Slow,Negative,False,107
CUST-10950,Billing Discrepancy / High Charges,Negative,True,172
CUST-10951,Competitor Offer Inquiry,Neutral,True,115
CUST-10951,Network Quality / Data Speed Slow,Negative,True,352
CUST-10951,Service Disconnection Query,Negative,True,116
CUST-10951,Plan Upgrade Request,Positive,True,80
CUST-10952,Network Quality / Data Speed Slow,Negative,True,529
CUST-10952,Network Quality / Data Speed Slow,Negative,False,167
CUST-10952,Plan Upgrade Request,Positive,True,554
CUST-10952,Billing Discrepancy / High Charges,Negative,False,67
CUST-10953,Plan Upgrade Request,Negative,True,86
CUST-10953,Network Quality / Data Speed Slow,Negative,False,105
CUST-10953,SIM / Network Activation Issue,Neutral,False,386
CUST-10954,Plan Upgrade Request,Neutral,False,339
CUST-10954,Plan Upgrade Request,Positive,True,507
CUST-10954,Service Disconnection Query,Negative,True,146
CUST-10954,Network Quality / Data Speed Slow,Negative,False,717
CUST-10954,Network Quality / Data Speed Slow,Negative,True,194
CUST-10954,Billing Discrepancy / High Charges,Negative,True,224
CUST-10955,Network Quality / Data Speed Slow,Negative,False,117
CUST-10955,Service Disconnection Query,Negative,False,157
CUST-10956,Service Disconnection Query,Negative,True,52
CUST-10956,Network Quality / Data Speed Slow,Negative,True,41
CUST-10956,Service Disconnection Query,Negative,True,47
CUST-10956,Service Disconnection Query,Negative,False,138
CUST-10956,Network Quality / Data Speed Slow,Negative,True,140
CUST-10956,SIM / Network Activation Issue,Neutral,True,260
CUST-10957,Network Quality / Data Speed Slow,Negative,True,148
CUST-10957,Service Disconnection Query,Negative,False,370
CUST-10957,Billing Discrepancy / High Charges,Negative,False,371
CUST-10958,Billing Discrepancy / High Charges,Negative,True,247
CUST-10958,Competitor Offer Inquiry,Neutral,False,34
CUST-10958,Service Disconnection Query,Negative,False,246
CUST-10959,Service Disconnection Query,Negative,True,135
CUST-10959,Service Disconnection Query,Negative,False,76
CUST-10959,Billing Discrepancy / High Charges,Negative,False,281
CUST-10959,Plan Upgrade Request,Negative,False,311
CUST-10960,Competitor Offer Inquiry,Negative,False,131
CUST-10960,Competitor Offer Inquiry,Negative,True,519
CUST-10960,Competitor Offer Inquiry,Negative,True,164
CUST-10960,Network Quality / Data Speed Slow,Negative,True,159
CUST-10961,Billing Discrepancy / High Charges,Negative,True,490
CUST-10961,Billing Discrepancy / High Charges,Negative,True,132
CUST-10961,Network Quality / Data Speed Slow,Negative,False,98
CUST-10961,Plan Upgrade Request,Negative,True,278
CUST-10961,Network Quality / Data Speed Slow,Negative,True,34
CUST-10961,Competitor Offer Inquiry,Negative,True,285
CUST-10961,SIM / Network Activation Issue,Neutral,True,54
CUST-10961,Plan Upgrade Request,Neutral,True,95
CUST-10962,Competitor Offer Inquiry,Neutral,True,607
CUST-10962,Network Quality / Data Speed Slow,Negative,False,98
CUST-10963,Network Quality / Data Speed Slow,Negative,False,475
CUST-10963,Billing Discrepancy / High Charges,Negative,False,198
CUST-10964,Billing Discrepancy / High Charges,Negative,False,84
CUST-10964,Billing Discrepancy / High Charges,Negative,True,389
CUST-10965,Network Quality / Data Speed Slow,Negative,False,73
CUST-10965,Network Quality / Data Speed Slow,Negative,False,288
CUST-10965,Billing Discrepancy / High Charges,Negative,True,463
CUST-10965,Network Quality / Data Speed Slow,Negative,False,240
CUST-10965,Plan Upgrade Request,Neutral,False,279
CUST-10965,Billing Discrepancy / High Charges,Negative,True,74
CUST-10965,Network Quality / Data Speed Slow,Negative,True,115
CUST-10966,Plan Upgrade Request,Negative,False,175
CUST-10966,Service Disconnection Query,Negative,True,276
CUST-10966,Network Quality / Data Speed Slow,Negative,False,62
CUST-10966,Network Quality / Data Speed Slow,Negative,True,299
CUST-10967,Service Disconnection Query,Negative,True,58
CUST-10967,Network Quality / Data Speed Slow,Negative,True,169
CUST-10967,Billing Discrepancy / High Charges,Negative,False,130
CUST-10967,Competitor Offer Inquiry,Positive,False,89
CUST-10967,Billing Discrepancy / High Charges,Negative,True,64
CUST-10967,Billing Discrepancy / High Charges,Negative,True,65
CUST-10968,Billing Discrepancy / High Charges,Negative,True,55
CUST-10968,Network Quality / Data Speed Slow,Negative,False,250
CUST-10968,Competitor Offer Inquiry,Negative,False,262
CUST-10968,Billing Discrepancy / High Charges,Negative,False,241
CUST-10969,Competitor Offer Inquiry,Negative,False,796
CUST-10969,Network Quality / Data Speed Slow,Negative,True,87
CUST-10969,Network Quality / Data Speed Slow,Negative,False,95
CUST-10969,Billing Discrepancy / High Charges,Negative,True,80
CUST-10969,Network Quality / Data Speed Slow,Negative,True,202
CUST-10969,Competitor Offer Inquiry,Negative,False,168
CUST-10970,Network Quality / Data Speed Slow,Negative,True,145
CUST-10970,SIM / Network Activation Issue,Negative,True,138
CUST-10970,Competitor Offer Inquiry,Positive,True,489
CUST-10971,Network Quality / Data Speed Slow,Negative,True,45
CUST-10971,Competitor Offer Inquiry,Neutral,False,50
CUST-10971,Billing Discrepancy / High Charges,Negative,True,182
CUST-10971,Service Disconnection Query,Negative,True,400
CUST-10971,Service Disconnection Query,Negative,True,209
CUST-10972,Network Quality / Data Speed Slow,Negative,True,78
CUST-10972,Competitor Offer Inquiry,Neutral,False,267
CUST-10973,Service Disconnection Query,Negative,False,91
CUST-10973,Plan Upgrade Request,Negative,True,30
CUST-10973,Network Quality / Data Speed Slow,Negative,False,91
CUST-10974,Billing Discrepancy / High Charges,Negative,True,56
CUST-10974,Network Quality / Data Speed Slow,Negative,True,482
CUST-10974,Network Quality / Data Speed Slow,Negative,True,179
CUST-10974,Billing Discrepancy / High Charges,Negative,False,115
CUST-10974,Billing Discrepancy / High Charges,Negative,True,304
CUST-10975,Billing Discrepancy / High Charges,Negative,True,53
CUST-10975,Competitor Offer Inquiry,Neutral,False,106
CUST-10975,Service Disconnection Query,Negative,True,93
CUST-10975,Plan Upgrade Request,Negative,True,141
CUST-10975,Network Quality / Data Speed Slow,Negative,True,48
CUST-10975,Plan Upgrade Request,Positive,True,148
CUST-10975,Network Quality / Data Speed Slow,Negative,False,186
CUST-10976,Billing Discrepancy / High Charges,Negative,True,124
CUST-10976,Network Quality / Data Speed Slow,Negative,False,102
CUST-10976,Service Disconnection Query,Negative,True,837
CUST-10976,Network Quality / Data Speed Slow,Negative,True,192
CUST-10976,Competitor Offer Inquiry,Neutral,True,140
CUST-10976,Competitor Offer Inquiry,Neutral,False,758
CUST-10977,Billing Discrepancy / High Charges,Negative,False,389
CUST-10977,Network Quality / Data Speed Slow,Negative,True,65
CUST-10977,Billing Discrepancy / High Charges,Negative,False,87
CUST-10977,Competitor Offer Inquiry,Negative,True,111
CUST-10978,Plan Upgrade Request,Negative,True,94
CUST-10978,Network Quality / Data Speed Slow,Negative,True,60
CUST-10978,Billing Discrepancy / High Charges,Negative,True,260
CUST-10978,Plan Upgrade Request,Positive,False,338
CUST-10979,Billing Discrepancy / High Charges,Negative,True,155
CUST-10979,Billing Discrepancy / High Charges,Negative,True,169
CUST-10979,Network Quality / Data Speed Slow,Negative,True,276
CUST-10979,Network Quality / Data Speed Slow,Negative,True,90
CUST-10980,Billing Discrepancy / High Charges,Negative,True,114
CUST-10980,Network Quality / Data Speed Slow,Negative,True,78
CUST-10981,Billing Discrepancy / High Charges,Negative,True,312
CUST-10981,Billing Discrepancy / High Charges,Negative,True,178
CUST-10981,Billing Discrepancy / High Charges,Negative,False,36
CUST-10982,Network Quality / Data Speed Slow,Negative,True,413
CUST-10982,Competitor Offer Inquiry,Negative,True,112
CUST-10982,Billing Discrepancy / High Charges,Negative,False,57
CUST-10982,Network Quality / Data Speed Slow,Negative,True,40
CUST-10983,Plan Upgrade Request,Neutral,False,275
CUST-10983,Competitor Offer Inquiry,Positive,True,204
CUST-10983,Network Quality / Data Speed Slow,Negative,True,414
CUST-10984,Network Quality / Data Speed Slow,Negative,True,582
CUST-10984,Billing Discrepancy / High Charges,Negative,True,120
CUST-10984,Plan Upgrade Request,Positive,False,228
CUST-10984,Competitor Offer Inquiry,Neutral,True,250
CUST-10984,Billing Discrepancy / High Charges,Negative,True,316
CUST-10984,Plan Upgrade Request,Positive,True,151
CUST-10984,Billing Discrepancy / High Charges,Negative,False,281
CUST-10984,Service Disconnection Query,Negative,True,211
CUST-10985,Network Quality / Data Speed Slow,Negative,False,40
CUST-10985,Network Quality / Data Speed Slow,Negative,True,70
CUST-10985,Network Quality / Data Speed Slow,Negative,True,95
CUST-10985,Network Quality / Data Speed Slow,Negative,False,39
CUST-10985,Competitor Offer Inquiry,Neutral,True,159
CUST-10985,Competitor Offer Inquiry,Neutral,False,98
CUST-10985,Network Quality / Data Speed Slow,Negative,True,95
CUST-10986,Competitor Offer Inquiry,Positive,True,547
CUST-10986,Network Quality / Data Speed Slow,Negative,True,483
CUST-10986,Billing Discrepancy / High Charges,Negative,True,76
CUST-10987,Billing Discrepancy / High Charges,Negative,True,129
CUST-10987,Network Quality / Data Speed Slow,Negative,False,51
CUST-10987,Plan Upgrade Request,Neutral,True,625
CUST-10987,Billing Discrepancy / High Charges,Negative,True,93
CUST-10988,Network Quality / Data Speed Slow,Negative,False,84
CUST-10988,Competitor Offer Inquiry,Neutral,True,32
CUST-10988,Network Quality / Data Speed Slow,Negative,False,175
CUST-10988,Competitor Offer Inquiry,Negative,False,374
CUST-10989,SIM / Network Activation Issue,Negative,True,54
CUST-10989,Plan Upgrade Request,Positive,True,1038
CUST-10989,Network Quality / Data Speed Slow,Negative,False,87
CUST-10990,Billing Discrepancy / High Charges,Negative,True,107
CUST-10990,Competitor Offer Inquiry,Neutral,False,53
CUST-10990,Competitor Offer Inquiry,Positive,True,369
CUST-10990,Service Disconnection Query,Negative,True,215
CUST-10990,Service Disconnection Query,Negative,False,261
CUST-10990,Network Quality / Data Speed Slow,Negative,True,364
CUST-10991,SIM / Network Activation Issue,Positive,True,383
CUST-10991,Billing Discrepancy / High Charges,Negative,True,106
CUST-10991,Billing Discrepancy / High Charges,Negative,True,180
CUST-10992,Network Quality / Data Speed Slow,Negative,False,526
CUST-10992,Competitor Offer Inquiry,Neutral,False,74
CUST-10992,Network Quality / Data Speed Slow,Negative,True,100
CUST-10993,Billing Discrepancy / High Charges,Negative,False,132
CUST-10993,Billing Discrepancy / High Charges,Negative,False,65
CUST-10993,Competitor Offer Inquiry,Positive,False,39
CUST-10993,Billing Discrepancy / High Charges,Negative,False,306
CUST-10993,Network Quality / Data Speed Slow,Negative,False,276
CUST-10993,Billing Discrepancy / High Charges,Negative,True,36
CUST-10993,Competitor Offer Inquiry,Negative,True,918
CUST-10993,Plan Upgrade Request,Neutral,False,47
CUST-10994,Service Disconnection Query,Negative,True,30
CUST-10994,Network Quality / Data Speed Slow,Negative,False,232
CUST-10994,Billing Discrepancy / High Charges,Negative,True,210
CUST-10995,Network Quality / Data Speed Slow,Negative,True,159
CUST-10995,Network Quality / Data Speed Slow,Negative,True,211
CUST-10995,Network Quality / Data Speed Slow,Negative,False,177
CUST-10995,Network Quality / Data Speed Slow,Negative,False,141
CUST-10995,Service Disconnection Query,Negative,False,532
CUST-10995,Competitor Offer Inquiry,Negative,True,124
CUST-10996,Billing Discrepancy / High Charges,Negative,True,366
CUST-10996,Competitor Offer Inquiry,Negative,True,57
CUST-10996,Network Quality / Data Speed Slow,Negative,True,98
CUST-10997,Billing Discrepancy / High Charges,Negative,True,134
CUST-10997,Billing Discrepancy / High Charges,Negative,False,209
CUST-10997,Network Quality / Data Speed Slow,Negative,True,107
CUST-10998,Competitor Offer Inquiry,Neutral,True,31
CUST-10999,Competitor Offer Inquiry,Negative,False,105
CUST-10999,Billing Discrepancy / High Charges,Negative,False,42
CUST-10999,Billing Discrepancy / High Charges,Negative,True,627
CUST-10999,Service Disconnection Query,Negative,True,502
CUST-10999,Network Quality / Data Speed Slow,Negative,True,170
CUST-10999,Service Disconnection Query,Negative,False,167
CUST-10999,Billing Discrepancy / High Charges,Negative,False,339
CUST-11000,Plan Upgrade Request,Negative,True,209
CUST-11001,SIM / Network Activation Issue,Negative,True,256
CUST-11001,Competitor Offer Inquiry,Neutral,True,124
CUST-11001,Plan Upgrade Request,Positive,False,33
CUST-11001,Billing Discrepancy / High Charges,Negative,True,55
CUST-11002,Service Disconnection Query,Negative,True,453
CUST-11002,Billing Discrepancy / High Charges,Negative,False,82
CUST-11002,Network Quality / Data Speed Slow,Negative,True,77
CUST-11002,SIM / Network Activation Issue,Neutral,False,68
CUST-11002,Network Quality / Data Speed Slow,Negative,True,163
CUST-11003,Billing Discrepancy / High Charges,Negative,False,173
CUST-11003,Network Quality / Data Speed Slow,Negative,False,46
CUST-11003,Network Quality / Data Speed Slow,Negative,False,89
CUST-11003,Billing Discrepancy / High Charges,Negative,True,157
CUST-11004,Network Quality / Data Speed Slow,Negative,False,109
CUST-11004,Plan Upgrade Request,Negative,True,175
CUST-11004,Network Quality / Data Speed Slow,Negative,True,224
CUST-11005,Plan Upgrade Request,Positive,False,188
CUST-11006,Service Disconnection Query,Negative,True,396
CUST-11006,Network Quality / Data Speed Slow,Negative,False,126
CUST-11007,Plan Upgrade Request,Negative,True,96
CUST-11007,Network Quality / Data Speed Slow,Negative,True,268
CUST-11007,Competitor Offer Inquiry,Positive,True,203
CUST-11007,Network Quality / Data Speed Slow,Negative,False,162
CUST-11007,Network Quality / Data Speed Slow,Negative,True,170
CUST-11008,Billing Discrepancy / High Charges,Negative,True,35
CUST-11008,Billing Discrepancy / High Charges,Negative,True,57
CUST-11008,Plan Upgrade Request,Positive,True,46
CUST-11008,Network Quality / Data Speed Slow,Negative,True,110
CUST-11008,Service Disconnection Query,Negative,True,382
CUST-11009,Network Quality / Data Speed Slow,Negative,True,136
CUST-11010,Network Quality / Data Speed Slow,Negative,False,124
CUST-11010,SIM / Network Activation Issue,Positive,True,166
CUST-11011,Network Quality / Data Speed Slow,Negative,True,83
CUST-11011,Network Quality / Data Speed Slow,Negative,True,30
CUST-11011,Billing Discrepancy / High Charges,Negative,True,442
CUST-11012,Network Quality / Data Speed Slow,Negative,True,420
CUST-11012,Network Quality / Data Speed Slow,Negative,True,65
CUST-11012,Service Disconnection Query,Negative,False,104
CUST-11012,Plan Upgrade Request,Positive,False,40
CUST-11013,Service Disconnection Query,Negative,True,119
CUST-11013,Network Quality / Data Speed Slow,Negative,False,234
CUST-11013,Billing Discrepancy / High Charges,Negative,False,213
CUST-11013,Service Disconnection Query,Negative,True,130
CUST-11013,Network Quality / Data Speed Slow,Negative,True,247
CUST-11013,Plan Upgrade Request,Neutral,True,225
CUST-11014,Billing Discrepancy / High Charges,Negative,False,105
CUST-11014,Plan Upgrade Request,Positive,True,291
CUST-11014,Network Quality / Data Speed Slow,Negative,True,227
CUST-11015,SIM / Network Activation Issue,Positive,False,54
CUST-11015,Billing Discrepancy / High Charges,Negative,False,48
CUST-11015,Billing Discrepancy / High Charges,Negative,False,445
CUST-11015,Billing Discrepancy / High Charges,Negative,True,50
CUST-11017,Billing Discrepancy / High Charges,Negative,True,59
CUST-11017,Service Disconnection Query,Negative,False,363
CUST-11018,Network Quality / Data Speed Slow,Negative,True,352
CUST-11018,Service Disconnection Query,Negative,False,854
CUST-11018,SIM / Network Activation Issue,Negative,True,245
CUST-11019,Network Quality / Data Speed Slow,Negative,False,295
CUST-11021,Plan Upgrade Request,Neutral,False,35
CUST-11022,Billing Discrepancy / High Charges,Negative,False,46
CUST-11022,Billing Discrepancy / High Charges,Negative,True,435
CUST-11023,Service Disconnection Query,Negative,False,404
CUST-11023,Service Disconnection Query,Negative,True,94
CUST-11023,Billing Discrepancy / High Charges,Negative,True,304
CUST-11024,Network Quality / Data Speed Slow,Negative,True,148
CUST-11024,Network Quality / Data Speed Slow,Negative,False,184
CUST-11024,Service Disconnection Query,Negative,True,631
CUST-11024,Network Quality / Data Speed Slow,Negative,True,234
CUST-11025,Network Quality / Data Speed Slow,Negative,True,44
CUST-11025,Billing Discrepancy / High Charges,Negative,False,175
CUST-11025,Plan Upgrade Request,Positive,True,33
CUST-11026,SIM / Network Activation Issue,Positive,False,107
CUST-11026,Network Quality / Data Speed Slow,Negative,True,261
CUST-11027,Competitor Offer Inquiry,Negative,True,70
CUST-11028,Service Disconnection Query,Negative,True,89
CUST-11028,Competitor Offer Inquiry,Negative,False,106
CUST-11029,Network Quality / Data Speed Slow,Negative,True,159
CUST-11029,Network Quality / Data Speed Slow,Negative,True,228
CUST-11029,Competitor Offer Inquiry,Neutral,True,114
CUST-11029,Network Quality / Data Speed Slow,Negative,True,221
CUST-11029,Network Quality / Data Speed Slow,Negative,False,156
CUST-11029,Network Quality / Data Speed Slow,Negative,True,63
CUST-11030,Network Quality / Data Speed Slow,Negative,False,231
CUST-11030,Network Quality / Data Speed Slow,Negative,False,753
CUST-11030,Network Quality / Data Speed Slow,Negative,True,267
CUST-11031,Network Quality / Data Speed Slow,Negative,False,729
CUST-11031,Network Quality / Data Speed Slow,Negative,False,115
CUST-11031,Network Quality / Data Speed Slow,Negative,True,43
CUST-11032,Billing Discrepancy / High Charges,Negative,True,264
CUST-11032,Billing Discrepancy / High Charges,Negative,True,69
CUST-11032,Billing Discrepancy / High Charges,Negative,True,269
CUST-11032,Network Quality / Data Speed Slow,Negative,False,89
CUST-11033,Plan Upgrade Request,Neutral,False,46
CUST-11033,Service Disconnection Query,Negative,False,53
CUST-11033,Billing Discrepancy / High Charges,Negative,True,56
CUST-11033,Billing Discrepancy / High Charges,Negative,True,523
CUST-11033,Billing Discrepancy / High Charges,Negative,False,38
CUST-11033,Network Quality / Data Speed Slow,Negative,True,403
CUST-11033,Billing Discrepancy / High Charges,Negative,False,129
CUST-11033,Network Quality / Data Speed Slow,Negative,False,210
CUST-11034,Network Quality / Data Speed Slow,Negative,True,146
CUST-11034,Billing Discrepancy / High Charges,Negative,False,118
CUST-11034,Plan Upgrade Request,Negative,True,184
CUST-11034,SIM / Network Activation Issue,Positive,False,353
CUST-11034,Plan Upgrade Request,Neutral,True,117
CUST-11034,Network Quality / Data Speed Slow,Negative,True,218
CUST-11035,Competitor Offer Inquiry,Positive,True,171
CUST-11035,Network Quality / Data Speed Slow,Negative,True,236
CUST-11035,Network Quality / Data Speed Slow,Negative,True,101
CUST-11036,Network Quality / Data Speed Slow,Negative,True,125
CUST-11037,Network Quality / Data Speed Slow,Negative,True,313
CUST-11037,Network Quality / Data Speed Slow,Negative,True,93
CUST-11037,Competitor Offer Inquiry,Negative,True,73
CUST-11037,Network Quality / Data Speed Slow,Negative,True,173
CUST-11038,Network Quality / Data Speed Slow,Negative,False,425
CUST-11038,Network Quality / Data Speed Slow,Negative,True,192
CUST-11038,Billing Discrepancy / High Charges,Negative,True,72
CUST-11038,Network Quality / Data Speed Slow,Negative,True,216
CUST-11038,Network Quality / Data Speed Slow,Negative,True,102
CUST-11039,Service Disconnection Query,Negative,True,173
CUST-11039,Service Disconnection Query,Negative,False,227
CUST-11039,Network Quality / Data Speed Slow,Negative,False,273
CUST-11039,Service Disconnection Query,Negative,True,37
CUST-11041,Plan Upgrade Request,Positive,False,261
CUST-11042,Billing Discrepancy / High Charges,Negative,True,79
CUST-11042,Billing Discrepancy / High Charges,Negative,True,172
CUST-11042,Plan Upgrade Request,Positive,True,460
CUST-11043,Network Quality / Data Speed Slow,Negative,False,401
CUST-11043,Network Quality / Data Speed Slow,Negative,False,102
CUST-11043,Service Disconnection Query,Negative,True,221
CUST-11043,Plan Upgrade Request,Positive,True,233
CUST-11043,Service Disconnection Query,Negative,True,554
CUST-11043,Billing Discrepancy / High Charges,Negative,False,264
CUST-11043,Billing Discrepancy / High Charges,Negative,True,227
CUST-11044,Network Quality / Data Speed Slow,Negative,False,66
CUST-11044,Network Quality / Data Speed Slow,Negative,False,67
CUST-11044,Network Quality / Data Speed Slow,Negative,False,82
CUST-11044,Network Quality / Data Speed Slow,Negative,True,424
CUST-11045,Network Quality / Data Speed Slow,Negative,False,120
CUST-11045,Network Quality / Data Speed Slow,Negative,True,674
CUST-11045,Billing Discrepancy / High Charges,Negative,True,69
CUST-11045,Billing Discrepancy / High Charges,Negative,True,66
CUST-11046,Network Quality / Data Speed Slow,Negative,False,127
CUST-11046,Network Quality / Data Speed Slow,Negative,True,134
CUST-11046,Network Quality / Data Speed Slow,Negative,True,264
CUST-11046,Billing Discrepancy / High Charges,Negative,True,194
CUST-11046,Service Disconnection Query,Negative,True,64
CUST-11046,Network Quality / Data Speed Slow,Negative,False,184
CUST-11046,Network Quality / Data Speed Slow,Negative,True,262
CUST-11046,Network Quality / Data Speed Slow,Negative,False,466
CUST-11047,Network Quality / Data Speed Slow,Negative,True,30
CUST-11047,Network Quality / Data Speed Slow,Negative,False,38
CUST-11047,Billing Discrepancy / High Charges,Negative,True,456
CUST-11047,Billing Discrepancy / High Charges,Negative,True,91
CUST-11048,Plan Upgrade Request,Neutral,True,284
CUST-11048,Service Disconnection Query,Negative,True,168
CUST-11048,Service Disconnection Query,Negative,False,104
CUST-11049,Service Disconnection Query,Negative,False,78
CUST-11049,Service Disconnection Query,Negative,True,47
CUST-11049,Billing Discrepancy / High Charges,Negative,False,36
CUST-11049,Service Disconnection Query,Negative,True,385
CUST-11049,Service Disconnection Query,Negative,False,293
CUST-11049,Service Disconnection Query,Negative,True,95
CUST-11050,Network Quality / Data Speed Slow,Negative,False,60
CUST-11051,Network Quality / Data Speed Slow,Negative,False,250
CUST-11051,SIM / Network Activation Issue,Negative,True,127
CUST-11051,Service Disconnection Query,Negative,True,97
CUST-11051,Plan Upgrade Request,Neutral,True,116
CUST-11051,Network Quality / Data Speed Slow,Negative,False,265
CUST-11052,Service Disconnection Query,Negative,True,653
CUST-11052,Competitor Offer Inquiry,Positive,True,83
CUST-11054,Network Quality / Data Speed Slow,Negative,False,596
CUST-11054,Network Quality / Data Speed Slow,Negative,False,59
CUST-11055,Service Disconnection Query,Negative,True,254
CUST-11055,Competitor Offer Inquiry,Negative,False,72
CUST-11055,Service Disconnection Query,Negative,True,50
CUST-11056,Billing Discrepancy / High Charges,Negative,False,157
CUST-11057,Service Disconnection Query,Negative,True,264
CUST-11057,Competitor Offer Inquiry,Positive,True,81
CUST-11057,Billing Discrepancy / High Charges,Negative,True,402
CUST-11057,Plan Upgrade Request,Positive,True,169
CUST-11058,Competitor Offer Inquiry,Neutral,True,419
CUST-11058,Network Quality / Data Speed Slow,Negative,False,284
CUST-11058,Network Quality / Data Speed Slow,Negative,True,155
CUST-11058,Billing Discrepancy / High Charges,Negative,True,682
CUST-11058,Billing Discrepancy / High Charges,Negative,False,69
CUST-11058,Competitor Offer Inquiry,Positive,True,377
CUST-11059,Network Quality / Data Speed Slow,Negative,False,162
CUST-11059,Competitor Offer Inquiry,Positive,True,451
CUST-11059,Competitor Offer Inquiry,Neutral,True,32
CUST-11059,Billing Discrepancy / High Charges,Negative,True,106
CUST-11059,Billing Discrepancy / High Charges,Negative,False,624
CUST-11059,Network Quality / Data Speed Slow,Negative,False,77
CUST-11059,Network Quality / Data Speed Slow,Negative,False,299
CUST-11059,Competitor Offer Inquiry,Neutral,True,202
CUST-11060,Billing Discrepancy / High Charges,Negative,False,55
CUST-11060,Billing Discrepancy / High Charges,Negative,True,209
CUST-11061,Billing Discrepancy / High Charges,Negative,True,560
CUST-11061,Billing Discrepancy / High Charges,Negative,True,136
CUST-11061,Network Quality / Data Speed Slow,Negative,True,58
CUST-11062,Network Quality / Data Speed Slow,Negative,True,128
CUST-11062,Plan Upgrade Request,Negative,False,179
CUST-11063,Plan Upgrade Request,Negative,False,110
CUST-11064,Plan Upgrade Request,Neutral,True,201
CUST-11064,Network Quality / Data Speed Slow,Negative,True,67
CUST-11065,Service Disconnection Query,Negative,True,265
CUST-11065,Network Quality / Data Speed Slow,Negative,True,297
CUST-11066,Network Quality / Data Speed Slow,Negative,True,91
CUST-11066,Plan Upgrade Request,Negative,True,266
CUST-11066,Billing Discrepancy / High Charges,Negative,True,134
CUST-11066,Network Quality / Data Speed Slow,Negative,False,62
CUST-11067,Billing Discrepancy / High Charges,Negative,False,76
CUST-11068,Network Quality / Data Speed Slow,Negative,True,40
CUST-11068,Billing Discrepancy / High Charges,Negative,False,101
CUST-11068,Billing Discrepancy / High Charges,Negative,False,144
CUST-11068,Competitor Offer Inquiry,Neutral,False,242
CUST-11069,Billing Discrepancy / High Charges,Negative,True,415
CUST-11069,Network Quality / Data Speed Slow,Negative,True,99
CUST-11069,Competitor Offer Inquiry,Neutral,True,54
CUST-11069,Network Quality / Data Speed Slow,Negative,True,365
CUST-11070,Billing Discrepancy / High Charges,Negative,False,80
CUST-11071,Plan Upgrade Request,Negative,True,34
CUST-11071,Billing Discrepancy / High Charges,Negative,True,445
CUST-11071,Competitor Offer Inquiry,Neutral,True,32
CUST-11072,Service Disconnection Query,Negative,False,363
CUST-11072,Network Quality / Data Speed Slow,Negative,True,332
CUST-11072,Network Quality / Data Speed Slow,Negative,False,422
CUST-11072,Network Quality / Data Speed Slow,Negative,True,34
CUST-11072,Network Quality / Data Speed Slow,Negative,False,695
CUST-11072,Competitor Offer Inquiry,Negative,True,173
CUST-11072,Network Quality / Data Speed Slow,Negative,True,92
CUST-11073,Billing Discrepancy / High Charges,Negative,True,64
CUST-11073,Billing Discrepancy / High Charges,Negative,True,90
CUST-11074,Competitor Offer Inquiry,Positive,False,55
CUST-11074,Billing Discrepancy / High Charges,Negative,True,31
CUST-11074,Plan Upgrade Request,Negative,True,57
CUST-11074,Network Quality / Data Speed Slow,Negative,True,121
CUST-11076,Billing Discrepancy / High Charges,Negative,True,252
CUST-11076,Network Quality / Data Speed Slow,Negative,True,151
CUST-11076,Billing Discrepancy / High Charges,Negative,True,55
CUST-11076,Billing Discrepancy / High Charges,Negative,True,408
CUST-11076,Network Quality / Data Speed Slow,Negative,True,136
CUST-11076,Competitor Offer Inquiry,Neutral,True,351
CUST-11076,Network Quality / Data Speed Slow,Negative,False,256
CUST-11077,Plan Upgrade Request,Negative,True,42
CUST-11077,Service Disconnection Query,Negative,True,362
CUST-11077,Network Quality / Data Speed Slow,Negative,False,52
CUST-11077,Network Quality / Data Speed Slow,Negative,False,344
CUST-11077,Network Quality / Data Speed Slow,Negative,False,233
CUST-11077,Network Quality / Data Speed Slow,Negative,False,158
CUST-11078,Plan Upgrade Request,Neutral,False,161
CUST-11078,Plan Upgrade Request,Negative,True,173
CUST-11078,Billing Discrepancy / High Charges,Negative,True,151
CUST-11078,Service Disconnection Query,Negative,True,161
CUST-11078,Service Disconnection Query,Negative,True,140
CUST-11078,Network Quality / Data Speed Slow,Negative,True,191
CUST-11078,Network Quality / Data Speed Slow,Negative,True,62
CUST-11079,Billing Discrepancy / High Charges,Negative,True,87
CUST-11079,Service Disconnection Query,Negative,True,121
CUST-11079,Competitor Offer Inquiry,Neutral,True,227
CUST-11079,Competitor Offer Inquiry,Neutral,True,142
CUST-11079,Billing Discrepancy / High Charges,Negative,False,63
CUST-11079,SIM / Network Activation Issue,Positive,False,30
CUST-11079,Plan Upgrade Request,Positive,True,275
CUST-11080,Network Quality / Data Speed Slow,Negative,True,248
CUST-11080,Billing Discrepancy / High Charges,Negative,True,149
CUST-11080,Billing Discrepancy / High Charges,Negative,False,30
CUST-11080,Billing Discrepancy / High Charges,Negative,False,276
CUST-11080,SIM / Network Activation Issue,Positive,True,94
CUST-11081,Billing Discrepancy / High Charges,Negative,False,42
CUST-11081,Competitor Offer Inquiry,Neutral,True,84
CUST-11081,Network Quality / Data Speed Slow,Negative,False,407
CUST-11081,Network Quality / Data Speed Slow,Negative,False,83
CUST-11081,Network Quality / Data Speed Slow,Negative,True,184
CUST-11081,Network Quality / Data Speed Slow,Negative,True,49
CUST-11082,Network Quality / Data Speed Slow,Negative,False,70
CUST-11082,SIM / Network Activation Issue,Negative,False,33
CUST-11083,Service Disconnection Query,Negative,False,214
CUST-11083,Billing Discrepancy / High Charges,Negative,True,366
CUST-11085,Service Disconnection Query,Negative,False,35
CUST-11085,Network Quality / Data Speed Slow,Negative,False,139
CUST-11085,Service Disconnection Query,Negative,True,290
CUST-11085,Network Quality / Data Speed Slow,Negative,True,142
CUST-11086,Billing Discrepancy / High Charges,Negative,True,256
CUST-11086,Billing Discrepancy / High Charges,Negative,False,45
CUST-11088,Network Quality / Data Speed Slow,Negative,False,229
CUST-11088,Plan Upgrade Request,Neutral,True,112
CUST-11089,Billing Discrepancy / High Charges,Negative,True,176
CUST-11089,Billing Discrepancy / High Charges,Negative,True,452
CUST-11089,Network Quality / Data Speed Slow,Negative,False,106
CUST-11089,Billing Discrepancy / High Charges,Negative,True,281
CUST-11091,Service Disconnection Query,Negative,True,41
CUST-11091,Competitor Offer Inquiry,Positive,True,66
CUST-11091,Network Quality / Data Speed Slow,Negative,False,60
CUST-11091,SIM / Network Activation Issue,Positive,False,35
CUST-11091,Billing Discrepancy / High Charges,Negative,True,360
CUST-11091,Plan Upgrade Request,Positive,True,106
CUST-11091,SIM / Network Activation Issue,Negative,False,44
CUST-11091,Billing Discrepancy / High Charges,Negative,True,34
CUST-11092,Plan Upgrade Request,Negative,False,49
CUST-11092,Billing Discrepancy / High Charges,Negative,False,64
CUST-11093,Network Quality / Data Speed Slow,Negative,False,207
CUST-11093,Billing Discrepancy / High Charges,Negative,True,93
CUST-11094,SIM / Network Activation Issue,Positive,False,201
CUST-11094,Network Quality / Data Speed Slow,Negative,True,238
CUST-11094,Network Quality / Data Speed Slow,Negative,False,37
CUST-11094,Network Quality / Data Speed Slow,Negative,False,59
CUST-11094,Network Quality / Data Speed Slow,Negative,False,231
CUST-11094,Billing Discrepancy / High Charges,Negative,True,105
CUST-11095,Billing Discrepancy / High Charges,Negative,True,148
CUST-11095,Billing Discrepancy / High Charges,Negative,True,50
CUST-11095,Network Quality / Data Speed Slow,Negative,False,728
CUST-11095,Billing Discrepancy / High Charges,Negative,False,221
CUST-11095,Network Quality / Data Speed Slow,Negative,True,97
CUST-11095,Billing Discrepancy / High Charges,Negative,True,492
CUST-11095,Service Disconnection Query,Negative,False,429
CUST-11096,Service Disconnection Query,Negative,True,73
CUST-11097,Billing Discrepancy / High Charges,Negative,False,117
CUST-11097,Service Disconnection Query,Negative,False,181
CUST-11097,Billing Discrepancy / High Charges,Negative,False,34
CUST-11098,Network Quality / Data Speed Slow,Negative,False,267
CUST-11098,Billing Discrepancy / High Charges,Negative,False,107
CUST-11098,Plan Upgrade Request,Negative,True,343
CUST-11099,Service Disconnection Query,Negative,False,598
CUST-11099,Billing Discrepancy / High Charges,Negative,True,92
CUST-11100,Billing Discrepancy / High Charges,Negative,False,261
CUST-11100,Service Disconnection Query,Negative,True,81
CUST-11100,Network Quality / Data Speed Slow,Negative,False,315
CUST-11100,SIM / Network Activation Issue,Positive,False,272
CUST-11100,Network Quality / Data Speed Slow,Negative,True,36
CUST-11101,Competitor Offer Inquiry,Neutral,False,32
CUST-11101,Network Quality / Data Speed Slow,Negative,True,58
CUST-11101,Plan Upgrade Request,Neutral,False,277
CUST-11101,Plan Upgrade Request,Neutral,True,307
CUST-11102,Competitor Offer Inquiry,Neutral,True,234
CUST-11102,Competitor Offer Inquiry,Neutral,True,447
CUST-11102,Service Disconnection Query,Negative,True,112
CUST-11102,Network Quality / Data Speed Slow,Negative,True,205
CUST-11102,Billing Discrepancy / High Charges,Negative,True,378
CUST-11103,Plan Upgrade Request,Neutral,True,59
CUST-11103,Billing Discrepancy / High Charges,Negative,True,397
CUST-11104,SIM / Network Activation Issue,Negative,True,55
CUST-11104,Plan Upgrade Request,Positive,True,94
CUST-11104,Network Quality / Data Speed Slow,Negative,True,357
CUST-11104,Network Quality / Data Speed Slow,Negative,False,123
CUST-11105,Competitor Offer Inquiry,Neutral,True,236
CUST-11105,Network Quality / Data Speed Slow,Negative,True,154
CUST-11105,Plan Upgrade Request,Positive,False,719
CUST-11105,Service Disconnection Query,Negative,False,137
CUST-11105,Network Quality / Data Speed Slow,Negative,True,101
CUST-11105,Service Disconnection Query,Negative,False,568
CUST-11105,Billing Discrepancy / High Charges,Negative,True,184
CUST-11106,Plan Upgrade Request,Negative,True,50
CUST-11106,Billing Discrepancy / High Charges,Negative,True,127
CUST-11106,Network Quality / Data Speed Slow,Negative,True,239
CUST-11106,Competitor Offer Inquiry,Positive,False,85
CUST-11107,Competitor Offer Inquiry,Neutral,False,41
CUST-11108,Service Disconnection Query,Negative,False,384
CUST-11108,Billing Discrepancy / High Charges,Negative,False,548
CUST-11108,Network Quality / Data Speed Slow,Negative,False,86
CUST-11108,SIM / Network Activation Issue,Neutral,True,86
CUST-11108,Billing Discrepancy / High Charges,Negative,True,94
CUST-11108,Network Quality / Data Speed Slow,Negative,False,386
CUST-11108,Service Disconnection Query,Negative,True,67
CUST-11109,Service Disconnection Query,Negative,True,156
CUST-11109,Network Quality / Data Speed Slow,Negative,True,375
CUST-11109,SIM / Network Activation Issue,Positive,False,230
CUST-11110,Billing Discrepancy / High Charges,Negative,True,198
CUST-11110,Network Quality / Data Speed Slow,Negative,False,173
CUST-11110,Service Disconnection Query,Negative,False,106
CUST-11110,Service Disconnection Query,Negative,False,275
CUST-11111,Service Disconnection Query,Negative,True,547
CUST-11111,Billing Discrepancy / High Charges,Negative,False,381
CUST-11111,Network Quality / Data Speed Slow,Negative,False,1039
CUST-11111,Plan Upgrade Request,Positive,False,363
CUST-11112,Network Quality / Data Speed Slow,Negative,True,211
CUST-11112,Service Disconnection Query,Negative,False,31
CUST-11112,Billing Discrepancy / High Charges,Negative,False,347
CUST-11112,Network Quality / Data Speed Slow,Negative,False,91
CUST-11112,Network Quality / Data Speed Slow,Negative,True,60
CUST-11112,Service Disconnection Query,Negative,False,362
CUST-11113,Billing Discrepancy / High Charges,Negative,True,84
CUST-11113,Billing Discrepancy / High Charges,Negative,False,116
CUST-11113,Billing Discrepancy / High Charges,Negative,True,62
CUST-11113,Plan Upgrade Request,Negative,False,171
CUST-11113,Network Quality / Data Speed Slow,Negative,False,103
CUST-11114,Service Disconnection Query,Negative,True,60
CUST-11114,Billing Discrepancy / High Charges,Negative,True,39
CUST-11114,Competitor Offer Inquiry,Negative,True,55
CUST-11114,Billing Discrepancy / High Charges,Negative,True,111
CUST-11114,Competitor Offer Inquiry,Neutral,False,53
CUST-11115,Service Disconnection Query,Negative,False,65
CUST-11115,Service Disconnection Query,Negative,True,181
CUST-11115,Network Quality / Data Speed Slow,Negative,True,94
CUST-11116,Network Quality / Data Speed Slow,Negative,False,75
CUST-11116,Billing Discrepancy / High Charges,Negative,True,79
CUST-11117,Plan Upgrade Request,Neutral,False,172
CUST-11117,Service Disconnection Query,Negative,True,252
CUST-11117,Billing Discrepancy / High Charges,Negative,True,281
CUST-11118,Service Disconnection Query,Negative,True,475
CUST-11118,Service Disconnection Query,Negative,True,79
CUST-11118,Billing Discrepancy / High Charges,Negative,True,74
CUST-11118,Billing Discrepancy / High Charges,Negative,True,122
CUST-11118,Network Quality / Data Speed Slow,Negative,True,45
CUST-11119,Billing Discrepancy / High Charges,Negative,True,279
CUST-11119,Competitor Offer Inquiry,Neutral,True,236
CUST-11120,Network Quality / Data Speed Slow,Negative,True,50
CUST-11120,Billing Discrepancy / High Charges,Negative,True,675
CUST-11120,Billing Discrepancy / High Charges,Negative,False,151
CUST-11120,Network Quality / Data Speed Slow,Negative,True,382
CUST-11120,Network Quality / Data Speed Slow,Negative,True,73
CUST-11120,Network Quality / Data Speed Slow,Negative,True,211
CUST-11121,Network Quality / Data Speed Slow,Negative,True,354
CUST-11121,Service Disconnection Query,Negative,True,200
CUST-11121,Network Quality / Data Speed Slow,Negative,False,160
CUST-11121,Billing Discrepancy / High Charges,Negative,False,154
CUST-11121,Billing Discrepancy / High Charges,Negative,True,153
CUST-11121,Service Disconnection Query,Negative,True,30
CUST-11121,Plan Upgrade Request,Neutral,False,232
CUST-11122,Billing Discrepancy / High Charges,Negative,False,180
CUST-11122,Network Quality / Data Speed Slow,Negative,True,136
CUST-11122,Competitor Offer Inquiry,Negative,True,368
CUST-11122,Service Disconnection Query,Negative,True,57
CUST-11122,Service Disconnection Query,Negative,True,207
CUST-11123,Service Disconnection Query,Negative,True,56
CUST-11123,SIM / Network Activation Issue,Negative,True,132
CUST-11123,Billing Discrepancy / High Charges,Negative,True,110
CUST-11123,Plan Upgrade Request,Negative,True,304
CUST-11123,Network Quality / Data Speed Slow,Negative,True,160
CUST-11123,Competitor Offer Inquiry,Positive,True,79
CUST-11124,Competitor Offer Inquiry,Negative,True,213
CUST-11124,Billing Discrepancy / High Charges,Negative,True,423
CUST-11124,SIM / Network Activation Issue,Neutral,True,115
CUST-11126,Billing Discrepancy / High Charges,Negative,True,46
CUST-11126,Network Quality / Data Speed Slow,Negative,True,638
CUST-11126,Billing Discrepancy / High Charges,Negative,True,250
CUST-11126,Plan Upgrade Request,Positive,False,60
CUST-11126,Network Quality / Data Speed Slow,Negative,True,103
CUST-11126,Competitor Offer Inquiry,Negative,False,31
CUST-11126,Billing Discrepancy / High Charges,Negative,True,250
CUST-11127,Billing Discrepancy / High Charges,Negative,False,229
CUST-11127,Plan Upgrade Request,Negative,False,246
CUST-11127,Billing Discrepancy / High Charges,Negative,False,400
CUST-11127,SIM / Network Activation Issue,Neutral,True,127
CUST-11127,Billing Discrepancy / High Charges,Negative,False,81
CUST-11127,Service Disconnection Query,Negative,True,81
CUST-11128,Billing Discrepancy / High Charges,Negative,True,50
CUST-11128,Service Disconnection Query,Negative,False,71
CUST-11128,Competitor Offer Inquiry,Positive,True,152
CUST-11128,Plan Upgrade Request,Neutral,False,119
CUST-11128,Service Disconnection Query,Negative,False,94
CUST-11129,Competitor Offer Inquiry,Negative,False,680
CUST-11129,Network Quality / Data Speed Slow,Negative,True,102
CUST-11130,Billing Discrepancy / High Charges,Negative,False,159
CUST-11130,Network Quality / Data Speed Slow,Negative,True,203
CUST-11130,Billing Discrepancy / High Charges,Negative,False,121
CUST-11130,Network Quality / Data Speed Slow,Negative,True,56
CUST-11131,Network Quality / Data Speed Slow,Negative,True,233
CUST-11131,Network Quality / Data Speed Slow,Negative,False,94
CUST-11132,Network Quality / Data Speed Slow,Negative,True,520
CUST-11132,Billing Discrepancy / High Charges,Negative,True,42
CUST-11133,Service Disconnection Query,Negative,False,114
CUST-11133,Plan Upgrade Request,Negative,True,126
CUST-11133,Billing Discrepancy / High Charges,Negative,False,298
CUST-11133,SIM / Network Activation Issue,Positive,False,95
CUST-11134,Service Disconnection Query,Negative,False,191
CUST-11134,Network Quality / Data Speed Slow,Negative,True,150
CUST-11134,Competitor Offer Inquiry,Positive,True,114
CUST-11134,Billing Discrepancy / High Charges,Negative,True,292
CUST-11134,Network Quality / Data Speed Slow,Negative,True,82
CUST-11134,Billing Discrepancy / High Charges,Negative,True,165
CUST-11135,Competitor Offer Inquiry,Negative,True,119
CUST-11135,Network Quality / Data Speed Slow,Negative,False,231
CUST-11135,Service Disconnection Query,Negative,True,373
CUST-11135,SIM / Network Activation Issue,Negative,True,190
CUST-11136,Network Quality / Data Speed Slow,Negative,False,132
CUST-11136,Network Quality / Data Speed Slow,Negative,False,74
CUST-11136,Network Quality / Data Speed Slow,Negative,True,230
CUST-11137,Billing Discrepancy / High Charges,Negative,False,52
CUST-11137,Billing Discrepancy / High Charges,Negative,True,682
CUST-11137,Network Quality / Data Speed Slow,Negative,True,542
CUST-11137,Competitor Offer Inquiry,Negative,True,178
CUST-11137,Billing Discrepancy / High Charges,Negative,False,40
CUST-11138,Network Quality / Data Speed Slow,Negative,True,60
CUST-11139,Plan Upgrade Request,Negative,False,138
CUST-11139,Service Disconnection Query,Negative,False,299
CUST-11139,Network Quality / Data Speed Slow,Negative,True,116
CUST-11140,Network Quality / Data Speed Slow,Negative,True,78
CUST-11140,Competitor Offer Inquiry,Positive,False,489
CUST-11140,Plan Upgrade Request,Negative,True,231
CUST-11140,Billing Discrepancy / High Charges,Negative,True,301
CUST-11140,Service Disconnection Query,Negative,True,48
CUST-11141,Competitor Offer Inquiry,Neutral,True,217
CUST-11141,Billing Discrepancy / High Charges,Negative,False,55
CUST-11141,Competitor Offer Inquiry,Neutral,False,201
CUST-11141,Network Quality / Data Speed Slow,Negative,True,95
CUST-11141,Billing Discrepancy / High Charges,Negative,True,219
CUST-11141,Network Quality / Data Speed Slow,Negative,False,297
CUST-11141,Network Quality / Data Speed Slow,Negative,False,615
CUST-11141,Network Quality / Data Speed Slow,Negative,False,197
CUST-11142,Billing Discrepancy / High Charges,Negative,True,278
CUST-11142,Billing Discrepancy / High Charges,Negative,False,328
CUST-11142,Billing Discrepancy / High Charges,Negative,True,57
CUST-11143,Network Quality / Data Speed Slow,Negative,False,53
CUST-11143,Billing Discrepancy / High Charges,Negative,True,391
CUST-11143,Billing Discrepancy / High Charges,Negative,False,270
CUST-11143,SIM / Network Activation Issue,Positive,True,220
CUST-11143,Plan Upgrade Request,Neutral,False,63
CUST-11144,Network Quality / Data Speed Slow,Negative,False,77
CUST-11144,Billing Discrepancy / High Charges,Negative,True,235
CUST-11144,Billing Discrepancy / High Charges,Negative,False,87
CUST-11144,Network Quality / Data Speed Slow,Negative,False,258
CUST-11144,Billing Discrepancy / High Charges,Negative,False,47
CUST-11145,SIM / Network Activation Issue,Neutral,False,43
CUST-11145,Billing Discrepancy / High Charges,Negative,False,86
CUST-11147,Network Quality / Data Speed Slow,Negative,False,218
CUST-11147,Service Disconnection Query,Negative,True,1062
CUST-11147,Network Quality / Data Speed Slow,Negative,False,448
CUST-11147,Billing Discrepancy / High Charges,Negative,True,298
CUST-11147,Network Quality / Data Speed Slow,Negative,True,448
CUST-11148,Network Quality / Data Speed Slow,Negative,False,264
CUST-11148,Service Disconnection Query,Negative,True,67
CUST-11148,Competitor Offer Inquiry,Positive,True,347
CUST-11148,Service Disconnection Query,Negative,False,157
CUST-11149,Plan Upgrade Request,Positive,True,135
CUST-11149,Plan Upgrade Request,Positive,True,129
CUST-11149,Network Quality / Data Speed Slow,Negative,True,412
CUST-11149,Competitor Offer Inquiry,Positive,False,212
CUST-11150,Network Quality / Data Speed Slow,Negative,False,209
CUST-11150,Network Quality / Data Speed Slow,Negative,True,310
CUST-11150,Service Disconnection Query,Negative,True,58
CUST-11151,Service Disconnection Query,Negative,True,295
CUST-11151,Plan Upgrade Request,Positive,True,93
CUST-11151,Billing Discrepancy / High Charges,Negative,True,324
CUST-11151,Billing Discrepancy / High Charges,Negative,False,54
CUST-11152,Service Disconnection Query,Negative,False,108
CUST-11152,Network Quality / Data Speed Slow,Negative,False,211
CUST-11153,Network Quality / Data Speed Slow,Negative,False,147
CUST-11153,Service Disconnection Query,Negative,True,84
CUST-11153,Network Quality / Data Speed Slow,Negative,True,934
CUST-11153,Plan Upgrade Request,Neutral,False,44
CUST-11154,Network Quality / Data Speed Slow,Negative,False,179
CUST-11154,Plan Upgrade Request,Negative,False,122
CUST-11154,Billing Discrepancy / High Charges,Negative,False,237
CUST-11154,Plan Upgrade Request,Negative,True,61
CUST-11154,Network Quality / Data Speed Slow,Negative,True,33
CUST-11155,Billing Discrepancy / High Charges,Negative,False,62
CUST-11155,Network Quality / Data Speed Slow,Negative,False,202
CUST-11155,Network Quality / Data Speed Slow,Negative,False,223
CUST-11155,Network Quality / Data Speed Slow,Negative,True,60
CUST-11156,Service Disconnection Query,Negative,True,176
CUST-11156,SIM / Network Activation Issue,Positive,True,122
CUST-11156,Service Disconnection Query,Negative,True,32
CUST-11156,Network Quality / Data Speed Slow,Negative,True,186
CUST-11156,Plan Upgrade Request,Negative,False,188
CUST-11156,Network Quality / Data Speed Slow,Negative,True,46
CUST-11157,Competitor Offer Inquiry,Positive,True,292
CUST-11157,Billing Discrepancy / High Charges,Negative,True,143
CUST-11157,Billing Discrepancy / High Charges,Negative,False,352
CUST-11157,Billing Discrepancy / High Charges,Negative,False,93
CUST-11157,Plan Upgrade Request,Negative,True,187
CUST-11157,Service Disconnection Query,Negative,False,384
CUST-11157,Plan Upgrade Request,Negative,True,79
CUST-11157,Billing Discrepancy / High Charges,Negative,True,72
CUST-11158,Billing Discrepancy / High Charges,Negative,False,34
CUST-11158,Competitor Offer Inquiry,Positive,False,90
CUST-11158,Billing Discrepancy / High Charges,Negative,True,200
CUST-11158,Service Disconnection Query,Negative,False,161
CUST-11158,Network Quality / Data Speed Slow,Negative,True,146
CUST-11158,Network Quality / Data Speed Slow,Negative,True,98
CUST-11158,Network Quality / Data Speed Slow,Negative,True,288
CUST-11158,Billing Discrepancy / High Charges,Negative,False,75
CUST-11159,Network Quality / Data Speed Slow,Negative,False,437
CUST-11160,Plan Upgrade Request,Neutral,True,198
CUST-11160,Competitor Offer Inquiry,Neutral,False,31
CUST-11161,SIM / Network Activation Issue,Positive,False,311
CUST-11161,Network Quality / Data Speed Slow,Negative,True,51
CUST-11161,SIM / Network Activation Issue,Positive,True,34
CUST-11161,Competitor Offer Inquiry,Negative,True,211
CUST-11162,Network Quality / Data Speed Slow,Negative,False,34
CUST-11162,Network Quality / Data Speed Slow,Negative,True,350
CUST-11164,Network Quality / Data Speed Slow,Negative,True,33
CUST-11164,Network Quality / Data Speed Slow,Negative,False,68
CUST-11164,Plan Upgrade Request,Neutral,True,92
CUST-11164,Network Quality / Data Speed Slow,Negative,True,133
CUST-11165,SIM / Network Activation Issue,Negative,True,490
CUST-11165,Billing Discrepancy / High Charges,Negative,False,153
CUST-11165,Network Quality / Data Speed Slow,Negative,True,38
CUST-11165,Network Quality / Data Speed Slow,Negative,False,219
CUST-11165,Service Disconnection Query,Negative,False,117
CUST-11167,Network Quality / Data Speed Slow,Negative,False,160
CUST-11167,Billing Discrepancy / High Charges,Negative,False,117
CUST-11168,SIM / Network Activation Issue,Negative,True,31
CUST-11169,Network Quality / Data Speed Slow,Negative,True,143
CUST-11169,Billing Discrepancy / High Charges,Negative,False,295
CUST-11169,Network Quality / Data Speed Slow,Negative,False,173
CUST-11169,Service Disconnection Query,Negative,True,47
CUST-11169,Plan Upgrade Request,Positive,False,61
CUST-11170,Plan Upgrade Request,Positive,False,56
CUST-11170,Network Quality / Data Speed Slow,Negative,True,120
CUST-11170,Billing Discrepancy / High Charges,Negative,False,222
CUST-11171,Network Quality / Data Speed Slow,Negative,True,128
CUST-11171,Billing Discrepancy / High Charges,Negative,False,85
CUST-11171,Service Disconnection Query,Negative,True,177
CUST-11172,Plan Upgrade Request,Negative,False,291
CUST-11172,Billing Discrepancy / High Charges,Negative,True,144
CUST-11172,Network Quality / Data Speed Slow,Negative,True,857
CUST-11172,Network Quality / Data Speed Slow,Negative,True,392
CUST-11172,Billing Discrepancy / High Charges,Negative,False,346
CUST-11172,Billing Discrepancy / High Charges,Negative,False,106
CUST-11173,Service Disconnection Query,Negative,True,59
CUST-11173,Plan Upgrade Request,Neutral,False,220
CUST-11174,Network Quality / Data Speed Slow,Negative,False,720
CUST-11174,Billing Discrepancy / High Charges,Negative,True,183
CUST-11174,Plan Upgrade Request,Positive,False,78
CUST-11174,Plan Upgrade Request,Negative,True,60
CUST-11175,Plan Upgrade Request,Neutral,False,398
CUST-11176,Service Disconnection Query,Negative,False,234
CUST-11176,Network Quality / Data Speed Slow,Negative,False,212
CUST-11176,Network Quality / Data Speed Slow,Negative,False,351
CUST-11176,Competitor Offer Inquiry,Neutral,False,124
CUST-11176,Network Quality / Data Speed Slow,Negative,True,330
CUST-11177,Network Quality / Data Speed Slow,Negative,True,507
CUST-11178,Plan Upgrade Request,Positive,True,192
CUST-11178,Service Disconnection Query,Negative,True,398
CUST-11178,Network Quality / Data Speed Slow,Negative,True,663
CUST-11179,Network Quality / Data Speed Slow,Negative,False,249
CUST-11179,Network Quality / Data Speed Slow,Negative,True,161
CUST-11180,Competitor Offer Inquiry,Positive,False,128
CUST-11180,Network Quality / Data Speed Slow,Negative,True,555
CUST-11180,Service Disconnection Query,Negative,True,42
CUST-11180,Billing Discrepancy / High Charges,Negative,False,50
CUST-11181,Billing Discrepancy / High Charges,Negative,True,263
CUST-11182,Network Quality / Data Speed Slow,Negative,True,234
CUST-11182,Billing Discrepancy / High Charges,Negative,False,60
CUST-11182,Billing Discrepancy / High Charges,Negative,True,213
CUST-11182,Network Quality / Data Speed Slow,Negative,True,101
CUST-11182,Billing Discrepancy / High Charges,Negative,True,186
CUST-11183,Billing Discrepancy / High Charges,Negative,True,105
CUST-11183,Network Quality / Data Speed Slow,Negative,True,47
CUST-11183,Network Quality / Data Speed Slow,Negative,False,207
CUST-11183,Billing Discrepancy / High Charges,Negative,False,614
CUST-11183,Billing Discrepancy / High Charges,Negative,True,715
CUST-11183,Service Disconnection Query,Negative,False,194
CUST-11184,Billing Discrepancy / High Charges,Negative,True,220
CUST-11184,Billing Discrepancy / High Charges,Negative,False,461
CUST-11184,Billing Discrepancy / High Charges,Negative,True,244
CUST-11185,Network Quality / Data Speed Slow,Negative,False,223
CUST-11185,Network Quality / Data Speed Slow,Negative,True,279
CUST-11185,Network Quality / Data Speed Slow,Negative,True,150
CUST-11185,Service Disconnection Query,Negative,True,257
CUST-11185,Billing Discrepancy / High Charges,Negative,True,95
CUST-11185,Network Quality / Data Speed Slow,Negative,False,750
CUST-11185,Network Quality / Data Speed Slow,Negative,True,706
CUST-11186,Billing Discrepancy / High Charges,Negative,True,50
CUST-11187,Service Disconnection Query,Negative,True,213
CUST-11187,Billing Discrepancy / High Charges,Negative,True,64
CUST-11188,Competitor Offer Inquiry,Negative,False,310
CUST-11188,Service Disconnection Query,Negative,True,264
CUST-11189,Billing Discrepancy / High Charges,Negative,True,119
CUST-11189,Network Quality / Data Speed Slow,Negative,True,93
CUST-11189,Billing Discrepancy / High Charges,Negative,True,250
CUST-11189,Billing Discrepancy / High Charges,Negative,False,47
CUST-11189,Plan Upgrade Request,Positive,True,113
CUST-11190,Billing Discrepancy / High Charges,Negative,True,123
CUST-11190,Service Disconnection Query,Negative,True,144
CUST-11190,Network Quality / Data Speed Slow,Negative,True,51
CUST-11190,Network Quality / Data Speed Slow,Negative,True,45
CUST-11191,Billing Discrepancy / High Charges,Negative,True,131
CUST-11191,Network Quality / Data Speed Slow,Negative,True,210
CUST-11192,Service Disconnection Query,Negative,True,702
CUST-11192,Competitor Offer Inquiry,Positive,True,395
CUST-11192,Network Quality / Data Speed Slow,Negative,True,586
CUST-11192,Plan Upgrade Request,Neutral,False,60
CUST-11193,Network Quality / Data Speed Slow,Negative,True,151
CUST-11193,Service Disconnection Query,Negative,False,226
CUST-11193,Plan Upgrade Request,Positive,False,89
CUST-11193,Network Quality / Data Speed Slow,Negative,False,40
CUST-11193,Billing Discrepancy / High Charges,Negative,True,146
CUST-11194,Network Quality / Data Speed Slow,Negative,True,278
CUST-11194,Network Quality / Data Speed Slow,Negative,False,285
CUST-11194,Network Quality / Data Speed Slow,Negative,False,61
CUST-11194,Service Disconnection Query,Negative,True,66
CUST-11194,Competitor Offer Inquiry,Negative,True,116
CUST-11195,Service Disconnection Query,Negative,False,136
CUST-11195,Billing Discrepancy / High Charges,Negative,False,276
CUST-11196,Network Quality / Data Speed Slow,Negative,True,107
CUST-11196,Network Quality / Data Speed Slow,Negative,True,64
CUST-11197,Service Disconnection Query,Negative,True,105
CUST-11197,Plan Upgrade Request,Neutral,True,300
CUST-11197,Network Quality / Data Speed Slow,Negative,True,65
CUST-11197,Plan Upgrade Request,Negative,False,446
CUST-11197,Billing Discrepancy / High Charges,Negative,False,141
CUST-11197,Network Quality / Data Speed Slow,Negative,True,161
CUST-11198,Competitor Offer Inquiry,Neutral,False,640
CUST-11198,Network Quality / Data Speed Slow,Negative,True,130
CUST-11199,Plan Upgrade Request,Negative,False,79
CUST-11200,Network Quality / Data Speed Slow,Negative,True,325
CUST-11201,Service Disconnection Query,Negative,True,74
CUST-11202,Service Disconnection Query,Negative,True,748
CUST-11202,Billing Discrepancy / High Charges,Negative,True,382
CUST-11202,Network Quality / Data Speed Slow,Negative,True,101
CUST-11203,Service Disconnection Query,Negative,True,116
CUST-11203,Network Quality / Data Speed Slow,Negative,False,104
CUST-11203,Network Quality / Data Speed Slow,Negative,True,249
CUST-11203,Service Disconnection Query,Negative,True,331
CUST-11204,Billing Discrepancy / High Charges,Negative,True,367
CUST-11204,Billing Discrepancy / High Charges,Negative,False,529
CUST-11205,Billing Discrepancy / High Charges,Negative,True,398
CUST-11205,Network Quality / Data Speed Slow,Negative,True,71
CUST-11205,Network Quality / Data Speed Slow,Negative,False,131
CUST-11205,Plan Upgrade Request,Negative,True,144
CUST-11206,Plan Upgrade Request,Neutral,False,169
CUST-11206,Billing Discrepancy / High Charges,Negative,True,132
CUST-11206,Network Quality / Data Speed Slow,Negative,False,54
CUST-11207,Competitor Offer Inquiry,Negative,True,132
CUST-11207,Network Quality / Data Speed Slow,Negative,False,174
CUST-11207,Billing Discrepancy / High Charges,Negative,True,221
CUST-11207,Competitor Offer Inquiry,Neutral,False,41
CUST-11207,Service Disconnection Query,Negative,True,244
CUST-11207,Billing Discrepancy / High Charges,Negative,False,36
CUST-11208,Network Quality / Data Speed Slow,Negative,True,410
CUST-11208,Billing Discrepancy / High Charges,Negative,True,55
CUST-11208,Billing Discrepancy / High Charges,Negative,True,98
CUST-11209,Service Disconnection Query,Negative,True,217
CUST-11209,Service Disconnection Query,Negative,False,276
CUST-11209,Network Quality / Data Speed Slow,Negative,False,57
CUST-11210,Network Quality / Data Speed Slow,Negative,False,372
CUST-11211,Network Quality / Data Speed Slow,Negative,True,180
CUST-11211,Network Quality / Data Speed Slow,Negative,False,73
CUST-11211,Network Quality / Data Speed Slow,Negative,True,386
CUST-11212,Plan Upgrade Request,Negative,False,926
CUST-11212,Plan Upgrade Request,Positive,True,69
CUST-11212,SIM / Network Activation Issue,Negative,True,44
CUST-11212,Competitor Offer Inquiry,Negative,False,159
CUST-11212,Billing Discrepancy / High Charges,Negative,False,96
CUST-11212,Plan Upgrade Request,Positive,True,505
CUST-11212,Network Quality / Data Speed Slow,Negative,False,50
CUST-11212,Service Disconnection Query,Negative,True,109
CUST-11213,Network Quality / Data Speed Slow,Negative,False,34
CUST-11213,Billing Discrepancy / High Charges,Negative,False,267
CUST-11213,Competitor Offer Inquiry,Negative,True,108
CUST-11214,Billing Discrepancy / High Charges,Negative,True,47
CUST-11214,Network Quality / Data Speed Slow,Negative,False,104
CUST-11214,Plan Upgrade Request,Negative,False,287
CUST-11214,Network Quality / Data Speed Slow,Negative,True,73
CUST-11214,Service Disconnection Query,Negative,False,75
CUST-11214,Service Disconnection Query,Negative,True,340
CUST-11215,Service Disconnection Query,Negative,False,59
CUST-11215,Competitor Offer Inquiry,Neutral,True,290
CUST-11215,Network Quality / Data Speed Slow,Negative,False,132
CUST-11215,Billing Discrepancy / High Charges,Negative,False,383
CUST-11215,Network Quality / Data Speed Slow,Negative,False,133
CUST-11215,Network Quality / Data Speed Slow,Negative,False,43
CUST-11215,Network Quality / Data Speed Slow,Negative,True,95
CUST-11216,Network Quality / Data Speed Slow,Negative,False,133
CUST-11217,Billing Discrepancy / High Charges,Negative,True,133
CUST-11217,Billing Discrepancy / High Charges,Negative,True,74
CUST-11217,Network Quality / Data Speed Slow,Negative,True,228
CUST-11217,Network Quality / Data Speed Slow,Negative,True,160
CUST-11217,Competitor Offer Inquiry,Positive,False,683
CUST-11217,SIM / Network Activation Issue,Positive,True,207
CUST-11217,Service Disconnection Query,Negative,True,131
CUST-11218,Network Quality / Data Speed Slow,Negative,True,181
CUST-11218,Network Quality / Data Speed Slow,Negative,True,78
CUST-11218,Billing Discrepancy / High Charges,Negative,True,154
CUST-11218,Competitor Offer Inquiry,Positive,True,73
CUST-11219,Billing Discrepancy / High Charges,Negative,True,343
CUST-11219,Plan Upgrade Request,Neutral,True,350
CUST-11219,Service Disconnection Query,Negative,True,281
CUST-11219,Network Quality / Data Speed Slow,Negative,False,52
CUST-11220,Plan Upgrade Request,Negative,True,44
CUST-11220,Billing Discrepancy / High Charges,Negative,True,60
CUST-11221,Billing Discrepancy / High Charges,Negative,False,61
CUST-11221,Network Quality / Data Speed Slow,Negative,True,214
CUST-11221,Plan Upgrade Request,Neutral,True,177
CUST-11221,Competitor Offer Inquiry,Positive,True,982
CUST-11222,Service Disconnection Query,Negative,False,213
CUST-11222,Competitor Offer Inquiry,Positive,False,541
CUST-11222,SIM / Network Activation Issue,Negative,True,77
CUST-11222,Network Quality / Data Speed Slow,Negative,True,246
CUST-11222,Network Quality / Data Speed Slow,Negative,False,443
CUST-11222,Network Quality / Data Speed Slow,Negative,True,354
CUST-11223,Competitor Offer Inquiry,Neutral,False,190
CUST-11223,Network Quality / Data Speed Slow,Negative,False,144
CUST-11223,Service Disconnection Query,Negative,True,334
CUST-11223,Network Quality / Data Speed Slow,Negative,True,119
CUST-11224,Network Quality / Data Speed Slow,Negative,False,51
CUST-11224,Billing Discrepancy / High Charges,Negative,False,186
CUST-11224,Network Quality / Data Speed Slow,Negative,False,154
CUST-11224,Network Quality / Data Speed Slow,Negative,True,191
CUST-11224,Plan Upgrade Request,Negative,True,192
CUST-11224,Network Quality / Data Speed Slow,Negative,True,553
CUST-11224,Network Quality / Data Speed Slow,Negative,True,438
CUST-11225,Network Quality / Data Speed Slow,Negative,True,305
CUST-11225,Network Quality / Data Speed Slow,Negative,False,294
CUST-11225,Billing Discrepancy / High Charges,Negative,True,661
CUST-11225,Plan Upgrade Request,Neutral,False,187
CUST-11225,Network Quality / Data Speed Slow,Negative,True,937
CUST-11225,Billing Discrepancy / High Charges,Negative,True,516
CUST-11226,Network Quality / Data Speed Slow,Negative,False,160
CUST-11226,Network Quality / Data Speed Slow,Negative,True,505
CUST-11226,Competitor Offer Inquiry,Negative,True,364
CUST-11226,Network Quality / Data Speed Slow,Negative,True,43
CUST-11226,Competitor Offer Inquiry,Negative,True,276
CUST-11226,SIM / Network Activation Issue,Negative,False,111
CUST-11226,Billing Discrepancy / High Charges,Negative,False,264
CUST-11228,Billing Discrepancy / High Charges,Negative,True,493
CUST-11229,Plan Upgrade Request,Neutral,False,52
CUST-11229,Billing Discrepancy / High Charges,Negative,False,110
CUST-11229,Network Quality / Data Speed Slow,Negative,False,74
CUST-11229,Billing Discrepancy / High Charges,Negative,True,186
CUST-11229,Plan Upgrade Request,Negative,False,205
CUST-11230,Billing Discrepancy / High Charges,Negative,True,145
CUST-11230,Network Quality / Data Speed Slow,Negative,True,61
CUST-11230,Plan Upgrade Request,Positive,True,193
CUST-11231,Network Quality / Data Speed Slow,Negative,True,110
CUST-11231,Competitor Offer Inquiry,Neutral,True,112
CUST-11231,Competitor Offer Inquiry,Neutral,False,94
CUST-11232,Billing Discrepancy / High Charges,Negative,True,265
CUST-11232,Network Quality / Data Speed Slow,Negative,True,1005
CUST-11232,Billing Discrepancy / High Charges,Negative,True,155
CUST-11233,Service Disconnection Query,Negative,True,63
CUST-11233,Service Disconnection Query,Negative,True,471
CUST-11233,Plan Upgrade Request,Positive,True,338
CUST-11233,Billing Discrepancy / High Charges,Negative,True,141
CUST-11234,Billing Discrepancy / High Charges,Negative,False,107
CUST-11234,Network Quality / Data Speed Slow,Negative,True,51
CUST-11235,Competitor Offer Inquiry,Positive,True,46
CUST-11235,Plan Upgrade Request,Positive,False,360
CUST-11235,Network Quality / Data Speed Slow,Negative,False,37
CUST-11235,Billing Discrepancy / High Charges,Negative,False,378
CUST-11235,Billing Discrepancy / High Charges,Negative,True,72
CUST-11235,Billing Discrepancy / High Charges,Negative,True,36
CUST-11236,Billing Discrepancy / High Charges,Negative,False,135
CUST-11236,Network Quality / Data Speed Slow,Negative,False,85
CUST-11237,Service Disconnection Query,Negative,True,129
CUST-11237,Billing Discrepancy / High Charges,Negative,True,160
CUST-11238,Network Quality / Data Speed Slow,Negative,True,148
CUST-11239,Network Quality / Data Speed Slow,Negative,False,391
CUST-11239,SIM / Network Activation Issue,Positive,False,64
CUST-11240,Network Quality / Data Speed Slow,Negative,True,155
CUST-11240,Service Disconnection Query,Negative,False,86
CUST-11241,Network Quality / Data Speed Slow,Negative,True,40
CUST-11241,Network Quality / Data Speed Slow,Negative,False,63
CUST-11242,Plan Upgrade Request,Neutral,False,138
CUST-11242,Billing Discrepancy / High Charges,Negative,False,331
CUST-11242,Plan Upgrade Request,Positive,True,48
CUST-11243,Competitor Offer Inquiry,Neutral,True,179
CUST-11243,Billing Discrepancy / High Charges,Negative,False,34
CUST-11243,Network Quality / Data Speed Slow,Negative,False,40
CUST-11243,Network Quality / Data Speed Slow,Negative,True,280
CUST-11243,Billing Discrepancy / High Charges,Negative,False,76
CUST-11244,SIM / Network Activation Issue,Neutral,False,181
CUST-11244,Service Disconnection Query,Negative,False,56
CUST-11244,Network Quality / Data Speed Slow,Negative,True,124
CUST-11245,Network Quality / Data Speed Slow,Negative,True,305
CUST-11245,Billing Discrepancy / High Charges,Negative,True,59
CUST-11245,Network Quality / Data Speed Slow,Negative,False,35
CUST-11245,Competitor Offer Inquiry,Negative,False,255
CUST-11245,SIM / Network Activation Issue,Neutral,False,660
CUST-11245,Network Quality / Data Speed Slow,Negative,False,83
CUST-11246,Billing Discrepancy / High Charges,Negative,True,974
CUST-11246,Network Quality / Data Speed Slow,Negative,True,192
CUST-11246,SIM / Network Activation Issue,Positive,False,420
CUST-11247,Billing Discrepancy / High Charges,Negative,False,224
CUST-11247,Billing Discrepancy / High Charges,Negative,True,115
CUST-11248,Network Quality / Data Speed Slow,Negative,False,345
CUST-11248,Billing Discrepancy / High Charges,Negative,False,421
CUST-11248,Competitor Offer Inquiry,Negative,True,178
CUST-11248,Network Quality / Data Speed Slow,Negative,False,346
CUST-11248,Competitor Offer Inquiry,Negative,False,315
CUST-11249,Network Quality / Data Speed Slow,Negative,True,257
CUST-11249,Billing Discrepancy / High Charges,Negative,True,281
CUST-11249,SIM / Network Activation Issue,Positive,False,306
CUST-11249,Service Disconnection Query,Negative,False,50
CUST-11249,Competitor Offer Inquiry,Neutral,False,141
CUST-11250,Billing Discrepancy / High Charges,Negative,True,39
CUST-11250,Plan Upgrade Request,Neutral,True,205
CUST-11250,Service Disconnection Query,Negative,True,241
CUST-11250,Network Quality / Data Speed Slow,Negative,True,145
CUST-11251,Service Disconnection Query,Negative,True,138
CUST-11251,Plan Upgrade Request,Negative,True,101
CUST-11251,Plan Upgrade Request,Neutral,True,243
CUST-11251,Competitor Offer Inquiry,Neutral,False,303
CUST-11251,Plan Upgrade Request,Negative,True,218
CUST-11251,Service Disconnection Query,Negative,False,495
CUST-11251,Network Quality / Data Speed Slow,Negative,True,106
CUST-11252,Network Quality / Data Speed Slow,Negative,True,150
CUST-11252,Service Disconnection Query,Negative,False,54
CUST-11252,Service Disconnection Query,Negative,False,118
CUST-11252,Network Quality / Data Speed Slow,Negative,False,221
CUST-11252,Competitor Offer Inquiry,Negative,True,183
CUST-11253,Competitor Offer Inquiry,Neutral,True,34
CUST-11253,Billing Discrepancy / High Charges,Negative,True,84
CUST-11253,Plan Upgrade Request,Neutral,False,98
CUST-11253,Billing Discrepancy / High Charges,Negative,False,89
CUST-11253,Billing Discrepancy / High Charges,Negative,True,33
CUST-11253,SIM / Network Activation Issue,Negative,True,86
CUST-11254,Plan Upgrade Request,Neutral,True,134
CUST-11254,Network Quality / Data Speed Slow,Negative,True,48
CUST-11254,Network Quality / Data Speed Slow,Negative,False,184
CUST-11254,Network Quality / Data Speed Slow,Negative,True,1110
CUST-11255,Service Disconnection Query,Negative,False,34
CUST-11256,Network Quality / Data Speed Slow,Negative,False,68
CUST-11256,Billing Discrepancy / High Charges,Negative,True,65
CUST-11256,Network Quality / Data Speed Slow,Negative,True,271
CUST-11256,Network Quality / Data Speed Slow,Negative,True,223
CUST-11256,Billing Discrepancy / High Charges,Negative,False,286
CUST-11257,Network Quality / Data Speed Slow,Negative,True,265
CUST-11257,Billing Discrepancy / High Charges,Negative,True,103
CUST-11257,SIM / Network Activation Issue,Positive,True,734
CUST-11258,Billing Discrepancy / High Charges,Negative,False,247
CUST-11258,Billing Discrepancy / High Charges,Negative,True,158
CUST-11258,Plan Upgrade Request,Neutral,True,299
CUST-11258,Network Quality / Data Speed Slow,Negative,True,39
CUST-11258,Competitor Offer Inquiry,Negative,True,254
CUST-11258,Service Disconnection Query,Negative,True,65
CUST-11258,Network Quality / Data Speed Slow,Negative,True,111
CUST-11258,Network Quality / Data Speed Slow,Negative,True,470
CUST-11259,Network Quality / Data Speed Slow,Negative,True,737
CUST-11259,Plan Upgrade Request,Negative,False,373
CUST-11259,Network Quality / Data Speed Slow,Negative,False,201
CUST-11259,Service Disconnection Query,Negative,False,224
CUST-11259,Competitor Offer Inquiry,Positive,True,403
CUST-11261,Billing Discrepancy / High Charges,Negative,False,189
CUST-11261,Network Quality / Data Speed Slow,Negative,True,44
CUST-11262,Network Quality / Data Speed Slow,Negative,True,128
CUST-11262,Network Quality / Data Speed Slow,Negative,False,279
CUST-11262,Billing Discrepancy / High Charges,Negative,True,83
CUST-11262,Billing Discrepancy / High Charges,Negative,False,304
CUST-11263,Network Quality / Data Speed Slow,Negative,False,274
CUST-11263,Billing Discrepancy / High Charges,Negative,True,169
CUST-11263,Billing Discrepancy / High Charges,Negative,True,141
CUST-11263,Network Quality / Data Speed Slow,Negative,True,48
CUST-11263,Network Quality / Data Speed Slow,Negative,True,80
CUST-11263,Network Quality / Data Speed Slow,Negative,False,337
CUST-11263,Network Quality / Data Speed Slow,Negative,True,364
CUST-11264,Plan Upgrade Request,Positive,True,187
CUST-11264,Network Quality / Data Speed Slow,Negative,False,79
CUST-11264,Service Disconnection Query,Negative,False,163
CUST-11264,Competitor Offer Inquiry,Neutral,True,207
CUST-11265,Service Disconnection Query,Negative,True,50
CUST-11265,Network Quality / Data Speed Slow,Negative,False,436
CUST-11265,Billing Discrepancy / High Charges,Negative,True,76
CUST-11266,Billing Discrepancy / High Charges,Negative,True,221
CUST-11266,Competitor Offer Inquiry,Positive,True,875
CUST-11266,Network Quality / Data Speed Slow,Negative,True,220
CUST-11267,Network Quality / Data Speed Slow,Negative,False,224
CUST-11267,Billing Discrepancy / High Charges,Negative,True,482
CUST-11267,Network Quality / Data Speed Slow,Negative,True,292
CUST-11267,Network Quality / Data Speed Slow,Negative,False,164
CUST-11268,Billing Discrepancy / High Charges,Negative,True,393
CUST-11268,Competitor Offer Inquiry,Negative,False,127
CUST-11269,Network Quality / Data Speed Slow,Negative,False,55
CUST-11269,Network Quality / Data Speed Slow,Negative,False,129
CUST-11270,Billing Discrepancy / High Charges,Negative,True,41
CUST-11270,Billing Discrepancy / High Charges,Negative,True,291
CUST-11270,Billing Discrepancy / High Charges,Negative,False,52
CUST-11271,Network Quality / Data Speed Slow,Negative,True,296
CUST-11271,Service Disconnection Query,Negative,True,35
CUST-11271,Plan Upgrade Request,Positive,False,177
CUST-11272,Billing Discrepancy / High Charges,Negative,False,91
CUST-11272,Billing Discrepancy / High Charges,Negative,False,645
CUST-11273,Network Quality / Data Speed Slow,Negative,True,103
CUST-11273,Network Quality / Data Speed Slow,Negative,True,136
CUST-11273,Service Disconnection Query,Negative,True,500
CUST-11274,Billing Discrepancy / High Charges,Negative,False,197
CUST-11274,Competitor Offer Inquiry,Neutral,False,267
CUST-11274,Billing Discrepancy / High Charges,Negative,True,275
CUST-11274,Competitor Offer Inquiry,Neutral,False,40
CUST-11274,Billing Discrepancy / High Charges,Negative,True,164
CUST-11274,SIM / Network Activation Issue,Positive,True,574
CUST-11275,Billing Discrepancy / High Charges,Negative,False,40
CUST-11275,Competitor Offer Inquiry,Neutral,True,566
CUST-11275,Competitor Offer Inquiry,Negative,True,132
CUST-11275,Network Quality / Data Speed Slow,Negative,False,95
CUST-11276,Plan Upgrade Request,Neutral,False,72
CUST-11276,Billing Discrepancy / High Charges,Negative,True,183
CUST-11276,Service Disconnection Query,Negative,False,85
CUST-11276,Service Disconnection Query,Negative,False,243
CUST-11276,Billing Discrepancy / High Charges,Negative,False,147
CUST-11276,Network Quality / Data Speed Slow,Negative,False,54
CUST-11276,Network Quality / Data Speed Slow,Negative,True,169
CUST-11277,Network Quality / Data Speed Slow,Negative,True,311
CUST-11277,Billing Discrepancy / High Charges,Negative,True,421
CUST-11278,Billing Discrepancy / High Charges,Negative,False,101
CUST-11278,Billing Discrepancy / High Charges,Negative,False,93
CUST-11278,Plan Upgrade Request,Neutral,True,254
CUST-11279,Network Quality / Data Speed Slow,Negative,False,174
CUST-11279,Network Quality / Data Speed Slow,Negative,False,418
CUST-11279,Network Quality / Data Speed Slow,Negative,False,103
CUST-11279,Service Disconnection Query,Negative,True,31
CUST-11279,Network Quality / Data Speed Slow,Negative,False,167
CUST-11279,Billing Discrepancy / High Charges,Negative,False,39
CUST-11280,Billing Discrepancy / High Charges,Negative,False,123
CUST-11280,Network Quality / Data Speed Slow,Negative,False,119
CUST-11281,Network Quality / Data Speed Slow,Negative,True,74
CUST-11281,Billing Discrepancy / High Charges,Negative,True,110
CUST-11281,Service Disconnection Query,Negative,False,315
CUST-11282,Plan Upgrade Request,Neutral,False,42
CUST-11282,Network Quality / Data Speed Slow,Negative,True,77
CUST-11283,Competitor Offer Inquiry,Positive,True,550
CUST-11283,Billing Discrepancy / High Charges,Negative,True,91
CUST-11283,Network Quality / Data Speed Slow,Negative,True,84
CUST-11283,Billing Discrepancy / High Charges,Negative,True,673
CUST-11283,Billing Discrepancy / High Charges,Negative,True,164
CUST-11283,Network Quality / Data Speed Slow,Negative,False,141
CUST-11284,Network Quality / Data Speed Slow,Negative,True,110
CUST-11284,Billing Discrepancy / High Charges,Negative,True,193
CUST-11284,Service Disconnection Query,Negative,False,122
CUST-11285,Service Disconnection Query,Negative,True,159
CUST-11285,Network Quality / Data Speed Slow,Negative,True,187
CUST-11285,Service Disconnection Query,Negative,True,71
CUST-11285,Competitor Offer Inquiry,Neutral,False,126
CUST-11286,Network Quality / Data Speed Slow,Negative,True,156
CUST-11286,SIM / Network Activation Issue,Neutral,False,107
CUST-11286,Plan Upgrade Request,Negative,False,80
CUST-11286,Network Quality / Data Speed Slow,Negative,True,128
CUST-11286,Plan Upgrade Request,Neutral,True,184
CUST-11286,Network Quality / Data Speed Slow,Negative,True,221
CUST-11287,Competitor Offer Inquiry,Negative,True,42
CUST-11287,Network Quality / Data Speed Slow,Negative,False,443
CUST-11287,Billing Discrepancy / High Charges,Negative,False,35
CUST-11288,Network Quality / Data Speed Slow,Negative,False,75
CUST-11289,Network Quality / Data Speed Slow,Negative,False,202
CUST-11289,Competitor Offer Inquiry,Positive,False,243
CUST-11289,Plan Upgrade Request,Neutral,True,108
CUST-11290,Network Quality / Data Speed Slow,Negative,False,78
CUST-11290,Network Quality / Data Speed Slow,Negative,True,119
CUST-11290,Network Quality / Data Speed Slow,Negative,True,438
CUST-11290,Network Quality / Data Speed Slow,Negative,True,80
CUST-11291,Competitor Offer Inquiry,Neutral,False,41
CUST-11291,Network Quality / Data Speed Slow,Negative,False,202
CUST-11291,Plan Upgrade Request,Neutral,False,349
CUST-11291,Network Quality / Data Speed Slow,Negative,False,56
CUST-11292,Billing Discrepancy / High Charges,Negative,False,61
CUST-11292,Network Quality / Data Speed Slow,Negative,True,128
CUST-11292,SIM / Network Activation Issue,Neutral,True,108
CUST-11292,Competitor Offer Inquiry,Positive,True,395
CUST-11292,Plan Upgrade Request,Neutral,True,161
CUST-11292,Network Quality / Data Speed Slow,Negative,True,45
CUST-11293,Plan Upgrade Request,Positive,False,223
CUST-11293,Network Quality / Data Speed Slow,Negative,False,168
CUST-11293,Network Quality / Data Speed Slow,Negative,True,174
CUST-11294,Network Quality / Data Speed Slow,Negative,False,46
CUST-11294,Billing Discrepancy / High Charges,Negative,True,176
CUST-11295,Network Quality / Data Speed Slow,Negative,True,70
CUST-11295,Billing Discrepancy / High Charges,Negative,True,58
CUST-11295,Network Quality / Data Speed Slow,Negative,False,670
CUST-11296,Service Disconnection Query,Negative,True,53
CUST-11296,Billing Discrepancy / High Charges,Negative,True,128
CUST-11296,Billing Discrepancy / High Charges,Negative,True,43
CUST-11296,Network Quality / Data Speed Slow,Negative,True,70
CUST-11296,Network Quality / Data Speed Slow,Negative,True,82
CUST-11296,Network Quality / Data Speed Slow,Negative,True,92
CUST-11297,Billing Discrepancy / High Charges,Negative,False,590
CUST-11297,Competitor Offer Inquiry,Neutral,False,227
CUST-11297,Competitor Offer Inquiry,Negative,False,368
CUST-11297,Network Quality / Data Speed Slow,Negative,True,49
CUST-11297,Competitor Offer Inquiry,Negative,True,63
CUST-11298,Billing Discrepancy / High Charges,Negative,True,390
CUST-11298,Network Quality / Data Speed Slow,Negative,True,48
CUST-11298,Service Disconnection Query,Negative,True,51
CUST-11298,Billing Discrepancy / High Charges,Negative,False,460
CUST-11299,Network Quality / Data Speed Slow,Negative,False,35
CUST-11300,Network Quality / Data Speed Slow,Negative,True,76
CUST-11300,Service Disconnection Query,Negative,False,30
CUST-11300,Network Quality / Data Speed Slow,Negative,True,179
CUST-11300,Competitor Offer Inquiry,Positive,False,48
CUST-11300,Billing Discrepancy / High Charges,Negative,True,98
CUST-11301,Billing Discrepancy / High Charges,Negative,True,160
CUST-11301,Plan Upgrade Request,Neutral,False,240
CUST-11301,Service Disconnection Query,Negative,True,82
CUST-11301,SIM / Network Activation Issue,Neutral,True,135
CUST-11301,Network Quality / Data Speed Slow,Negative,True,48
CUST-11301,Service Disconnection Query,Negative,False,273
CUST-11302,Billing Discrepancy / High Charges,Negative,False,59
CUST-11302,Service Disconnection Query,Negative,True,279
CUST-11302,Network Quality / Data Speed Slow,Negative,False,181
CUST-11302,Network Quality / Data Speed Slow,Negative,True,96
CUST-11302,Network Quality / Data Speed Slow,Negative,True,97
CUST-11302,Network Quality / Data Speed Slow,Negative,True,65
CUST-11302,Network Quality / Data Speed Slow,Negative,True,45
CUST-11302,Competitor Offer Inquiry,Negative,False,77
CUST-11303,Service Disconnection Query,Negative,True,39
CUST-11303,SIM / Network Activation Issue,Positive,False,77
CUST-11304,Billing Discrepancy / High Charges,Negative,True,93
CUST-11304,Service Disconnection Query,Negative,True,58
CUST-11304,Network Quality / Data Speed Slow,Negative,True,653
CUST-11305,Billing Discrepancy / High Charges,Negative,True,142
CUST-11305,Plan Upgrade Request,Negative,False,219
CUST-11305,Network Quality / Data Speed Slow,Negative,True,279
CUST-11306,Billing Discrepancy / High Charges,Negative,True,72
CUST-11306,Plan Upgrade Request,Positive,True,124
CUST-11307,Billing Discrepancy / High Charges,Negative,True,183
CUST-11307,Network Quality / Data Speed Slow,Negative,False,158
CUST-11308,Service Disconnection Query,Negative,True,406
CUST-11309,Billing Discrepancy / High Charges,Negative,True,176
CUST-11309,Billing Discrepancy / High Charges,Negative,True,316
CUST-11309,Billing Discrepancy / High Charges,Negative,False,203
CUST-11309,Network Quality / Data Speed Slow,Negative,False,359
CUST-11309,Network Quality / Data Speed Slow,Negative,True,176
CUST-11310,Network Quality / Data Speed Slow,Negative,True,696
CUST-11311,Network Quality / Data Speed Slow,Negative,True,233
CUST-11311,Network Quality / Data Speed Slow,Negative,False,69
CUST-11311,Billing Discrepancy / High Charges,Negative,True,223
CUST-11311,Billing Discrepancy / High Charges,Negative,False,136
CUST-11312,SIM / Network Activation Issue,Negative,False,161
CUST-11312,Billing Discrepancy / High Charges,Negative,False,105
CUST-11312,Network Quality / Data Speed Slow,Negative,True,134
CUST-11312,Network Quality / Data Speed Slow,Negative,False,418
CUST-11312,Billing Discrepancy / High Charges,Negative,True,316
CUST-11312,Service Disconnection Query,Negative,True,196
CUST-11312,Service Disconnection Query,Negative,True,112
CUST-11313,Network Quality / Data Speed Slow,Negative,False,46
CUST-11313,Network Quality / Data Speed Slow,Negative,True,390
CUST-11313,Billing Discrepancy / High Charges,Negative,False,232
CUST-11313,Plan Upgrade Request,Negative,True,506
CUST-11314,Service Disconnection Query,Negative,False,314
CUST-11314,SIM / Network Activation Issue,Neutral,True,42
CUST-11314,Network Quality / Data Speed Slow,Negative,False,37
CUST-11314,Service Disconnection Query,Negative,False,45
CUST-11314,Network Quality / Data Speed Slow,Negative,False,325
CUST-11314,Network Quality / Data Speed Slow,Negative,True,430
CUST-11315,Billing Discrepancy / High Charges,Negative,True,979
CUST-11315,Network Quality / Data Speed Slow,Negative,True,125
CUST-11316,Network Quality / Data Speed Slow,Negative,False,116
CUST-11316,Service Disconnection Query,Negative,True,56
CUST-11316,Plan Upgrade Request,Positive,False,149
CUST-11317,Billing Discrepancy / High Charges,Negative,True,299
CUST-11317,Service Disconnection Query,Negative,True,101
CUST-11317,Network Quality / Data Speed Slow,Negative,False,277
CUST-11317,Plan Upgrade Request,Positive,True,374
CUST-11317,Competitor Offer Inquiry,Positive,True,49
CUST-11317,Billing Discrepancy / High Charges,Negative,True,135
CUST-11318,Billing Discrepancy / High Charges,Negative,False,218
CUST-11318,Network Quality / Data Speed Slow,Negative,False,479
CUST-11318,Network Quality / Data Speed Slow,Negative,True,442
CUST-11319,Competitor Offer Inquiry,Positive,True,335
CUST-11319,Network Quality / Data Speed Slow,Negative,False,73
CUST-11319,SIM / Network Activation Issue,Negative,False,147
CUST-11319,Network Quality / Data Speed Slow,Negative,False,161
CUST-11319,Network Quality / Data Speed Slow,Negative,False,145
CUST-11320,Plan Upgrade Request,Positive,False,413
CUST-11320,Billing Discrepancy / High Charges,Negative,True,110
CUST-11320,Service Disconnection Query,Negative,False,454
CUST-11320,Competitor Offer Inquiry,Negative,True,313
CUST-11320,Network Quality / Data Speed Slow,Negative,True,240
CUST-11320,Competitor Offer Inquiry,Negative,True,175
CUST-11321,Service Disconnection Query,Negative,True,201
CUST-11321,Billing Discrepancy / High Charges,Negative,False,161
CUST-11321,Competitor Offer Inquiry,Neutral,False,404
CUST-11321,Billing Discrepancy / High Charges,Negative,True,114
CUST-11321,Service Disconnection Query,Negative,True,122
CUST-11321,Plan Upgrade Request,Negative,False,57
CUST-11321,Billing Discrepancy / High Charges,Negative,False,190
CUST-11321,Service Disconnection Query,Negative,True,249
CUST-11322,Service Disconnection Query,Negative,True,169
CUST-11322,Network Quality / Data Speed Slow,Negative,False,39
CUST-11322,Network Quality / Data Speed Slow,Negative,True,42
CUST-11322,Plan Upgrade Request,Negative,False,385
CUST-11323,Billing Discrepancy / High Charges,Negative,True,183
CUST-11323,Competitor Offer Inquiry,Neutral,False,104
CUST-11323,Plan Upgrade Request,Negative,True,79
CUST-11323,Plan Upgrade Request,Negative,True,560
CUST-11323,Network Quality / Data Speed Slow,Negative,True,151
CUST-11325,Network Quality / Data Speed Slow,Negative,True,335
CUST-11325,Billing Discrepancy / High Charges,Negative,False,227
CUST-11325,Service Disconnection Query,Negative,False,702
CUST-11325,Billing Discrepancy / High Charges,Negative,True,120
CUST-11326,Service Disconnection Query,Negative,True,269
CUST-11327,Billing Discrepancy / High Charges,Negative,False,266
CUST-11327,Plan Upgrade Request,Neutral,False,62
CUST-11327,Billing Discrepancy / High Charges,Negative,True,168
CUST-11327,Network Quality / Data Speed Slow,Negative,True,228
CUST-11327,SIM / Network Activation Issue,Negative,True,62
CUST-11327,Competitor Offer Inquiry,Neutral,True,179
CUST-11327,Billing Discrepancy / High Charges,Negative,True,77
CUST-11327,Billing Discrepancy / High Charges,Negative,False,526
CUST-11328,SIM / Network Activation Issue,Neutral,False,88
CUST-11328,Competitor Offer Inquiry,Negative,False,276
CUST-11329,Network Quality / Data Speed Slow,Negative,True,215
CUST-11329,Billing Discrepancy / High Charges,Negative,False,291
CUST-11329,Billing Discrepancy / High Charges,Negative,False,191
CUST-11329,Service Disconnection Query,Negative,False,482
CUST-11329,Network Quality / Data Speed Slow,Negative,True,143
CUST-11329,Billing Discrepancy / High Charges,Negative,True,357
CUST-11329,Network Quality / Data Speed Slow,Negative,True,70
CUST-11329,Network Quality / Data Speed Slow,Negative,False,52
CUST-11330,Network Quality / Data Speed Slow,Negative,True,38
CUST-11331,Network Quality / Data Speed Slow,Negative,False,366
CUST-11331,Network Quality / Data Speed Slow,Negative,True,526
CUST-11331,Network Quality / Data Speed Slow,Negative,True,193
CUST-11332,Service Disconnection Query,Negative,False,109
CUST-11332,Billing Discrepancy / High Charges,Negative,False,645
CUST-11332,SIM / Network Activation Issue,Neutral,False,46
CUST-11334,Billing Discrepancy / High Charges,Negative,True,65
CUST-11334,Plan Upgrade Request,Neutral,True,165
CUST-11334,Service Disconnection Query,Negative,False,164
CUST-11334,Network Quality / Data Speed Slow,Negative,False,244
CUST-11334,Competitor Offer Inquiry,Neutral,True,58
CUST-11335,Billing Discrepancy / High Charges,Negative,True,269
CUST-11335,Service Disconnection Query,Negative,False,209
CUST-11335,Network Quality / Data Speed Slow,Negative,False,153
CUST-11335,Network Quality / Data Speed Slow,Negative,False,55
CUST-11336,Network Quality / Data Speed Slow,Negative,False,294
CUST-11337,Service Disconnection Query,Negative,True,392
CUST-11338,Service Disconnection Query,Negative,False,251
CUST-11340,Billing Discrepancy / High Charges,Negative,True,253
CUST-11340,Plan Upgrade Request,Positive,False,165
CUST-11340,Billing Discrepancy / High Charges,Negative,False,469
CUST-11340,Service Disconnection Query,Negative,False,68
CUST-11340,Service Disconnection Query,Negative,True,284
CUST-11340,Network Quality / Data Speed Slow,Negative,True,243
CUST-11341,Service Disconnection Query,Negative,False,89
CUST-11341,Network Quality / Data Speed Slow,Negative,False,71
CUST-11341,Plan Upgrade Request,Neutral,False,193
CUST-11341,Billing Discrepancy / High Charges,Negative,True,30
CUST-11341,Service Disconnection Query,Negative,True,101
CUST-11341,Service Disconnection Query,Negative,True,502
CUST-11341,Network Quality / Data Speed Slow,Negative,False,139
CUST-11342,Network Quality / Data Speed Slow,Negative,False,437
CUST-11342,Billing Discrepancy / High Charges,Negative,False,728
CUST-11342,Network Quality / Data Speed Slow,Negative,False,92
CUST-11342,Billing Discrepancy / High Charges,Negative,True,136
CUST-11343,Network Quality / Data Speed Slow,Negative,True,136
CUST-11343,Plan Upgrade Request,Neutral,True,92
CUST-11343,Competitor Offer Inquiry,Positive,True,31
CUST-11343,Competitor Offer Inquiry,Negative,True,88
CUST-11343,Service Disconnection Query,Negative,True,124
CUST-11343,Competitor Offer Inquiry,Positive,True,296
CUST-11343,Network Quality / Data Speed Slow,Negative,False,98
CUST-11343,Network Quality / Data Speed Slow,Negative,False,125
CUST-11344,Billing Discrepancy / High Charges,Negative,True,312
CUST-11344,Network Quality / Data Speed Slow,Negative,False,287
CUST-11344,Network Quality / Data Speed Slow,Negative,True,261
CUST-11345,Network Quality / Data Speed Slow,Negative,False,97
CUST-11345,Billing Discrepancy / High Charges,Negative,True,58
CUST-11345,Network Quality / Data Speed Slow,Negative,True,68
CUST-11345,Billing Discrepancy / High Charges,Negative,True,69
CUST-11346,Network Quality / Data Speed Slow,Negative,True,276
CUST-11346,Billing Discrepancy / High Charges,Negative,False,57
CUST-11346,Network Quality / Data Speed Slow,Negative,True,32
CUST-11346,Competitor Offer Inquiry,Neutral,True,164
CUST-11347,Network Quality / Data Speed Slow,Negative,True,57
CUST-11347,Plan Upgrade Request,Positive,False,39
CUST-11347,Network Quality / Data Speed Slow,Negative,True,186
CUST-11348,Network Quality / Data Speed Slow,Negative,False,142
CUST-11348,Service Disconnection Query,Negative,True,316
CUST-11348,Billing Discrepancy / High Charges,Negative,False,228
CUST-11349,Billing Discrepancy / High Charges,Negative,True,528
CUST-11349,Network Quality / Data Speed Slow,Negative,False,123
CUST-11349,Service Disconnection Query,Negative,False,142
CUST-11350,Billing Discrepancy / High Charges,Negative,True,40
CUST-11350,Plan Upgrade Request,Positive,False,820
CUST-11351,Billing Discrepancy / High Charges,Negative,True,355
CUST-11352,Billing Discrepancy / High Charges,Negative,True,201
CUST-11352,Plan Upgrade Request,Negative,True,132
CUST-11353,Network Quality / Data Speed Slow,Negative,True,104
CUST-11353,Network Quality / Data Speed Slow,Negative,False,293
CUST-11353,Billing Discrepancy / High Charges,Negative,True,152
CUST-11353,Service Disconnection Query,Negative,False,36
CUST-11354,Billing Discrepancy / High Charges,Negative,False,108
CUST-11354,Billing Discrepancy / High Charges,Negative,True,153
CUST-11355,Network Quality / Data Speed Slow,Negative,True,253
CUST-11355,Network Quality / Data Speed Slow,Negative,False,96
CUST-11355,Billing Discrepancy / High Charges,Negative,True,147
CUST-11355,Competitor Offer Inquiry,Positive,False,276
CUST-11355,Billing Discrepancy / High Charges,Negative,True,54
CUST-11356,Plan Upgrade Request,Negative,False,319
CUST-11356,Billing Discrepancy / High Charges,Negative,False,63
CUST-11356,Competitor Offer Inquiry,Negative,False,39
CUST-11356,Billing Discrepancy / High Charges,Negative,True,64
CUST-11356,Network Quality / Data Speed Slow,Negative,True,105
CUST-11357,Service Disconnection Query,Negative,True,46
CUST-11357,Plan Upgrade Request,Negative,True,450
CUST-11357,Network Quality / Data Speed Slow,Negative,True,362
CUST-11358,Service Disconnection Query,Negative,False,471
CUST-11358,Competitor Offer Inquiry,Negative,True,681
CUST-11358,Service Disconnection Query,Negative,True,246
CUST-11359,Service Disconnection Query,Negative,False,42
CUST-11359,Billing Discrepancy / High Charges,Negative,True,43
CUST-11359,Billing Discrepancy / High Charges,Negative,False,65
CUST-11360,Network Quality / Data Speed Slow,Negative,False,185
CUST-11360,SIM / Network Activation Issue,Neutral,True,181
CUST-11360,Network Quality / Data Speed Slow,Negative,True,823
CUST-11360,Billing Discrepancy / High Charges,Negative,False,359
CUST-11360,Service Disconnection Query,Negative,True,437
CUST-11361,Billing Discrepancy / High Charges,Negative,True,83
CUST-11361,Billing Discrepancy / High Charges,Negative,False,183
CUST-11361,Service Disconnection Query,Negative,True,591
CUST-11361,Network Quality / Data Speed Slow,Negative,False,440
CUST-11361,Network Quality / Data Speed Slow,Negative,False,306
CUST-11362,Billing Discrepancy / High Charges,Negative,True,348
CUST-11363,Billing Discrepancy / High Charges,Negative,True,43
CUST-11363,Plan Upgrade Request,Negative,False,46
CUST-11363,SIM / Network Activation Issue,Neutral,True,229
CUST-11364,Competitor Offer Inquiry,Negative,False,55
CUST-11364,Network Quality / Data Speed Slow,Negative,False,161
CUST-11364,Billing Discrepancy / High Charges,Negative,False,47
CUST-11365,Billing Discrepancy / High Charges,Negative,False,198
CUST-11365,Network Quality / Data Speed Slow,Negative,True,251
CUST-11365,Billing Discrepancy / High Charges,Negative,False,83
CUST-11366,Service Disconnection Query,Negative,True,814
CUST-11366,Network Quality / Data Speed Slow,Negative,True,65
CUST-11366,Billing Discrepancy / High Charges,Negative,True,270
CUST-11366,SIM / Network Activation Issue,Positive,True,404
CUST-11367,Billing Discrepancy / High Charges,Negative,True,74
CUST-11367,Billing Discrepancy / High Charges,Negative,True,227
CUST-11367,Billing Discrepancy / High Charges,Negative,False,97
CUST-11368,Billing Discrepancy / High Charges,Negative,True,520
CUST-11369,Billing Discrepancy / High Charges,Negative,True,87
CUST-11369,Network Quality / Data Speed Slow,Negative,True,164
CUST-11369,Network Quality / Data Speed Slow,Negative,False,63
CUST-11369,Service Disconnection Query,Negative,True,75
CUST-11369,Competitor Offer Inquiry,Neutral,False,88
CUST-11369,Service Disconnection Query,Negative,True,216
CUST-11369,Competitor Offer Inquiry,Positive,False,222
CUST-11370,Service Disconnection Query,Negative,True,551
CUST-11372,Billing Discrepancy / High Charges,Negative,False,36
CUST-11372,Competitor Offer Inquiry,Positive,False,42
CUST-11372,Service Disconnection Query,Negative,True,146
CUST-11373,Billing Discrepancy / High Charges,Negative,False,235
CUST-11374,Billing Discrepancy / High Charges,Negative,False,324
CUST-11374,Network Quality / Data Speed Slow,Negative,True,37
CUST-11374,Network Quality / Data Speed Slow,Negative,False,549
CUST-11374,Network Quality / Data Speed Slow,Negative,True,122
CUST-11374,Network Quality / Data Speed Slow,Negative,False,152
CUST-11375,Billing Discrepancy / High Charges,Negative,True,347
CUST-11375,Network Quality / Data Speed Slow,Negative,True,179
CUST-11375,Network Quality / Data Speed Slow,Negative,False,45
CUST-11376,Competitor Offer Inquiry,Neutral,True,163
CUST-11377,Network Quality / Data Speed Slow,Negative,False,69
CUST-11377,Billing Discrepancy / High Charges,Negative,True,34
CUST-11377,Billing Discrepancy / High Charges,Negative,True,129
CUST-11377,Network Quality / Data Speed Slow,Negative,False,30
CUST-11377,SIM / Network Activation Issue,Negative,False,119
CUST-11377,Billing Discrepancy / High Charges,Negative,True,420
CUST-11377,Billing Discrepancy / High Charges,Negative,True,389
CUST-11378,Service Disconnection Query,Negative,True,46
CUST-11378,Network Quality / Data Speed Slow,Negative,True,95
CUST-11378,Network Quality / Data Speed Slow,Negative,True,50
CUST-11379,Network Quality / Data Speed Slow,Negative,False,152
CUST-11379,Billing Discrepancy / High Charges,Negative,True,392
CUST-11379,Competitor Offer Inquiry,Neutral,False,142
CUST-11380,Network Quality / Data Speed Slow,Negative,True,54
CUST-11380,Plan Upgrade Request,Positive,True,141
CUST-11380,Network Quality / Data Speed Slow,Negative,True,369
CUST-11380,Network Quality / Data Speed Slow,Negative,False,127
CUST-11380,Competitor Offer Inquiry,Positive,True,588
CUST-11381,Network Quality / Data Speed Slow,Negative,True,173
CUST-11381,Network Quality / Data Speed Slow,Negative,False,183
CUST-11382,Competitor Offer Inquiry,Negative,True,287
CUST-11382,Service Disconnection Query,Negative,True,249
CUST-11382,Billing Discrepancy / High Charges,Negative,True,85
CUST-11382,Network Quality / Data Speed Slow,Negative,True,83
CUST-11382,Billing Discrepancy / High Charges,Negative,True,267
CUST-11382,Plan Upgrade Request,Positive,True,36
CUST-11383,Billing Discrepancy / High Charges,Negative,True,355
CUST-11383,Plan Upgrade Request,Positive,False,295
CUST-11383,Service Disconnection Query,Negative,True,453
CUST-11383,Billing Discrepancy / High Charges,Negative,True,221
CUST-11383,Network Quality / Data Speed Slow,Negative,False,376
CUST-11384,Billing Discrepancy / High Charges,Negative,True,153
CUST-11384,Network Quality / Data Speed Slow,Negative,True,148
CUST-11384,Network Quality / Data Speed Slow,Negative,False,69
CUST-11384,SIM / Network Activation Issue,Negative,True,163
CUST-11384,Plan Upgrade Request,Negative,False,259
CUST-11384,Plan Upgrade Request,Negative,True,306
CUST-11385,Network Quality / Data Speed Slow,Negative,True,101
CUST-11385,Competitor Offer Inquiry,Negative,True,441
CUST-11386,Network Quality / Data Speed Slow,Negative,True,36
CUST-11387,Competitor Offer Inquiry,Negative,False,135
CUST-11387,Service Disconnection Query,Negative,True,171
CUST-11388,Competitor Offer Inquiry,Neutral,True,358
CUST-11388,Network Quality / Data Speed Slow,Negative,True,300
CUST-11389,Billing Discrepancy / High Charges,Negative,False,55
CUST-11389,Service Disconnection Query,Negative,False,102
CUST-11390,Billing Discrepancy / High Charges,Negative,True,214
CUST-11390,Billing Discrepancy / High Charges,Negative,True,281
CUST-11390,Service Disconnection Query,Negative,False,172
CUST-11390,Billing Discrepancy / High Charges,Negative,False,121
CUST-11390,Plan Upgrade Request,Positive,False,86
CUST-11390,Network Quality / Data Speed Slow,Negative,False,185
CUST-11390,Network Quality / Data Speed Slow,Negative,True,50
CUST-11391,Billing Discrepancy / High Charges,Negative,True,181
CUST-11391,Plan Upgrade Request,Neutral,True,32
CUST-11391,Network Quality / Data Speed Slow,Negative,False,78
CUST-11391,Network Quality / Data Speed Slow,Negative,False,205
CUST-11391,Network Quality / Data Speed Slow,Negative,True,200
CUST-11391,Billing Discrepancy / High Charges,Negative,True,75
CUST-11392,Competitor Offer Inquiry,Neutral,True,81
CUST-11393,Network Quality / Data Speed Slow,Negative,True,490
CUST-11393,Network Quality / Data Speed Slow,Negative,False,71
CUST-11393,Billing Discrepancy / High Charges,Negative,True,188
CUST-11394,Billing Discrepancy / High Charges,Negative,False,170
CUST-11394,Billing Discrepancy / High Charges,Negative,False,34
CUST-11395,Billing Discrepancy / High Charges,Negative,True,133
CUST-11395,Service Disconnection Query,Negative,True,524
CUST-11395,SIM / Network Activation Issue,Negative,False,172
CUST-11396,Network Quality / Data Speed Slow,Negative,True,280
CUST-11396,Plan Upgrade Request,Negative,True,317
CUST-11397,Billing Discrepancy / High Charges,Negative,True,99
CUST-11397,Network Quality / Data Speed Slow,Negative,False,30
CUST-11397,Billing Discrepancy / High Charges,Negative,False,75
CUST-11398,Network Quality / Data Speed Slow,Negative,True,81
CUST-11398,Service Disconnection Query,Negative,True,186
CUST-11398,Network Quality / Data Speed Slow,Negative,True,64
CUST-11398,Network Quality / Data Speed Slow,Negative,True,189
CUST-11398,Network Quality / Data Speed Slow,Negative,True,149
CUST-11399,Service Disconnection Query,Negative,False,49
CUST-11399,SIM / Network Activation Issue,Negative,True,55
CUST-11400,Billing Discrepancy / High Charges,Negative,True,560
CUST-11400,Network Quality / Data Speed Slow,Negative,True,76
CUST-11400,Billing Discrepancy / High Charges,Negative,False,180
CUST-11400,Billing Discrepancy / High Charges,Negative,False,58
CUST-11400,Competitor Offer Inquiry,Positive,True,123
CUST-11401,Plan Upgrade Request,Negative,False,265
CUST-11401,Network Quality / Data Speed Slow,Negative,True,623
CUST-11402,Network Quality / Data Speed Slow,Negative,True,64
CUST-11402,Network Quality / Data Speed Slow,Negative,False,215
CUST-11403,Billing Discrepancy / High Charges,Negative,False,298
CUST-11403,Network Quality / Data Speed Slow,Negative,True,408
CUST-11403,Network Quality / Data Speed Slow,Negative,True,77
CUST-11404,Network Quality / Data Speed Slow,Negative,False,334
CUST-11404,Network Quality / Data Speed Slow,Negative,False,58
CUST-11405,Billing Discrepancy / High Charges,Negative,False,167
CUST-11405,SIM / Network Activation Issue,Positive,True,496
CUST-11405,Network Quality / Data Speed Slow,Negative,True,224
CUST-11405,Service Disconnection Query,Negative,True,420
CUST-11405,Billing Discrepancy / High Charges,Negative,True,685
CUST-11405,Plan Upgrade Request,Neutral,False,236
CUST-11406,Plan Upgrade Request,Positive,False,152
CUST-11406,Billing Discrepancy / High Charges,Negative,False,153
CUST-11406,Network Quality / Data Speed Slow,Negative,True,36
CUST-11406,Service Disconnection Query,Negative,True,51
CUST-11407,Competitor Offer Inquiry,Neutral,True,77
CUST-11407,Billing Discrepancy / High Charges,Negative,False,393
CUST-11407,Competitor Offer Inquiry,Neutral,True,190
CUST-11408,Billing Discrepancy / High Charges,Negative,False,115
CUST-11408,Plan Upgrade Request,Positive,True,33
CUST-11409,Competitor Offer Inquiry,Neutral,True,935
CUST-11409,Service Disconnection Query,Negative,False,322
CUST-11409,Network Quality / Data Speed Slow,Negative,False,1008
CUST-11410,Network Quality / Data Speed Slow,Negative,False,99
CUST-11410,Network Quality / Data Speed Slow,Negative,True,1109
CUST-11410,Plan Upgrade Request,Negative,True,76
CUST-11410,Plan Upgrade Request,Positive,True,30
CUST-11410,Network Quality / Data Speed Slow,Negative,True,196
CUST-11410,Service Disconnection Query,Negative,True,67
CUST-11410,Network Quality / Data Speed Slow,Negative,True,325
CUST-11411,Billing Discrepancy / High Charges,Negative,True,33
CUST-11411,Billing Discrepancy / High Charges,Negative,False,68
CUST-11411,Billing Discrepancy / High Charges,Negative,True,249
CUST-11411,SIM / Network Activation Issue,Neutral,False,106
CUST-11412,Network Quality / Data Speed Slow,Negative,True,31
CUST-11412,Plan Upgrade Request,Negative,True,191
CUST-11412,Competitor Offer Inquiry,Negative,True,137
CUST-11412,Network Quality / Data Speed Slow,Negative,True,458
CUST-11413,Network Quality / Data Speed Slow,Negative,False,206
CUST-11413,Network Quality / Data Speed Slow,Negative,False,192
CUST-11413,Network Quality / Data Speed Slow,Negative,True,281
CUST-11414,Billing Discrepancy / High Charges,Negative,True,58
CUST-11415,Network Quality / Data Speed Slow,Negative,False,347
CUST-11415,Billing Discrepancy / High Charges,Negative,True,515
CUST-11415,Plan Upgrade Request,Neutral,True,49
CUST-11415,Service Disconnection Query,Negative,True,328
CUST-11415,Network Quality / Data Speed Slow,Negative,False,92
CUST-11415,Network Quality / Data Speed Slow,Negative,True,74
CUST-11415,Plan Upgrade Request,Neutral,False,167
CUST-11415,Plan Upgrade Request,Negative,True,49
CUST-11416,Billing Discrepancy / High Charges,Negative,True,461
CUST-11417,Billing Discrepancy / High Charges,Negative,True,120
CUST-11419,SIM / Network Activation Issue,Neutral,False,944
CUST-11419,Service Disconnection Query,Negative,True,399
CUST-11421,SIM / Network Activation Issue,Positive,True,99
CUST-11421,Network Quality / Data Speed Slow,Negative,True,56
CUST-11421,Plan Upgrade Request,Negative,False,146
CUST-11421,Billing Discrepancy / High Charges,Negative,False,209
CUST-11421,Service Disconnection Query,Negative,False,214
CUST-11422,Competitor Offer Inquiry,Negative,True,200
CUST-11423,Network Quality / Data Speed Slow,Negative,True,261
CUST-11423,Competitor Offer Inquiry,Neutral,True,778
CUST-11423,Network Quality / Data Speed Slow,Negative,True,86
CUST-11424,Competitor Offer Inquiry,Negative,True,118
CUST-11424,Service Disconnection Query,Negative,False,653
CUST-11424,Network Quality / Data Speed Slow,Negative,True,137
CUST-11424,Competitor Offer Inquiry,Positive,True,315
CUST-11424,Service Disconnection Query,Negative,True,30
CUST-11424,Plan Upgrade Request,Positive,False,218
CUST-11425,Billing Discrepancy / High Charges,Negative,True,326
CUST-11425,Network Quality / Data Speed Slow,Negative,False,198
CUST-11425,Billing Discrepancy / High Charges,Negative,True,216
CUST-11425,Service Disconnection Query,Negative,False,61
CUST-11425,Competitor Offer Inquiry,Positive,False,49
CUST-11425,Billing Discrepancy / High Charges,Negative,False,439
CUST-11425,Network Quality / Data Speed Slow,Negative,False,114
CUST-11426,Network Quality / Data Speed Slow,Negative,True,211
CUST-11426,Service Disconnection Query,Negative,True,59
CUST-11426,Network Quality / Data Speed Slow,Negative,False,220
CUST-11426,Service Disconnection Query,Negative,True,140
CUST-11426,Network Quality / Data Speed Slow,Negative,True,60
CUST-11427,Competitor Offer Inquiry,Neutral,False,92
CUST-11427,Billing Discrepancy / High Charges,Negative,False,370
CUST-11427,Network Quality / Data Speed Slow,Negative,False,747
CUST-11427,Network Quality / Data Speed Slow,Negative,False,416
CUST-11427,Network Quality / Data Speed Slow,Negative,False,95
CUST-11427,Plan Upgrade Request,Positive,True,133
CUST-11428,Plan Upgrade Request,Neutral,False,41
CUST-11428,Competitor Offer Inquiry,Neutral,True,80
CUST-11430,Network Quality / Data Speed Slow,Negative,True,48
CUST-11430,Network Quality / Data Speed Slow,Negative,False,96
CUST-11430,Billing Discrepancy / High Charges,Negative,True,65
CUST-11431,Billing Discrepancy / High Charges,Negative,False,45
CUST-11431,Competitor Offer Inquiry,Negative,True,175
CUST-11431,Network Quality / Data Speed Slow,Negative,False,106
CUST-11431,Service Disconnection Query,Negative,True,170
CUST-11431,SIM / Network Activation Issue,Neutral,True,86
CUST-11431,Network Quality / Data Speed Slow,Negative,True,306
CUST-11431,Service Disconnection Query,Negative,False,109
CUST-11432,Billing Discrepancy / High Charges,Negative,False,441
CUST-11432,SIM / Network Activation Issue,Positive,False,40
CUST-11432,Network Quality / Data Speed Slow,Negative,True,129
CUST-11432,Billing Discrepancy / High Charges,Negative,True,160
CUST-11432,Billing Discrepancy / High Charges,Negative,False,348
CUST-11432,Plan Upgrade Request,Negative,True,368
CUST-11432,Network Quality / Data Speed Slow,Negative,True,475
CUST-11432,Competitor Offer Inquiry,Negative,True,198
CUST-11433,SIM / Network Activation Issue,Negative,True,580
CUST-11433,SIM / Network Activation Issue,Neutral,True,303
CUST-11433,Plan Upgrade Request,Neutral,True,80
CUST-11434,Network Quality / Data Speed Slow,Negative,False,202
CUST-11434,Billing Discrepancy / High Charges,Negative,True,48
CUST-11434,Network Quality / Data Speed Slow,Negative,True,159
CUST-11434,Billing Discrepancy / High Charges,Negative,True,43
CUST-11434,Competitor Offer Inquiry,Negative,True,70
CUST-11434,Billing Discrepancy / High Charges,Negative,False,307
CUST-11434,Billing Discrepancy / High Charges,Negative,True,128
CUST-11435,Service Disconnection Query,Negative,True,276
CUST-11435,Plan Upgrade Request,Negative,True,139
CUST-11435,Network Quality / Data Speed Slow,Negative,False,39
CUST-11435,Billing Discrepancy / High Charges,Negative,False,42
CUST-11435,Service Disconnection Query,Negative,True,261
CUST-11436,Service Disconnection Query,Negative,True,149
CUST-11436,Network Quality / Data Speed Slow,Negative,True,30
CUST-11436,Competitor Offer Inquiry,Negative,True,80
CUST-11437,Billing Discrepancy / High Charges,Negative,False,181
CUST-11437,Network Quality / Data Speed Slow,Negative,False,117
CUST-11438,SIM / Network Activation Issue,Neutral,True,356
CUST-11438,Network Quality / Data Speed Slow,Negative,False,41
CUST-11439,Service Disconnection Query,Negative,False,307
CUST-11439,Service Disconnection Query,Negative,True,85
CUST-11439,Plan Upgrade Request,Neutral,True,45
CUST-11440,Competitor Offer Inquiry,Negative,True,204
CUST-11442,Plan Upgrade Request,Positive,False,266
CUST-11442,Service Disconnection Query,Negative,True,854
CUST-11442,Network Quality / Data Speed Slow,Negative,True,712
CUST-11442,Network Quality / Data Speed Slow,Negative,True,143
CUST-11443,Service Disconnection Query,Negative,True,155
CUST-11443,Network Quality / Data Speed Slow,Negative,True,352
CUST-11443,Billing Discrepancy / High Charges,Negative,True,112
CUST-11443,Network Quality / Data Speed Slow,Negative,True,39
CUST-11443,Network Quality / Data Speed Slow,Negative,True,504
CUST-11444,Plan Upgrade Request,Negative,False,126
CUST-11444,Competitor Offer Inquiry,Neutral,True,62
CUST-11444,Competitor Offer Inquiry,Negative,False,128
CUST-11444,Service Disconnection Query,Negative,True,182
CUST-11444,Network Quality / Data Speed Slow,Negative,False,221
CUST-11444,Billing Discrepancy / High Charges,Negative,True,201
CUST-11445,Competitor Offer Inquiry,Negative,True,487
CUST-11445,Network Quality / Data Speed Slow,Negative,True,105
CUST-11445,Service Disconnection Query,Negative,False,138
CUST-11445,Network Quality / Data Speed Slow,Negative,True,222
CUST-11446,Network Quality / Data Speed Slow,Negative,True,189
CUST-11446,Service Disconnection Query,Negative,False,48
CUST-11446,Plan Upgrade Request,Negative,True,127
CUST-11447,Network Quality / Data Speed Slow,Negative,True,43
CUST-11448,Billing Discrepancy / High Charges,Negative,True,42
CUST-11448,Network Quality / Data Speed Slow,Negative,True,273
CUST-11448,Billing Discrepancy / High Charges,Negative,False,193
CUST-11448,SIM / Network Activation Issue,Negative,False,233
CUST-11449,Network Quality / Data Speed Slow,Negative,False,147
CUST-11449,Competitor Offer Inquiry,Negative,False,134
CUST-11450,Service Disconnection Query,Negative,True,1005
CUST-11450,Plan Upgrade Request,Positive,True,431
CUST-11450,Billing Discrepancy / High Charges,Negative,True,97
CUST-11451,Network Quality / Data Speed Slow,Negative,True,64
CUST-11451,SIM / Network Activation Issue,Negative,False,285
CUST-11451,Competitor Offer Inquiry,Positive,True,159
CUST-11452,Competitor Offer Inquiry,Positive,False,153
CUST-11453,Service Disconnection Query,Negative,True,348
CUST-11453,Plan Upgrade Request,Negative,True,39
CUST-11453,SIM / Network Activation Issue,Neutral,False,66
CUST-11453,Network Quality / Data Speed Slow,Negative,False,100
CUST-11453,Network Quality / Data Speed Slow,Negative,False,288
CUST-11453,Plan Upgrade Request,Negative,True,381
CUST-11454,Network Quality / Data Speed Slow,Negative,False,515
CUST-11454,Service Disconnection Query,Negative,True,77
CUST-11455,Network Quality / Data Speed Slow,Negative,False,57
CUST-11455,Service Disconnection Query,Negative,False,56
CUST-11455,Billing Discrepancy / High Charges,Negative,False,144
CUST-11455,Billing Discrepancy / High Charges,Negative,False,72
CUST-11456,Competitor Offer Inquiry,Positive,True,40
CUST-11456,Network Quality / Data Speed Slow,Negative,True,476
CUST-11456,Network Quality / Data Speed Slow,Negative,True,207
CUST-11457,Billing Discrepancy / High Charges,Negative,True,133
CUST-11457,Billing Discrepancy / High Charges,Negative,False,74
CUST-11457,Billing Discrepancy / High Charges,Negative,False,67
CUST-11458,Network Quality / Data Speed Slow,Negative,True,33
CUST-11458,Network Quality / Data Speed Slow,Negative,True,60
CUST-11459,Billing Discrepancy / High Charges,Negative,True,281
CUST-11459,Service Disconnection Query,Negative,True,781
CUST-11459,Plan Upgrade Request,Positive,True,600
CUST-11460,Network Quality / Data Speed Slow,Negative,True,224
CUST-11460,Competitor Offer Inquiry,Negative,True,145
CUST-11460,Network Quality / Data Speed Slow,Negative,True,41
CUST-11460,Billing Discrepancy / High Charges,Negative,False,476
CUST-11461,Billing Discrepancy / High Charges,Negative,True,41
CUST-11461,SIM / Network Activation Issue,Neutral,False,32
CUST-11462,Billing Discrepancy / High Charges,Negative,True,35
CUST-11462,Service Disconnection Query,Negative,True,102
CUST-11463,Service Disconnection Query,Negative,True,30
CUST-11463,Competitor Offer Inquiry,Neutral,True,156
CUST-11463,Competitor Offer Inquiry,Positive,False,178
CUST-11464,Competitor Offer Inquiry,Negative,False,279
CUST-11464,Service Disconnection Query,Negative,True,234
CUST-11464,Plan Upgrade Request,Neutral,False,75
CUST-11464,Billing Discrepancy / High Charges,Negative,True,619
CUST-11464,Billing Discrepancy / High Charges,Negative,False,293
CUST-11464,Service Disconnection Query,Negative,True,135
CUST-11464,Billing Discrepancy / High Charges,Negative,True,452
CUST-11465,Service Disconnection Query,Negative,False,132
CUST-11465,Network Quality / Data Speed Slow,Negative,False,114
CUST-11465,SIM / Network Activation Issue,Positive,True,195
CUST-11465,Plan Upgrade Request,Neutral,False,75
CUST-11466,Plan Upgrade Request,Neutral,True,301
CUST-11467,Billing Discrepancy / High Charges,Negative,False,1096
CUST-11467,Plan Upgrade Request,Negative,False,82
CUST-11467,Service Disconnection Query,Negative,True,245
CUST-11468,Competitor Offer Inquiry,Positive,True,175
CUST-11468,Competitor Offer Inquiry,Negative,True,481
CUST-11468,Network Quality / Data Speed Slow,Negative,False,213
CUST-11469,Billing Discrepancy / High Charges,Negative,True,377
CUST-11469,Network Quality / Data Speed Slow,Negative,True,159
CUST-11469,Billing Discrepancy / High Charges,Negative,True,486
CUST-11469,Competitor Offer Inquiry,Negative,False,142
CUST-11469,Network Quality / Data Speed Slow,Negative,False,198
CUST-11470,Service Disconnection Query,Negative,False,38
CUST-11470,Service Disconnection Query,Negative,False,169
CUST-11470,Service Disconnection Query,Negative,True,109
CUST-11470,Plan Upgrade Request,Neutral,False,38
CUST-11470,Network Quality / Data Speed Slow,Negative,False,172
CUST-11470,Network Quality / Data Speed Slow,Negative,True,690
CUST-11471,Plan Upgrade Request,Negative,True,151
CUST-11471,Network Quality / Data Speed Slow,Negative,True,1043
CUST-11472,Billing Discrepancy / High Charges,Negative,True,33
CUST-11472,Billing Discrepancy / High Charges,Negative,False,160
CUST-11472,Plan Upgrade Request,Neutral,True,102
CUST-11472,Plan Upgrade Request,Negative,False,63
CUST-11473,Service Disconnection Query,Negative,False,241
CUST-11473,Plan Upgrade Request,Neutral,True,501
CUST-11473,Competitor Offer Inquiry,Positive,True,68
CUST-11473,Service Disconnection Query,Negative,False,137
CUST-11473,Service Disconnection Query,Negative,False,470
CUST-11474,Network Quality / Data Speed Slow,Negative,True,250
CUST-11474,Network Quality / Data Speed Slow,Negative,True,127
CUST-11474,Service Disconnection Query,Negative,True,152
CUST-11474,Billing Discrepancy / High Charges,Negative,True,491
CUST-11475,Network Quality / Data Speed Slow,Negative,True,58
CUST-11475,Billing Discrepancy / High Charges,Negative,False,1001
CUST-11475,Billing Discrepancy / High Charges,Negative,True,97
CUST-11476,Network Quality / Data Speed Slow,Negative,False,153
CUST-11476,Service Disconnection Query,Negative,False,82
CUST-11476,Service Disconnection Query,Negative,False,194
CUST-11476,Competitor Offer Inquiry,Neutral,True,413
CUST-11476,Billing Discrepancy / High Charges,Negative,True,633
CUST-11477,Network Quality / Data Speed Slow,Negative,True,37
CUST-11477,Billing Discrepancy / High Charges,Negative,True,259
CUST-11477,Competitor Offer Inquiry,Neutral,True,380
CUST-11477,Plan Upgrade Request,Negative,True,67
CUST-11478,Network Quality / Data Speed Slow,Negative,True,165
CUST-11478,Network Quality / Data Speed Slow,Negative,True,73
CUST-11478,Network Quality / Data Speed Slow,Negative,True,135
CUST-11479,Service Disconnection Query,Negative,False,234
CUST-11479,Network Quality / Data Speed Slow,Negative,True,137
CUST-11479,Billing Discrepancy / High Charges,Negative,False,43
CUST-11479,Service Disconnection Query,Negative,True,348
CUST-11479,Billing Discrepancy / High Charges,Negative,False,143
CUST-11479,Billing Discrepancy / High Charges,Negative,False,112
CUST-11479,Service Disconnection Query,Negative,True,41
CUST-11480,Billing Discrepancy / High Charges,Negative,True,198
CUST-11480,Network Quality / Data Speed Slow,Negative,False,55
CUST-11480,Competitor Offer Inquiry,Negative,True,53
CUST-11480,Network Quality / Data Speed Slow,Negative,True,84
CUST-11481,Billing Discrepancy / High Charges,Negative,True,522
CUST-11481,SIM / Network Activation Issue,Neutral,True,151
CUST-11481,Network Quality / Data Speed Slow,Negative,True,178
CUST-11481,Plan Upgrade Request,Neutral,True,44
CUST-11481,Network Quality / Data Speed Slow,Negative,False,41
CUST-11481,Network Quality / Data Speed Slow,Negative,False,50
CUST-11481,SIM / Network Activation Issue,Neutral,True,33
CUST-11482,Billing Discrepancy / High Charges,Negative,False,409
CUST-11482,Network Quality / Data Speed Slow,Negative,True,118
CUST-11483,Service Disconnection Query,Negative,True,58
CUST-11483,Service Disconnection Query,Negative,True,44
CUST-11483,Service Disconnection Query,Negative,True,150
CUST-11483,Plan Upgrade Request,Neutral,True,206
CUST-11483,Billing Discrepancy / High Charges,Negative,True,594
CUST-11483,Competitor Offer Inquiry,Neutral,True,242
CUST-11483,Billing Discrepancy / High Charges,Negative,True,286
CUST-11484,Network Quality / Data Speed Slow,Negative,False,150
CUST-11484,Billing Discrepancy / High Charges,Negative,True,64
CUST-11484,Network Quality / Data Speed Slow,Negative,True,133
CUST-11485,Plan Upgrade Request,Negative,True,163
CUST-11485,Network Quality / Data Speed Slow,Negative,True,279
CUST-11486,Network Quality / Data Speed Slow,Negative,True,261
CUST-11486,Billing Discrepancy / High Charges,Negative,True,285
CUST-11486,Network Quality / Data Speed Slow,Negative,True,80
CUST-11487,Billing Discrepancy / High Charges,Negative,False,322
CUST-11487,Competitor Offer Inquiry,Negative,False,57
CUST-11487,Network Quality / Data Speed Slow,Negative,True,90
CUST-11487,Network Quality / Data Speed Slow,Negative,True,581
CUST-11488,Service Disconnection Query,Negative,True,406
CUST-11488,Plan Upgrade Request,Negative,False,194
CUST-11489,Service Disconnection Query,Negative,True,155
CUST-11489,Network Quality / Data Speed Slow,Negative,True,180
CUST-11490,Competitor Offer Inquiry,Neutral,True,40
CUST-11490,Network Quality / Data Speed Slow,Negative,True,184
CUST-11490,Service Disconnection Query,Negative,True,109
CUST-11491,Network Quality / Data Speed Slow,Negative,True,108
CUST-11492,Billing Discrepancy / High Charges,Negative,True,289
CUST-11492,Plan Upgrade Request,Neutral,True,113
CUST-11493,Competitor Offer Inquiry,Positive,False,194
CUST-11493,Billing Discrepancy / High Charges,Negative,False,591
CUST-11494,Network Quality / Data Speed Slow,Negative,False,204
CUST-11494,Billing Discrepancy / High Charges,Negative,False,592
CUST-11494,Billing Discrepancy / High Charges,Negative,False,215
CUST-11494,Billing Discrepancy / High Charges,Negative,False,196
CUST-11494,Billing Discrepancy / High Charges,Negative,True,248
CUST-11494,Service Disconnection Query,Negative,True,32
CUST-11495,Billing Discrepancy / High Charges,Negative,True,40
CUST-11495,Plan Upgrade Request,Neutral,True,136
CUST-11496,Plan Upgrade Request,Negative,True,308
CUST-11496,Billing Discrepancy / High Charges,Negative,False,67
CUST-11496,Network Quality / Data Speed Slow,Negative,True,41
CUST-11497,Network Quality / Data Speed Slow,Negative,True,126
CUST-11497,Billing Discrepancy / High Charges,Negative,True,203
CUST-11497,Network Quality / Data Speed Slow,Negative,True,252
CUST-11497,Network Quality / Data Speed Slow,Negative,True,58
CUST-11497,SIM / Network Activation Issue,Negative,True,173
CUST-11498,Network Quality / Data Speed Slow,Negative,True,97
CUST-11498,Service Disconnection Query,Negative,True,218
CUST-11498,Competitor Offer Inquiry,Positive,False,144
CUST-11498,Network Quality / Data Speed Slow,Negative,True,264
CUST-11498,Network Quality / Data Speed Slow,Negative,False,421
CUST-11498,Billing Discrepancy / High Charges,Negative,True,230
CUST-11499,Network Quality / Data Speed Slow,Negative,True,47
