customer_id,name,phone,email,region,plan_tier,contract_type,payment_method,tenure_months,monthly_charges,total_charges,call_minutes_m1,call_minutes_m2,call_minutes_m3,data_gb_m1,data_gb_m2,data_gb_m3,recharge_count_m1,recharge_count_m2,recharge_count_m3,support_calls_m1,support_calls_m2,support_calls_m3,churn
CUST-10000,Customer 1,+91-98765-10000,user1@example.com,West,Prepaid Unlimited,Month-to-Month,Electronic Check,42,1160.44,49748.16,340.5,458.1,616.3,39.9,53.7,72.2,1,1,2,4,1,1,1
CUST-10001,Customer 2,+91-98765-10001,user2@example.com,Central,Prepaid Basic,Month-to-Month,Auto-Debit,19,1490.15,30770.13,263.8,363.3,500.3,36.3,50.0,68.8,1,1,2,2,0,0,1
CUST-10002,Customer 3,+91-98765-10002,user3@example.com,East,Prepaid Unlimited,Month-to-Month,Electronic Check,17,1137.01,18182.61,460.3,568.3,701.6,15.5,19.1,23.6,1,2,3,6,2,1,1
CUST-10003,Customer 4,+91-98765-10003,user4@example.com,Central,Postpaid Standard,Month-to-Month,Mailed Check,33,651.55,19982.71,400.5,516.8,666.9,41.3,53.3,68.8,1,1,2,6,1,1,1
CUST-10004,Customer 5,+91-98765-10004,user5@example.com,Central,Prepaid Basic,Month-to-Month,Mailed Check,49,1105.46,58022.35,79.7,96.2,116.1,19.9,24.0,29.0,1,1,1,3,1,1,1
CUST-10005,Customer 6,+91-98765-10005,user6@example.com,South,Prepaid Unlimited,Month-to-Month,Mailed Check,56,1141.59,66242.21,401.5,485.5,587.0,4.7,5.6,6.8,2,2,3,7,2,2,1
CUST-10006,Customer 7,+91-98765-10006,user7@example.com,East,Prepaid Unlimited,Month-to-Month,Auto-Debit,63,745.07,43997.05,192.2,185.8,179.6,76.4,73.9,71.4,2,2,2,2,2,1,0
CUST-10007,Customer 8,+91-98765-10007,user8@example.com,East,Prepaid Unlimited,Month-to-Month,Mailed Check,3,320.26,916.46,73.0,95.0,123.7,39.1,50.9,66.3,1,2,3,7,3,2,1
CUST-10008,Customer 9,+91-98765-10008,user9@example.com,East,Prepaid Basic,Two Year,Auto-Debit,49,1142.84,59366.55,760.6,785.9,812.1,41.2,42.6,44.0,2,2,3,2,2,1,0
CUST-10009,Customer 10,+91-98765-10009,user10@example.com,Central,Postpaid Standard,Month-to-Month,Electronic Check,55,325.04,17712.26,339.0,335.9,332.8,55.9,55.4,54.9,4,4,4,3,2,1,0
CUST-10010,Customer 11,+91-98765-10010,user11@example.com,West,Postpaid Premium,One Year,Mailed Check,26,1056.43,28404.03,413.3,409.9,406.6,96.6,95.8,95.0,5,5,5,2,2,2,0
CUST-10011,Customer 12,+91-98765-10011,user12@example.com,East,Postpaid Premium,Month-to-Month,Electronic Check,52,495.34,24821.91,52.4,90.9,157.7,20.4,35.5,61.5,1,1,3,6,3,2,1
CUST-10012,Customer 13,+91-98765-10012,user13@example.com,Central,Postpaid Standard,One Year,UPI/Credit Card,7,977.72,6681.47,260.6,261.1,261.6,67.2,67.4,67.5,2,2,3,1,0,0,0
CUST-10013,Customer 14,+91-98765-10013,user14@example.com,South,Prepaid Basic,One Year,Electronic Check,46,903.7,45650.0,724.2,755.9,789.0,10.2,10.6,11.1,3,3,4,2,1,0,0
CUST-10014,Customer 15,+91-98765-10014,user15@example.com,West,Postpaid Standard,Month-to-Month,UPI/Credit Card,46,315.22,13768.2,500.9,522.1,544.2,19.1,20.0,20.8,1,1,2,4,3,2,0
CUST-10015,Customer 16,+91-98765-10015,user16@example.com,South,Prepaid Basic,Two Year,Electronic Check,16,734.44,11766.21,964.4,927.8,892.6,36.3,34.9,33.6,3,3,3,2,1,1,0
CUST-10016,Customer 17,+91-98765-10016,user17@example.com,West,Prepaid Basic,Month-to-Month,Auto-Debit,24,1020.31,26174.15,260.5,345.2,457.5,32.0,42.4,56.2,2,3,4,4,0,0,1
CUST-10017,Customer 18,+91-98765-10017,user18@example.com,Central,Prepaid Unlimited,Month-to-Month,Electronic Check,61,1317.33,76166.08,142.4,220.6,341.8,32.8,50.9,78.8,1,1,1,7,3,2,1
CUST-10018,Customer 19,+91-98765-10018,user19@example.com,North,Prepaid Unlimited,One Year,Auto-Debit,54,1365.37,72479.72,394.6,403.6,412.8,33.9,34.7,35.5,3,3,4,3,3,2,0
CUST-10019,Customer 20,+91-98765-10019,user20@example.com,West,Postpaid Standard,One Year,Auto-Debit,62,879.62,55791.77,757.8,749.6,741.5,39.8,39.3,38.9,5,5,5,3,2,1,0
CUST-10020,Customer 21,+91-98765-10020,user21@example.com,South,Prepaid Unlimited,Month-to-Month,Mailed Check,1,1173.11,1168.7,236.4,376.4,599.5,11.6,18.4,29.3,1,3,5,8,3,2,0
CUST-10021,Customer 22,+91-98765-10021,user22@example.com,Central,Prepaid Unlimited,Month-to-Month,Auto-Debit,49,678.75,32989.37,903.1,908.4,913.8,28.9,29.0,29.2,1,1,2,2,1,0,0
CUST-10022,Customer 23,+91-98765-10022,user23@example.com,West,Prepaid Basic,Month-to-Month,UPI/Credit Card,25,709.62,17252.67,352.4,475.6,642.0,52.2,70.5,95.1,1,1,2,6,1,1,1
CUST-10023,Customer 24,+91-98765-10023,user24@example.com,North,Postpaid Premium,Month-to-Month,Mailed Check,10,532.36,5415.85,171.3,305.1,543.7,20.6,36.7,65.4,1,2,5,5,3,2,0
CUST-10024,Customer 25,+91-98765-10024,user25@example.com,North,Prepaid Unlimited,One Year,Mailed Check,16,973.34,15960.82,790.0,798.5,807.2,19.4,19.6,19.8,4,4,5,3,2,2,0
CUST-10025,Customer 26,+91-98765-10025,user26@example.com,East,Prepaid Unlimited,Month-to-Month,Electronic Check,58,676.48,40438.73,990.9,971.6,952.8,76.5,75.1,73.6,3,3,3,2,2,1,0
CUST-10026,Customer 27,+91-98765-10026,user27@example.com,East,Prepaid Basic,Month-to-Month,Auto-Debit,29,400.25,10609.88,382.3,400.9,420.3,66.9,70.2,73.6,4,4,5,3,2,1,0
CUST-10027,Customer 28,+91-98765-10027,user28@example.com,South,Postpaid Standard,Month-to-Month,Auto-Debit,6,1121.01,6902.33,171.7,236.2,324.9,36.1,49.7,68.3,1,1,2,6,1,1,0
CUST-10028,Customer 29,+91-98765-10028,user29@example.com,West,Prepaid Unlimited,Month-to-Month,UPI/Credit Card,16,1148.3,20038.25,198.4,360.4,654.6,5.4,9.8,17.8,1,2,5,5,1,0,1
CUST-10029,Customer 30,+91-98765-10029,user30@example.com,West,Prepaid Basic,Month-to-Month,Electronic Check,20,730.99,14739.64,581.1,564.8,549.0,46.4,45.1,43.8,2,2,2,1,0,0,0
CUST-10030,Customer 31,+91-98765-10030,user31@example.com,East,Prepaid Basic,One Year,Electronic Check,71,391.07,28961.39,928.9,959.1,990.3,14.2,14.6,15.1,1,1,1,3,2,2,0
CUST-10031,Customer 32,+91-98765-10031,user32@example.com,West,Prepaid Unlimited,Two Year,Mailed Check,43,810.56,35249.55,540.0,527.9,516.1,86.4,84.5,82.6,5,5,5,3,3,2,0
CUST-10032,Customer 33,+91-98765-10032,user33@example.com,West,Prepaid Unlimited,One Year,Mailed Check,26,829.8,23105.49,182.1,174.3,166.9,73.3,70.2,67.2,2,2,2,1,1,1,0
CUST-10033,Customer 34,+91-98765-10033,user34@example.com,North,Prepaid Basic,Month-to-Month,Mailed Check,71,1101.41,84918.8,394.1,621.3,979.6,21.4,33.7,53.2,1,2,4,6,3,2,1
CUST-10034,Customer 35,+91-98765-10034,user35@example.com,East,Postpaid Premium,Two Year,UPI/Credit Card,33,677.5,20945.49,908.9,883.7,859.2,39.8,38.7,37.6,3,3,3,3,3,2,0
CUST-10035,Customer 36,+91-98765-10035,user36@example.com,Central,Prepaid Basic,One Year,UPI/Credit Card,26,1118.12,28704.01,271.5,265.9,260.4,23.5,23.0,22.5,2,2,2,2,2,1,0
CUST-10036,Customer 37,+91-98765-10036,user37@example.com,East,Prepaid Unlimited,One Year,Mailed Check,45,1344.79,59213.04,865.7,889.6,914.1,14.3,14.7,15.1,4,4,5,2,1,0,0
CUST-10037,Customer 38,+91-98765-10037,user38@example.com,Central,Postpaid Premium,Month-to-Month,Electronic Check,63,583.98,36093.3,417.5,412.0,406.6,99.7,98.4,97.1,5,5,5,2,1,0,0
CUST-10038,Customer 39,+91-98765-10038,user39@example.com,North,Prepaid Unlimited,Month-to-Month,UPI/Credit Card,67,1473.7,91342.91,285.0,353.8,439.4,15.6,19.3,24.0,1,1,1,4,1,0,1
CUST-10039,Customer 40,+91-98765-10039,user40@example.com,South,Prepaid Unlimited,Month-to-Month,Electronic Check,52,762.64,42144.71,898.7,907.2,915.8,10.5,10.6,10.7,3,3,4,4,3,2,0
CUST-10040,Customer 41,+91-98765-10040,user41@example.com,West,Prepaid Unlimited,Month-to-Month,Electronic Check,68,619.71,38227.69,576.3,576.7,577.1,96.3,96.3,96.4,1,1,2,1,1,1,0
CUST-10041,Customer 42,+91-98765-10041,user42@example.com,North,Prepaid Basic,Month-to-Month,Auto-Debit,26,804.81,21043.19,154.3,185.9,224.0,39.4,47.5,57.2,2,3,4,4,1,0,1
CUST-10042,Customer 43,+91-98765-10042,user43@example.com,West,Postpaid Premium,Month-to-Month,Mailed Check,2,412.28,851.26,196.6,291.5,432.2,36.7,54.4,80.7,1,1,1,6,2,2,1
CUST-10043,Customer 44,+91-98765-10043,user44@example.com,South,Prepaid Unlimited,Month-to-Month,Auto-Debit,14,449.85,5929.43,719.2,734.4,749.9,8.8,9.0,9.2,2,2,3,3,2,1,0
CUST-10044,Customer 45,+91-98765-10044,user45@example.com,South,Postpaid Standard,One Year,Mailed Check,30,796.32,25828.72,243.8,250.2,256.8,55.9,57.4,58.9,3,3,4,2,1,0,0
CUST-10045,Customer 46,+91-98765-10045,user46@example.com,North,Prepaid Basic,Month-to-Month,Mailed Check,49,1213.93,63510.13,227.2,378.7,631.2,15.4,25.7,42.8,1,1,1,4,0,0,1
CUST-10046,Customer 47,+91-98765-10046,user47@example.com,South,Prepaid Basic,Month-to-Month,Electronic Check,12,1379.37,16456.71,380.9,525.7,725.7,41.1,56.7,78.3,1,1,2,6,1,1,1
CUST-10047,Customer 48,+91-98765-10047,user48@example.com,Central,Prepaid Basic,Two Year,Mailed Check,44,1096.78,47400.76,416.3,412.9,409.5,8.8,8.8,8.7,3,3,3,2,2,2,0
CUST-10048,Customer 49,+91-98765-10048,user49@example.com,South,Prepaid Unlimited,Two Year,Electronic Check,33,425.26,13294.2,664.9,694.1,724.5,39.6,41.4,43.2,4,4,5,2,2,2,0
CUST-10049,Customer 50,+91-98765-10049,user50@example.com,West,Prepaid Unlimited,One Year,Electronic Check,13,1105.42,15031.48,894.1,895.0,895.8,80.7,80.8,80.9,1,1,1,2,1,0,0
CUST-10050,Customer 51,+91-98765-10050,user51@example.com,West,Postpaid Standard,Two Year,Mailed Check,26,1061.51,25566.54,537.5,531.2,524.9,56.0,55.4,54.7,5,5,5,2,2,1,0
CUST-10051,Customer 52,+91-98765-10051,user52@example.com,West,Prepaid Unlimited,Month-to-Month,Electronic Check,21,1265.92,27542.62,257.1,338.1,444.6,33.1,43.6,57.3,1,2,3,4,2,2,1
CUST-10052,Customer 53,+91-98765-10052,user53@example.com,West,Postpaid Premium,Two Year,Electronic Check,28,1289.3,38572.97,306.9,316.3,326.0,13.4,13.8,14.2,1,1,1,3,2,1,0
CUST-10053,Customer 54,+91-98765-10053,user54@example.com,Central,Prepaid Basic,Month-to-Month,Electronic Check,48,1340.84,60865.19,380.8,495.1,643.8,10.4,13.5,17.6,1,1,1,3,1,1,1
CUST-10054,Customer 55,+91-98765-10054,user55@example.com,East,Postpaid Standard,Month-to-Month,UPI/Credit Card,40,795.96,34171.69,868.5,880.1,891.9,67.5,68.4,69.3,2,2,3,1,0,0,0
CUST-10055,Customer 56,+91-98765-10055,user56@example.com,North,Postpaid Standard,Month-to-Month,Electronic Check,66,1136.44,68004.42,242.7,308.5,392.2,42.8,54.4,69.1,1,1,2,6,1,1,1
CUST-10056,Customer 57,+91-98765-10056,user57@example.com,West,Postpaid Standard,Month-to-Month,UPI/Credit Card,23,620.9,15459.68,199.4,301.7,456.6,42.8,64.8,98.0,1,1,1,6,1,1,0
CUST-10057,Customer 58,+91-98765-10057,user58@example.com,South,Postpaid Standard,Month-to-Month,UPI/Credit Card,48,1498.2,66424.61,307.7,378.6,466.0,47.9,59.0,72.6,1,2,3,4,1,1,1
CUST-10058,Customer 59,+91-98765-10058,user59@example.com,West,Postpaid Standard,One Year,Electronic Check,2,509.4,1048.5,598.7,601.7,604.7,51.4,51.6,51.9,3,3,4,3,3,2,0
CUST-10059,Customer 60,+91-98765-10059,user60@example.com,South,Prepaid Unlimited,One Year,Electronic Check,20,311.14,5911.76,275.8,290.3,305.6,78.0,82.1,86.4,4,4,5,1,0,0,0
CUST-10060,Customer 61,+91-98765-10060,user61@example.com,South,Prepaid Basic,Month-to-Month,UPI/Credit Card,59,477.57,30073.21,885.4,862.4,840.0,15.7,15.3,14.9,1,1,1,1,0,0,0
CUST-10061,Customer 62,+91-98765-10061,user62@example.com,West,Prepaid Basic,Month-to-Month,UPI/Credit Card,46,1230.05,56721.5,135.4,222.6,366.0,17.6,29.0,47.7,1,2,4,4,2,1,1
CUST-10062,Customer 63,+91-98765-10062,user63@example.com,Central,Postpaid Premium,One Year,Electronic Check,3,835.14,2322.65,783.2,758.6,734.8,34.4,33.3,32.3,1,1,1,2,1,1,0
CUST-10063,Customer 64,+91-98765-10063,user64@example.com,South,Prepaid Unlimited,One Year,Electronic Check,55,836.0,46632.84,566.5,564.2,561.9,15.0,15.0,14.9,2,2,2,2,2,2,0
CUST-10064,Customer 65,+91-98765-10064,user65@example.com,South,Postpaid Standard,Month-to-Month,Mailed Check,12,1445.03,17020.89,394.1,497.2,627.3,48.7,61.4,77.5,1,2,3,3,1,0,0
CUST-10065,Customer 66,+91-98765-10065,user66@example.com,West,Prepaid Unlimited,One Year,UPI/Credit Card,40,1402.56,57913.92,272.3,266.9,261.6,55.7,54.6,53.5,1,1,1,3,3,2,0
CUST-10066,Customer 67,+91-98765-10066,user67@example.com,South,Prepaid Basic,Month-to-Month,UPI/Credit Card,66,672.43,47770.18,484.3,607.3,761.5,36.8,46.2,57.9,1,2,3,3,1,0,1
CUST-10067,Customer 68,+91-98765-10067,user68@example.com,South,Prepaid Basic,Month-to-Month,Mailed Check,16,549.87,8638.48,293.7,281.5,269.8,48.0,46.0,44.1,1,1,1,4,3,2,0
CUST-10068,Customer 69,+91-98765-10068,user69@example.com,West,Prepaid Unlimited,Two Year,UPI/Credit Card,34,1317.18,42902.12,203.9,203.0,202.1,49.1,48.9,48.7,2,2,2,2,2,1,0
CUST-10069,Customer 70,+91-98765-10069,user70@example.com,West,Prepaid Unlimited,Month-to-Month,Auto-Debit,44,1386.22,55071.38,310.1,428.4,592.0,8.4,11.6,16.0,1,1,2,5,2,2,1
CUST-10070,Customer 71,+91-98765-10070,user71@example.com,North,Prepaid Basic,Month-to-Month,UPI/Credit Card,6,948.92,5778.74,407.2,548.3,738.4,38.0,51.2,68.9,2,2,4,5,1,1,1
CUST-10071,Customer 72,+91-98765-10071,user72@example.com,Central,Prepaid Unlimited,Two Year,Mailed Check,64,1054.31,66157.02,131.7,138.2,145.0,41.9,43.9,46.1,1,1,2,1,0,0,0
CUST-10072,Customer 73,+91-98765-10072,user73@example.com,Central,Prepaid Basic,One Year,Auto-Debit,22,607.3,13025.65,172.5,167.4,162.5,87.7,85.1,82.6,3,3,3,2,1,0,0
CUST-10073,Customer 74,+91-98765-10073,user74@example.com,South,Prepaid Unlimited,Month-to-Month,Electronic Check,18,1259.96,21241.12,447.8,606.9,822.4,12.9,17.4,23.6,1,1,2,6,2,1,1
CUST-10074,Customer 75,+91-98765-10074,user75@example.com,Central,Prepaid Basic,Month-to-Month,Mailed Check,12,1057.55,12513.07,356.0,543.0,828.1,10.5,16.1,24.5,1,1,1,6,1,0,1
CUST-10075,Customer 76,+91-98765-10075,user76@example.com,South,Postpaid Standard,Month-to-Month,Mailed Check,52,903.22,51518.04,124.1,199.5,320.8,25.6,41.2,66.3,1,1,2,6,3,2,1
CUST-10076,Customer 77,+91-98765-10076,user77@example.com,North,Prepaid Unlimited,One Year,Electronic Check,51,371.13,18162.02,595.3,623.8,653.7,77.8,81.5,85.4,2,2,3,2,2,1,0
CUST-10077,Customer 78,+91-98765-10077,user78@example.com,West,Prepaid Unlimited,Month-to-Month,Mailed Check,71,1398.12,101245.98,273.5,369.4,498.9,27.4,36.9,49.9,1,1,1,6,1,0,1
CUST-10078,Customer 79,+91-98765-10078,user79@example.com,West,Prepaid Basic,Month-to-Month,UPI/Credit Card,48,1037.54,52555.84,437.0,540.9,669.4,48.4,59.9,74.1,2,3,4,4,2,2,1
CUST-10079,Customer 80,+91-98765-10079,user80@example.com,West,Prepaid Basic,Two Year,Electronic Check,19,530.23,10576.39,802.7,838.8,876.6,91.5,95.6,99.9,3,3,4,4,3,2,0
CUST-10080,Customer 81,+91-98765-10080,user81@example.com,Central,Prepaid Unlimited,Month-to-Month,Mailed Check,6,1026.66,5949.01,89.6,124.1,171.9,51.6,71.5,99.1,2,2,4,5,0,0,1
CUST-10081,Customer 82,+91-98765-10081,user82@example.com,North,Prepaid Unlimited,Month-to-Month,Electronic Check,27,1111.96,30688.59,445.6,597.1,800.2,42.2,56.5,75.7,1,1,1,5,0,0,1
CUST-10082,Customer 83,+91-98765-10082,user83@example.com,Central,Prepaid Unlimited,Month-to-Month,Electronic Check,53,929.92,52945.37,253.3,371.1,543.7,35.1,51.4,75.3,1,2,4,4,2,2,0
CUST-10083,Customer 84,+91-98765-10083,user84@example.com,Central,Prepaid Basic,One Year,Electronic Check,48,1160.72,50315.23,664.7,635.6,607.7,31.2,29.8,28.5,2,2,2,3,2,1,0
CUST-10084,Customer 85,+91-98765-10084,user85@example.com,North,Prepaid Unlimited,Month-to-Month,Auto-Debit,7,996.74,6887.5,306.5,459.3,688.5,37.5,56.2,84.2,1,1,1,3,1,0,1
CUST-10085,Customer 86,+91-98765-10085,user86@example.com,North,Postpaid Standard,Month-to-Month,Mailed Check,59,1436.32,80069.71,325.6,550.4,930.4,15.2,25.7,43.5,1,1,1,6,1,0,1
CUST-10086,Customer 87,+91-98765-10086,user87@example.com,North,Postpaid Standard,One Year,Auto-Debit,69,363.44,24518.8,161.4,156.1,151.0,103.0,99.7,96.4,1,1,1,2,2,1,0
CUST-10087,Customer 88,+91-98765-10087,user88@example.com,North,Prepaid Basic,Month-to-Month,Mailed Check,11,426.49,4612.56,83.0,102.5,126.5,8.3,10.3,12.7,3,4,5,4,2,1,1
CUST-10088,Customer 89,+91-98765-10088,user89@example.com,West,Prepaid Unlimited,Month-to-Month,UPI/Credit Card,15,507.41,7986.64,181.0,217.1,260.4,32.3,38.7,46.4,2,2,3,5,0,0,1
CUST-10089,Customer 90,+91-98765-10089,user90@example.com,East,Prepaid Basic,Month-to-Month,UPI/Credit Card,64,1127.21,66280.98,410.5,636.8,987.8,24.0,37.3,57.8,2,3,5,4,1,1,0
CUST-10090,Customer 91,+91-98765-10090,user91@example.com,East,Prepaid Basic,Month-to-Month,UPI/Credit Card,3,1073.72,3229.27,265.8,444.6,743.6,15.5,26.0,43.5,1,2,5,5,3,2,1
CUST-10091,Customer 92,+91-98765-10091,user92@example.com,North,Postpaid Premium,Month-to-Month,Mailed Check,69,1369.47,95706.63,322.0,458.6,653.2,12.3,17.6,25.0,2,3,5,4,2,2,1
CUST-10092,Customer 93,+91-98765-10092,user93@example.com,East,Prepaid Basic,Month-to-Month,Electronic Check,23,1178.45,27072.68,83.1,108.7,142.3,35.8,46.8,61.3,1,2,3,6,2,2,1
CUST-10093,Customer 94,+91-98765-10093,user94@example.com,East,Prepaid Unlimited,Month-to-Month,Electronic Check,53,909.03,50412.86,485.7,657.9,891.2,41.9,56.7,76.8,2,3,5,5,1,0,1
CUST-10094,Customer 95,+91-98765-10094,user95@example.com,North,Prepaid Unlimited,Month-to-Month,Auto-Debit,37,1489.2,53819.77,565.8,685.9,831.5,45.1,54.7,66.3,2,3,4,6,1,1,1
CUST-10095,Customer 96,+91-98765-10095,user96@example.com,East,Postpaid Standard,One Year,Auto-Debit,9,618.33,6060.22,663.5,680.7,698.3,25.9,26.6,27.3,1,1,1,3,2,2,0
CUST-10096,Customer 97,+91-98765-10096,user97@example.com,Central,Prepaid Unlimited,Two Year,UPI/Credit Card,15,1298.83,19411.55,434.2,419.5,405.2,79.8,77.1,74.5,1,1,1,3,2,1,0
CUST-10097,Customer 98,+91-98765-10097,user98@example.com,South,Prepaid Basic,One Year,Auto-Debit,3,811.15,2468.11,84.5,117.5,163.5,15.2,21.1,29.4,1,1,2,6,2,2,1
CUST-10098,Customer 99,+91-98765-10098,user99@example.com,South,Prepaid Unlimited,Two Year,Mailed Check,70,1077.48,80334.14,633.8,627.9,622.0,22.0,21.8,21.6,4,4,4,2,2,1,0
CUST-10099,Customer 100,+91-98765-10099,user100@example.com,North,Prepaid Unlimited,Month-to-Month,Mailed Check,17,1171.72,19023.81,434.2,569.8,747.7,41.0,53.8,70.6,1,2,3,5,3,2,1
CUST-10100,Customer 101,+91-98765-10100,user101@example.com,West,Prepaid Basic,Two Year,Auto-Debit,26,1059.5,25206.62,167.4,175.9,184.8,77.1,81.0,85.1,1,1,1,3,3,2,0
CUST-10101,Customer 102,+91-98765-10101,user102@example.com,North,Prepaid Unlimited,Month-to-Month,Auto-Debit,21,467.61,10227.89,652.0,661.1,670.4,49.3,50.0,50.7,4,4,5,2,2,2,0
CUST-10102,Customer 103,+91-98765-10102,user103@example.com,West,Prepaid Basic,Two Year,Auto-Debit,21,830.54,17382.08,380.3,368.8,357.7,59.0,57.2,55.5,2,2,2,2,2,2,0
CUST-10103,Customer 104,+91-98765-10103,user104@example.com,South,Prepaid Basic,Two Year,Auto-Debit,11,972.73,11548.55,837.3,812.2,787.8,35.9,34.8,33.8,2,2,2,2,2,2,0
CUST-10104,Customer 105,+91-98765-10104,user105@example.com,North,Prepaid Unlimited,One Year,UPI/Credit Card,38,1317.85,54912.66,626.5,605.8,585.7,55.6,53.8,52.0,1,1,1,3,3,2,0
CUST-10105,Customer 106,+91-98765-10105,user106@example.com,Central,Prepaid Basic,Two Year,UPI/Credit Card,35,831.37,28510.81,201.8,208.8,216.1,16.3,16.9,17.5,3,3,4,2,2,2,0
CUST-10106,Customer 107,+91-98765-10106,user107@example.com,East,Prepaid Unlimited,Month-to-Month,Auto-Debit,14,1401.5,19289.17,198.9,337.9,573.9,33.2,56.4,95.8,1,1,2,4,2,2,1
CUST-10107,Customer 108,+91-98765-10107,user108@example.com,West,Prepaid Unlimited,Month-to-Month,Mailed Check,14,827.45,11371.06,240.9,331.5,456.2,42.8,58.9,81.0,1,1,1,6,3,2,1
CUST-10108,Customer 109,+91-98765-10108,user109@example.com,East,Postpaid Standard,Month-to-Month,UPI/Credit Card,10,957.54,9239.41,96.4,159.0,262.3,25.2,41.5,68.5,1,2,4,5,2,1,1
CUST-10109,Customer 110,+91-98765-10109,user110@example.com,East,Prepaid Basic,Month-to-Month,Mailed Check,12,1254.54,15902.61,484.8,644.8,857.4,31.7,42.2,56.1,1,1,1,6,2,1,1
CUST-10110,Customer 111,+91-98765-10110,user111@example.com,North,Prepaid Basic,Month-to-Month,Electronic Check,38,998.68,39915.61,51.8,75.5,109.9,37.9,55.2,80.3,1,1,1,2,0,0,0
CUST-10111,Customer 112,+91-98765-10111,user112@example.com,East,Prepaid Basic,One Year,Mailed Check,34,1451.26,49132.1,377.5,379.2,380.9,51.5,51.8,52.0,3,3,4,3,3,2,0
CUST-10112,Customer 113,+91-98765-10112,user113@example.com,Central,Prepaid Unlimited,Two Year,Auto-Debit,41,1091.4,40672.35,122.1,116.6,111.3,36.8,35.1,33.5,4,4,4,1,1,1,0
CUST-10113,Customer 114,+91-98765-10113,user114@example.com,East,Postpaid Standard,Month-to-Month,Electronic Check,10,926.25,8909.71,109.9,143.1,186.4,11.9,15.5,20.2,2,3,4,6,2,1,1
CUST-10114,Customer 115,+91-98765-10114,user115@example.com,North,Prepaid Basic,One Year,UPI/Credit Card,17,327.31,5333.13,377.1,372.2,367.4,68.3,67.4,66.5,1,1,1,2,2,1,0
CUST-10115,Customer 116,+91-98765-10115,user116@example.com,Central,Postpaid Premium,Two Year,UPI/Credit Card,17,795.48,14364.54,144.9,146.8,148.8,90.8,92.1,93.3,1,1,2,2,2,1,0
CUST-10116,Customer 117,+91-98765-10116,user117@example.com,South,Prepaid Basic,Two Year,Electronic Check,67,658.1,40455.72,666.9,651.8,637.0,20.5,20.1,19.6,3,3,3,3,2,1,0
CUST-10117,Customer 118,+91-98765-10117,user118@example.com,East,Prepaid Unlimited,Two Year,Mailed Check,62,1196.73,78733.32,178.0,178.1,178.2,22.1,22.1,22.1,2,2,3,1,1,1,0
CUST-10118,Customer 119,+91-98765-10118,user119@example.com,North,Postpaid Standard,Month-to-Month,UPI/Credit Card,1,548.93,567.5,356.1,510.4,731.5,22.5,32.2,46.2,1,1,1,2,0,0,1
CUST-10119,Customer 120,+91-98765-10119,user120@example.com,South,Postpaid Standard,Two Year,Auto-Debit,12,545.26,6847.3,150.6,149.0,147.4,83.5,82.6,81.7,1,1,1,2,1,1,0
CUST-10120,Customer 121,+91-98765-10120,user121@example.com,South,Postpaid Standard,One Year,Electronic Check,4,526.42,2077.13,163.5,158.4,153.4,35.1,34.0,32.9,2,2,2,2,1,0,0
CUST-10121,Customer 122,+91-98765-10121,user122@example.com,West,Postpaid Standard,Month-to-Month,Auto-Debit,42,449.74,19568.05,251.7,307.2,374.8,19.5,23.8,29.1,2,3,4,4,0,0,1
CUST-10122,Customer 123,+91-98765-10122,user123@example.com,Central,Prepaid Unlimited,Month-to-Month,Electronic Check,13,672.21,8929.28,856.3,881.2,906.9,60.3,62.1,63.9,1,1,1,3,3,2,0
CUST-10123,Customer 124,+91-98765-10123,user124@example.com,East,Postpaid Standard,One Year,UPI/Credit Card,4,1362.11,5741.54,289.0,442.4,677.3,23.8,36.5,55.9,2,3,5,5,3,2,0
CUST-10124,Customer 125,+91-98765-10124,user125@example.com,North,Prepaid Basic,Month-to-Month,Mailed Check,69,1228.91,83892.06,543.4,656.5,793.1,7.3,8.9,10.7,2,3,4,6,2,2,0
CUST-10125,Customer 126,+91-98765-10125,user126@example.com,West,Postpaid Standard,One Year,Electronic Check,19,1181.3,22322.72,216.0,221.6,227.4,12.1,12.4,12.7,1,1,1,2,2,1,0
CUST-10126,Customer 127,+91-98765-10126,user127@example.com,Central,Prepaid Unlimited,One Year,Electronic Check,2,1255.8,2583.72,260.0,470.3,850.7,20.2,36.5,66.1,1,2,5,7,3,2,1
CUST-10127,Customer 128,+91-98765-10127,user128@example.com,West,Postpaid Standard,Month-to-Month,Auto-Debit,12,622.3,6882.26,116.5,111.8,107.3,53.4,51.3,49.2,2,2,2,2,1,1,0
CUST-10128,Customer 129,+91-98765-10128,user129@example.com,Central,Prepaid Unlimited,Month-to-Month,UPI/Credit Card,6,1363.93,8079.23,114.0,182.4,291.8,38.0,60.8,97.2,1,3,5,6,1,1,1
CUST-10129,Customer 130,+91-98765-10129,user130@example.com,Central,Prepaid Unlimited,One Year,Auto-Debit,8,463.76,4060.28,623.6,638.9,654.5,66.2,67.8,69.5,1,1,1,3,3,2,0
CUST-10130,Customer 131,+91-98765-10130,user131@example.com,East,Prepaid Unlimited,Month-to-Month,UPI/Credit Card,51,702.61,32518.92,455.3,446.4,437.7,6.2,6.1,6.0,3,3,3,3,2,2,0
CUST-10131,Customer 132,+91-98765-10131,user132@example.com,Central,Postpaid Standard,Month-to-Month,Auto-Debit,11,1003.1,10628.06,507.4,707.3,985.8,26.1,36.4,50.7,1,1,1,5,1,0,1
CUST-10132,Customer 133,+91-98765-10132,user133@example.com,West,Prepaid Basic,Month-to-Month,Electronic Check,63,422.49,25627.31,132.6,129.9,127.3,46.3,45.3,44.4,3,3,3,0,0,0,0
CUST-10133,Customer 134,+91-98765-10133,user134@example.com,Central,Prepaid Basic,Month-to-Month,Auto-Debit,57,1175.16,68772.12,382.4,618.0,998.7,5.8,9.3,15.1,1,1,2,6,2,1,1
CUST-10134,Customer 135,+91-98765-10134,user135@example.com,East,Prepaid Basic,Two Year,Mailed Check,12,763.7,8441.88,617.5,639.0,661.3,86.6,89.6,92.7,1,1,2,2,2,1,0
CUST-10135,Customer 136,+91-98765-10135,user136@example.com,East,Prepaid Basic,Month-to-Month,UPI/Credit Card,2,1240.29,2544.35,338.0,451.4,602.8,45.7,61.0,81.5,2,2,4,8,3,2,0
CUST-10136,Customer 137,+91-98765-10136,user137@example.com,West,Postpaid Standard,One Year,UPI/Credit Card,8,890.48,6546.87,63.9,99.1,153.6,11.2,17.4,26.9,1,2,4,7,2,2,1
CUST-10137,Customer 138,+91-98765-10137,user138@example.com,South,Prepaid Basic,Month-to-Month,Electronic Check,11,516.05,5216.7,238.6,287.3,346.0,20.2,24.3,29.3,2,2,3,3,0,0,1
CUST-10138,Customer 139,+91-98765-10138,user139@example.com,South,Postpaid Premium,Month-to-Month,UPI/Credit Card,53,1180.71,65433.46,448.0,646.3,932.2,3.8,5.5,8.0,1,2,3,8,3,2,1
CUST-10139,Customer 140,+91-98765-10139,user140@example.com,Central,Prepaid Unlimited,One Year,Mailed Check,10,601.57,5804.11,387.8,403.0,418.8,30.7,31.9,33.2,1,1,2,1,1,1,0
CUST-10140,Customer 141,+91-98765-10140,user141@example.com,North,Prepaid Basic,One Year,Auto-Debit,8,887.97,7782.06,688.8,692.2,695.5,59.9,60.2,60.5,4,4,5,2,2,2,0
CUST-10141,Customer 142,+91-98765-10141,user142@example.com,Central,Postpaid Standard,Month-to-Month,Electronic Check,36,389.64,12729.13,422.3,649.6,999.5,19.0,29.2,45.0,1,1,3,4,0,0,1
CUST-10142,Customer 143,+91-98765-10142,user143@example.com,West,Prepaid Unlimited,Month-to-Month,Mailed Check,14,1040.44,14406.24,121.1,201.9,336.8,34.9,58.2,97.1,1,1,3,4,2,1,0
CUST-10143,Customer 144,+91-98765-10143,user144@example.com,West,Prepaid Unlimited,Month-to-Month,UPI/Credit Card,54,1098.03,54705.91,290.2,423.6,618.5,4.8,7.1,10.3,2,3,5,3,0,0,1
CUST-10144,Customer 145,+91-98765-10144,user145@example.com,West,Prepaid Unlimited,Month-to-Month,UPI/Credit Card,21,753.41,15351.33,498.4,601.8,726.8,42.0,50.7,61.2,2,3,4,5,0,0,0
CUST-10145,Customer 146,+91-98765-10145,user146@example.com,West,Postpaid Standard,One Year,Mailed Check,50,1444.31,79411.38,251.9,250.1,248.2,87.8,87.1,86.5,4,4,4,2,1,1,0
CUST-10146,Customer 147,+91-98765-10146,user147@example.com,West,Prepaid Basic,Month-to-Month,Auto-Debit,39,1348.0,56660.45,102.6,154.9,233.8,22.3,33.6,50.7,1,1,3,6,1,0,0
CUST-10147,Customer 148,+91-98765-10147,user148@example.com,East,Postpaid Premium,Month-to-Month,Auto-Debit,20,1148.53,20895.55,244.0,353.0,510.7,2.5,3.7,5.3,1,2,4,7,3,2,1
CUST-10148,Customer 149,+91-98765-10148,user149@example.com,South,Postpaid Premium,Month-to-Month,Electronic Check,7,1155.38,8189.98,136.3,246.9,447.2,8.6,15.5,28.1,1,2,4,7,3,2,1
CUST-10149,Customer 150,+91-98765-10149,user150@example.com,West,Prepaid Unlimited,Two Year,UPI/Credit Card,9,601.88,5577.07,689.9,715.8,742.8,33.2,34.5,35.8,3,3,4,1,0,0,0
CUST-10150,Customer 151,+91-98765-10150,user151@example.com,North,Prepaid Basic,Two Year,Mailed Check,1,1087.18,1024.02,147.8,155.0,162.6,88.0,92.3,96.8,1,1,2,3,3,2,0
CUST-10151,Customer 152,+91-98765-10151,user152@example.com,North,Prepaid Unlimited,Month-to-Month,Auto-Debit,26,536.85,12967.37,1048.4,1011.0,974.9,98.5,95.0,91.6,1,1,1,0,0,0,0
CUST-10152,Customer 153,+91-98765-10152,user153@example.com,North,Prepaid Basic,One Year,Electronic Check,38,471.8,19378.38,101.8,107.2,112.8,85.9,90.4,95.2,2,2,3,3,2,2,0
CUST-10153,Customer 154,+91-98765-10153,user154@example.com,North,Prepaid Basic,Month-to-Month,UPI/Credit Card,38,1498.36,62276.34,329.7,459.8,641.2,42.9,59.8,83.4,1,2,3,5,1,0,1
CUST-10154,Customer 155,+91-98765-10154,user155@example.com,East,Prepaid Basic,Month-to-Month,UPI/Credit Card,61,1045.85,70073.09,416.3,502.4,606.4,26.4,31.8,38.4,1,1,2,6,2,2,1
CUST-10155,Customer 156,+91-98765-10155,user156@example.com,North,Prepaid Unlimited,One Year,Electronic Check,44,816.19,37993.57,211.6,216.3,221.2,87.1,89.1,91.1,1,1,1,2,2,1,0
CUST-10156,Customer 157,+91-98765-10156,user157@example.com,West,Postpaid Standard,Two Year,Electronic Check,44,644.8,29298.95,246.3,241.0,235.8,102.7,100.5,98.3,1,1,1,1,1,1,0
CUST-10157,Customer 158,+91-98765-10157,user158@example.com,Central,Postpaid Standard,Two Year,Auto-Debit,62,1023.7,61511.12,755.8,784.1,813.4,35.6,36.9,38.3,1,1,2,3,2,2,0
CUST-10158,Customer 159,+91-98765-10158,user159@example.com,North,Postpaid Standard,Month-to-Month,Mailed Check,6,358.51,2009.69,523.3,685.8,898.8,17.4,22.7,29.8,2,3,5,4,0,0,1
CUST-10159,Customer 160,+91-98765-10159,user160@example.com,East,Prepaid Unlimited,Month-to-Month,UPI/Credit Card,17,412.62,6423.89,359.9,357.3,354.7,57.8,57.4,57.0,5,5,5,3,2,2,0
CUST-10160,Customer 161,+91-98765-10160,user161@example.com,East,Prepaid Unlimited,One Year,Mailed Check,51,338.43,17927.19,542.5,517.8,494.2,25.0,23.9,22.8,1,1,1,1,0,0,0
CUST-10161,Customer 162,+91-98765-10161,user162@example.com,North,Prepaid Unlimited,Month-to-Month,UPI/Credit Card,38,898.0,36067.18,135.3,238.2,419.5,2.6,4.6,8.1,1,2,5,8,3,2,1
CUST-10162,Customer 163,+91-98765-10162,user163@example.com,Central,Postpaid Premium,Month-to-Month,UPI/Credit Card,24,1019.73,26071.41,78.2,113.7,165.3,44.9,65.3,94.9,2,3,5,6,3,2,1
CUST-10163,Customer 164,+91-98765-10163,user164@example.com,North,Prepaid Basic,Month-to-Month,Mailed Check,51,373.98,20651.33,641.4,672.9,705.9,84.4,88.6,92.9,4,4,5,2,2,1,0
CUST-10164,Customer 165,+91-98765-10164,user165@example.com,East,Postpaid Standard,One Year,Electronic Check,10,1164.47,12529.53,439.5,608.6,842.7,10.7,14.8,20.5,1,1,1,3,1,0,1
CUST-10165,Customer 166,+91-98765-10165,user166@example.com,South,Prepaid Unlimited,Month-to-Month,Auto-Debit,21,575.47,13292.73,404.9,389.4,374.4,47.3,45.4,43.7,5,5,5,1,0,0,0
CUST-10166,Customer 167,+91-98765-10166,user167@example.com,West,Prepaid Unlimited,Month-to-Month,UPI/Credit Card,70,1121.24,74469.28,426.9,650.5,991.2,36.1,55.1,83.9,1,1,3,5,0,0,1
CUST-10167,Customer 168,+91-98765-10167,user168@example.com,East,Postpaid Standard,Two Year,Electronic Check,57,1477.28,88639.32,180.3,174.2,168.3,72.6,70.2,67.8,1,1,1,1,1,0,0
CUST-10168,Customer 169,+91-98765-10168,user169@example.com,North,Prepaid Unlimited,Month-to-Month,UPI/Credit Card,39,1128.33,44765.8,212.3,384.3,695.6,13.0,23.5,42.5,1,1,2,4,1,0,1
CUST-10169,Customer 170,+91-98765-10169,user170@example.com,West,Postpaid Standard,Month-to-Month,Auto-Debit,33,1358.83,42700.17,316.4,399.1,503.4,47.6,60.0,75.7,3,3,5,5,1,1,1
CUST-10170,Customer 171,+91-98765-10170,user171@example.com,North,Postpaid Premium,Month-to-Month,UPI/Credit Card,59,1436.84,92944.13,278.4,373.8,501.9,50.0,67.2,90.2,2,2,4,8,3,2,1
CUST-10171,Customer 172,+91-98765-10171,user172@example.com,North,Prepaid Unlimited,Month-to-Month,Auto-Debit,18,883.1,17160.78,200.5,320.4,511.9,36.4,58.2,93.0,1,1,1,5,0,0,0
CUST-10172,Customer 173,+91-98765-10172,user173@example.com,South,Prepaid Basic,Month-to-Month,Auto-Debit,56,1141.79,59189.68,155.5,227.5,332.8,19.2,28.0,41.0,1,1,2,4,0,0,1
CUST-10173,Customer 174,+91-98765-10173,user174@example.com,West,Prepaid Unlimited,Month-to-Month,UPI/Credit Card,57,1321.36,68179.8,461.7,586.1,744.0,13.3,16.9,21.5,1,2,3,6,3,2,1
CUST-10174,Customer 175,+91-98765-10174,user175@example.com,West,Postpaid Premium,Two Year,UPI/Credit Card,48,726.93,36206.91,776.5,762.8,749.4,95.0,93.3,91.7,2,2,2,1,1,1,0
CUST-10175,Customer 176,+91-98765-10175,user176@example.com,South,Prepaid Basic,Month-to-Month,Auto-Debit,42,612.68,26268.47,148.8,229.6,354.2,5.8,8.9,13.8,2,3,5,4,1,1,1
CUST-10176,Customer 177,+91-98765-10176,user177@example.com,East,Prepaid Unlimited,Two Year,Electronic Check,27,1434.92,42119.79,904.7,877.9,851.8,78.2,75.9,73.6,4,4,4,2,2,1,0
CUST-10177,Customer 178,+91-98765-10177,user178@example.com,North,Prepaid Unlimited,Month-to-Month,Mailed Check,52,1170.56,57630.95,149.1,239.6,385.2,7.1,11.4,18.3,1,3,5,6,3,2,0
CUST-10178,Customer 179,+91-98765-10178,user179@example.com,Central,Postpaid Standard,Month-to-Month,Auto-Debit,42,562.62,21665.85,809.4,780.5,752.6,45.2,43.6,42.0,2,2,2,3,2,2,0
CUST-10179,Customer 180,+91-98765-10179,user180@example.com,North,Prepaid Basic,Month-to-Month,UPI/Credit Card,32,837.9,25521.58,111.3,152.5,208.9,23.5,32.2,44.1,1,1,1,4,2,1,0
CUST-10180,Customer 181,+91-98765-10180,user181@example.com,North,Postpaid Standard,Month-to-Month,UPI/Credit Card,26,1254.74,29484.41,147.0,192.4,251.8,11.7,15.4,20.1,2,3,4,6,1,1,1
CUST-10181,Customer 182,+91-98765-10181,user182@example.com,East,Postpaid Premium,One Year,Electronic Check,25,955.48,21669.77,412.7,398.2,384.2,99.6,96.1,92.7,4,4,4,3,3,2,0
CUST-10182,Customer 183,+91-98765-10182,user183@example.com,North,Prepaid Basic,Month-to-Month,Mailed Check,23,1078.94,26874.61,440.8,528.9,634.5,3.7,4.4,5.3,1,1,2,4,1,1,1
CUST-10183,Customer 184,+91-98765-10183,user184@example.com,South,Prepaid Basic,Month-to-Month,Auto-Debit,57,1203.52,66570.29,272.3,430.6,681.0,35.9,56.8,89.9,1,3,5,3,0,0,0
CUST-10184,Customer 185,+91-98765-10184,user185@example.com,South,Postpaid Premium,Two Year,Auto-Debit,52,1045.41,53391.61,498.8,477.3,456.7,97.2,93.0,89.0,2,2,2,2,2,2,0
CUST-10185,Customer 186,+91-98765-10185,user186@example.com,West,Prepaid Basic,Two Year,Mailed Check,31,947.1,26531.97,169.2,169.7,170.1,34.9,35.0,35.1,3,3,4,1,1,1,0
CUST-10186,Customer 187,+91-98765-10186,user187@example.com,Central,Postpaid Standard,Two Year,Auto-Debit,64,1198.54,73186.06,414.7,425.4,436.3,68.3,70.1,71.9,1,1,2,0,0,0,0
CUST-10187,Customer 188,+91-98765-10187,user188@example.com,North,Prepaid Unlimited,Month-to-Month,Mailed Check,71,1172.08,88289.4,444.0,565.3,719.9,17.9,22.8,29.0,2,3,4,6,2,2,1
CUST-10188,Customer 189,+91-98765-10188,user189@example.com,North,Prepaid Basic,One Year,UPI/Credit Card,33,1054.85,35614.1,758.1,730.5,703.9,83.0,80.0,77.1,5,5,5,2,2,2,0
CUST-10189,Customer 190,+91-98765-10189,user190@example.com,East,Postpaid Standard,Month-to-Month,Mailed Check,2,730.75,1535.68,140.3,185.1,244.2,33.5,44.2,58.3,1,1,1,2,0,0,1
CUST-10190,Customer 191,+91-98765-10190,user191@example.com,South,Prepaid Unlimited,Month-to-Month,Auto-Debit,18,785.97,13998.1,116.6,111.7,107.0,36.5,35.0,33.5,1,1,1,2,2,2,0
CUST-10191,Customer 192,+91-98765-10191,user192@example.com,Central,Prepaid Unlimited,Month-to-Month,Mailed Check,47,1463.53,66168.32,271.6,459.6,777.7,15.0,25.4,43.0,1,1,2,6,2,1,1
CUST-10192,Customer 193,+91-98765-10192,user193@example.com,West,Prepaid Unlimited,Month-to-Month,Electronic Check,33,433.86,14268.16,196.1,195.9,195.7,70.6,70.6,70.5,4,4,4,2,2,2,0
CUST-10193,Customer 194,+91-98765-10193,user194@example.com,South,Prepaid Unlimited,Month-to-Month,UPI/Credit Card,35,621.21,20972.98,110.3,138.6,174.1,57.7,72.5,91.1,1,1,1,5,2,1,1
CUST-10194,Customer 195,+91-98765-10194,user195@example.com,West,Prepaid Basic,Month-to-Month,UPI/Credit Card,51,889.88,48460.64,45.0,67.9,102.4,7.6,11.5,17.4,1,2,4,3,1,0,1
CUST-10195,Customer 196,+91-98765-10195,user196@example.com,East,Prepaid Unlimited,Two Year,Mailed Check,18,1303.08,22506.31,446.2,467.3,489.3,54.1,56.6,59.3,4,4,5,2,1,0,0
CUST-10196,Customer 197,+91-98765-10196,user197@example.com,East,Postpaid Premium,Month-to-Month,Auto-Debit,30,495.41,15337.19,499.6,525.6,552.9,26.3,27.7,29.1,1,1,2,3,2,2,0
CUST-10197,Customer 198,+91-98765-10197,user198@example.com,North,Prepaid Basic,Month-to-Month,Electronic Check,44,631.35,25762.52,469.0,562.2,673.9,56.4,67.7,81.1,2,3,4,2,0,0,1
CUST-10198,Customer 199,+91-98765-10198,user199@example.com,Central,Prepaid Unlimited,Month-to-Month,UPI/Credit Card,53,377.96,20780.54,209.1,276.9,366.5,6.7,8.8,11.7,1,1,2,3,1,0,1
CUST-10199,Customer 200,+91-98765-10199,user200@example.com,West,Prepaid Unlimited,Two Year,UPI/Credit Card,10,1146.18,12409.23,749.4,744.4,739.4,71.5,71.0,70.5,4,4,4,2,2,2,0
CUST-10200,Customer 201,+91-98765-10200,user201@example.com,South,Postpaid Standard,Month-to-Month,Auto-Debit,52,584.85,31072.65,277.6,264.7,252.4,23.8,22.7,21.6,4,4,4,1,1,1,0
CUST-10201,Customer 202,+91-98765-10201,user202@example.com,East,Prepaid Basic,Month-to-Month,Auto-Debit,49,765.41,37954.07,925.7,886.4,848.8,67.3,64.4,61.7,5,5,5,3,2,2,0
CUST-10202,Customer 203,+91-98765-10202,user203@example.com,North,Postpaid Premium,One Year,Electronic Check,11,831.44,9989.3,633.8,624.2,614.7,87.0,85.7,84.4,2,2,2,2,2,2,0
CUST-10203,Customer 204,+91-98765-10203,user204@example.com,North,Prepaid Unlimited,One Year,Mailed Check,66,1368.58,92627.73,621.1,623.3,625.5,76.2,76.4,76.7,2,2,3,2,1,1,0
CUST-10204,Customer 205,+91-98765-10204,user205@example.com,West,Prepaid Basic,Month-to-Month,Auto-Debit,58,792.6,43760.07,268.7,278.6,288.8,71.2,73.8,76.5,3,3,4,2,1,1,0
CUST-10205,Customer 206,+91-98765-10205,user206@example.com,East,Prepaid Basic,One Year,Mailed Check,36,473.27,16330.28,167.2,167.0,166.7,54.4,54.3,54.2,4,4,4,2,2,1,0
CUST-10206,Customer 207,+91-98765-10206,user207@example.com,Central,Prepaid Basic,One Year,Electronic Check,33,928.18,31887.65,482.8,500.2,518.3,83.5,86.5,89.6,1,1,1,3,3,2,0
CUST-10207,Customer 208,+91-98765-10207,user208@example.com,East,Prepaid Unlimited,One Year,Mailed Check,47,1454.55,71582.92,640.8,647.4,654.1,59.7,60.3,60.9,1,1,2,3,2,1,0
CUST-10208,Customer 209,+91-98765-10208,user209@example.com,West,Prepaid Unlimited,Month-to-Month,UPI/Credit Card,13,1028.22,12841.53,97.1,134.2,185.5,48.3,66.7,92.2,1,2,3,6,1,0,0
CUST-10209,Customer 210,+91-98765-10209,user210@example.com,West,Postpaid Standard,Two Year,Mailed Check,40,1479.06,57332.44,925.3,940.3,955.5,55.1,56.0,56.9,4,4,5,3,2,1,0
CUST-10210,Customer 211,+91-98765-10210,user211@example.com,East,Prepaid Unlimited,Month-to-Month,Electronic Check,68,1308.33,97703.95,534.6,724.7,982.4,28.9,39.2,53.1,1,2,3,3,0,0,1
CUST-10211,Customer 212,+91-98765-10211,user212@example.com,West,Prepaid Basic,Month-to-Month,Electronic Check,42,342.16,13226.67,600.6,595.7,590.9,26.5,26.3,26.1,5,5,5,1,1,1,0
CUST-10212,Customer 213,+91-98765-10212,user213@example.com,East,Prepaid Unlimited,Month-to-Month,Electronic Check,19,1089.08,20297.89,374.8,598.3,955.1,22.3,35.6,56.8,1,1,3,5,0,0,1
CUST-10213,Customer 214,+91-98765-10213,user214@example.com,South,Postpaid Standard,Month-to-Month,Mailed Check,19,643.12,11149.96,120.2,177.3,261.5,8.5,12.5,18.4,1,2,3,6,1,0,0
CUST-10214,Customer 215,+91-98765-10214,user215@example.com,East,Prepaid Basic,Month-to-Month,UPI/Credit Card,58,970.54,59906.1,66.0,90.1,122.9,47.1,64.2,87.6,1,1,2,3,1,0,1
CUST-10215,Customer 216,+91-98765-10215,user216@example.com,East,Prepaid Basic,One Year,Auto-Debit,23,634.21,13397.55,148.8,142.0,135.5,76.0,72.5,69.2,1,1,1,0,0,0,0
CUST-10216,Customer 217,+91-98765-10216,user217@example.com,West,Prepaid Basic,Month-to-Month,UPI/Credit Card,54,717.64,40101.21,250.2,396.6,628.8,39.6,62.7,99.4,1,1,3,6,1,0,1
CUST-10217,Customer 218,+91-98765-10217,user218@example.com,West,Postpaid Standard,Month-to-Month,Mailed Check,65,1406.8,83330.79,102.1,126.0,155.5,9.0,11.1,13.7,2,3,4,5,1,1,1
CUST-10218,Customer 219,+91-98765-10218,user219@example.com,North,Prepaid Unlimited,Month-to-Month,Mailed Check,12,546.97,6790.55,957.0,959.8,962.7,27.7,27.8,27.9,3,3,4,3,2,2,0
CUST-10219,Customer 220,+91-98765-10219,user220@example.com,North,Prepaid Unlimited,Month-to-Month,Auto-Debit,24,1347.93,34569.79,71.9,128.0,227.7,27.9,49.6,88.3,1,2,4,7,2,2,1
CUST-10220,Customer 221,+91-98765-10220,user221@example.com,South,Postpaid Standard,Two Year,Mailed Check,34,335.55,11177.84,359.0,366.5,374.3,40.8,41.6,42.5,1,1,1,3,3,2,0
CUST-10221,Customer 222,+91-98765-10221,user222@example.com,North,Postpaid Standard,Month-to-Month,Electronic Check,53,408.05,21722.35,886.3,863.0,840.3,52.0,50.6,49.3,3,3,3,3,3,2,0
CUST-10222,Customer 223,+91-98765-10222,user223@example.com,East,Prepaid Unlimited,Month-to-Month,Electronic Check,8,1324.61,10388.21,149.0,210.4,296.9,43.6,61.5,86.8,2,3,5,4,2,2,1
CUST-10223,Customer 224,+91-98765-10223,user224@example.com,West,Postpaid Standard,Month-to-Month,Electronic Check,18,1055.67,18243.84,216.9,262.9,318.7,37.2,45.0,54.6,3,4,5,3,0,0,1
CUST-10224,Customer 225,+91-98765-10224,user225@example.com,North,Prepaid Basic,Month-to-Month,Electronic Check,57,1195.68,72287.47,392.9,516.2,678.1,13.6,17.8,23.4,1,1,2,5,2,1,1
CUST-10225,Customer 226,+91-98765-10225,user226@example.com,North,Prepaid Basic,Month-to-Month,Electronic Check,5,550.3,2626.03,190.6,257.7,348.5,49.1,66.3,89.7,1,1,1,6,1,0,1
CUST-10226,Customer 227,+91-98765-10226,user227@example.com,South,Prepaid Basic,One Year,Mailed Check,26,943.5,25624.81,313.0,304.2,295.7,8.5,8.2,8.0,3,3,3,3,2,1,0
CUST-10227,Customer 228,+91-98765-10227,user228@example.com,South,Prepaid Basic,Two Year,Auto-Debit,30,1183.66,33423.22,324.6,326.7,328.8,88.9,89.5,90.1,3,3,4,3,2,1,0
CUST-10228,Customer 229,+91-98765-10228,user229@example.com,East,Prepaid Unlimited,Month-to-Month,Auto-Debit,54,1051.78,53954.65,256.2,372.5,541.6,4.6,6.7,9.8,1,1,1,6,1,1,1
CUST-10229,Customer 230,+91-98765-10229,user230@example.com,West,Postpaid Premium,One Year,Electronic Check,13,865.04,10877.7,938.5,953.9,969.5,66.1,67.2,68.3,1,1,1,2,1,1,0
CUST-10230,Customer 231,+91-98765-10230,user231@example.com,South,Prepaid Basic,One Year,Mailed Check,29,1450.74,42821.65,851.4,850.2,849.0,11.8,11.8,11.8,3,3,3,3,3,2,0
CUST-10231,Customer 232,+91-98765-10231,user232@example.com,North,Prepaid Basic,One Year,UPI/Credit Card,3,1110.39,3300.8,381.2,368.4,356.1,77.2,74.6,72.1,2,2,2,3,2,1,0
CUST-10232,Customer 233,+91-98765-10232,user233@example.com,West,Prepaid Unlimited,Month-to-Month,UPI/Credit Card,58,1388.3,84469.28,208.6,298.5,427.0,4.0,5.7,8.2,1,1,2,6,2,1,0
CUST-10233,Customer 234,+91-98765-10233,user234@example.com,West,Postpaid Premium,Month-to-Month,Mailed Check,2,1174.72,2214.85,349.8,425.7,518.1,57.4,69.8,85.0,1,1,2,8,3,2,1
CUST-10234,Customer 235,+91-98765-10234,user235@example.com,North,Prepaid Unlimited,Month-to-Month,Electronic Check,28,1181.56,29845.93,604.0,769.7,981.0,30.4,38.7,49.3,2,3,4,4,0,0,1
CUST-10235,Customer 236,+91-98765-10235,user236@example.com,South,Prepaid Unlimited,One Year,Auto-Debit,2,395.02,833.74,250.7,253.0,255.2,13.7,13.8,13.9,3,3,4,1,1,0,0
CUST-10236,Customer 237,+91-98765-10236,user237@example.com,North,Prepaid Basic,One Year,Mailed Check,7,730.36,5441.41,385.9,403.4,421.7,66.0,69.0,72.1,2,2,3,1,1,0,0
CUST-10237,Customer 238,+91-98765-10237,user238@example.com,West,Prepaid Basic,Month-to-Month,UPI/Credit Card,26,1329.04,31510.6,328.0,498.1,756.5,22.3,33.9,51.5,1,1,2,3,0,0,1
CUST-10238,Customer 239,+91-98765-10238,user239@example.com,Central,Postpaid Premium,Month-to-Month,UPI/Credit Card,16,578.12,9455.1,948.4,957.9,967.5,22.6,22.9,23.1,2,2,3,2,2,1,0
CUST-10239,Customer 240,+91-98765-10239,user240@example.com,Central,Postpaid Premium,Two Year,UPI/Credit Card,23,437.61,9819.86,232.6,236.3,240.1,6.3,6.4,6.5,1,1,2,3,2,2,0
CUST-10240,Customer 241,+91-98765-10240,user241@example.com,East,Prepaid Basic,One Year,Electronic Check,40,690.33,29236.28,305.2,304.9,304.6,44.8,44.7,44.7,1,1,1,3,2,2,0
CUST-10241,Customer 242,+91-98765-10241,user242@example.com,North,Postpaid Premium,Two Year,UPI/Credit Card,60,563.53,36343.73,315.8,309.4,303.1,13.6,13.4,13.1,5,5,5,1,0,0,0
CUST-10242,Customer 243,+91-98765-10242,user243@example.com,North,Prepaid Unlimited,One Year,Mailed Check,32,1409.35,48265.2,120.4,119.6,118.8,14.1,14.0,13.9,5,5,5,3,3,2,0
CUST-10243,Customer 244,+91-98765-10243,user244@example.com,East,Postpaid Standard,Month-to-Month,Mailed Check,15,1340.56,21223.23,419.4,519.6,643.7,19.8,24.5,30.4,1,1,2,5,1,1,1
CUST-10244,Customer 245,+91-98765-10244,user245@example.com,East,Prepaid Unlimited,Month-to-Month,UPI/Credit Card,13,898.62,11142.47,481.8,582.2,703.6,44.4,53.7,64.9,2,2,3,3,1,0,1
CUST-10245,Customer 246,+91-98765-10245,user246@example.com,East,Prepaid Unlimited,One Year,Mailed Check,5,372.61,1979.26,679.3,660.5,642.3,58.5,56.9,55.3,4,4,4,3,2,1,0
CUST-10246,Customer 247,+91-98765-10246,user247@example.com,West,Prepaid Unlimited,Month-to-Month,UPI/Credit Card,52,1156.47,60539.1,53.2,93.5,164.2,3.8,6.6,11.6,1,1,2,6,1,1,1
CUST-10247,Customer 248,+91-98765-10247,user248@example.com,North,Prepaid Unlimited,Month-to-Month,UPI/Credit Card,41,1047.09,39090.6,91.8,122.1,162.3,54.9,73.0,97.0,1,1,2,4,1,1,1
CUST-10248,Customer 249,+91-98765-10248,user249@example.com,West,Prepaid Basic,One Year,Auto-Debit,53,1463.67,76906.42,263.4,276.0,289.3,81.3,85.2,89.3,3,3,4,2,1,1,0
CUST-10249,Customer 250,+91-98765-10249,user250@example.com,East,Prepaid Basic,Month-to-Month,Electronic Check,50,969.74,52774.78,250.3,300.7,361.3,20.5,24.6,29.6,1,1,2,6,2,1,1
CUST-10250,Customer 251,+91-98765-10250,user251@example.com,North,Prepaid Unlimited,One Year,Electronic Check,15,702.67,11357.66,879.9,843.1,807.9,18.1,17.3,16.6,1,1,1,1,1,0,0
CUST-10251,Customer 252,+91-98765-10251,user252@example.com,West,Postpaid Standard,Month-to-Month,Auto-Debit,7,921.83,5939.51,89.6,147.7,243.5,34.8,57.3,94.5,1,2,4,4,1,1,1
CUST-10252,Customer 253,+91-98765-10252,user253@example.com,West,Prepaid Basic,Two Year,Auto-Debit,40,1474.12,61843.78,146.0,142.8,139.7,51.0,49.9,48.8,1,1,1,1,1,0,0
CUST-10253,Customer 254,+91-98765-10253,user254@example.com,East,Prepaid Unlimited,Month-to-Month,Electronic Check,28,1134.63,33712.63,194.1,297.1,454.6,14.8,22.6,34.6,2,3,5,5,2,2,1
CUST-10254,Customer 255,+91-98765-10254,user255@example.com,North,Postpaid Premium,Month-to-Month,UPI/Credit Card,32,1105.37,33754.56,256.1,348.7,474.8,27.8,37.9,51.6,2,2,4,4,2,1,1
CUST-10255,Customer 256,+91-98765-10255,user256@example.com,East,Prepaid Basic,One Year,UPI/Credit Card,15,587.82,8767.23,555.6,530.1,505.8,86.1,82.2,78.4,4,4,4,3,2,1,0
CUST-10256,Customer 257,+91-98765-10256,user257@example.com,North,Prepaid Unlimited,Month-to-Month,Electronic Check,70,1191.32,86911.36,389.1,573.1,844.2,9.7,14.3,21.0,1,2,3,6,3,2,1
CUST-10257,Customer 258,+91-98765-10257,user258@example.com,Central,Prepaid Unlimited,One Year,UPI/Credit Card,65,1199.33,77006.03,180.8,184.5,188.2,74.9,76.4,77.9,2,2,3,1,1,0,0
CUST-10258,Customer 259,+91-98765-10258,user259@example.com,South,Postpaid Standard,One Year,Auto-Debit,4,679.75,2508.44,704.3,718.8,733.5,73.2,74.7,76.2,3,3,4,1,1,1,0
CUST-10259,Customer 260,+91-98765-10259,user260@example.com,South,Prepaid Basic,Month-to-Month,UPI/Credit Card,11,879.46,10072.4,233.3,307.1,404.2,32.4,42.7,56.2,2,3,5,4,2,2,1
CUST-10260,Customer 261,+91-98765-10260,user261@example.com,South,Prepaid Unlimited,Month-to-Month,UPI/Credit Card,26,652.52,18362.25,371.8,375.4,379.0,85.6,86.5,87.3,1,1,2,3,2,2,0
CUST-10261,Customer 262,+91-98765-10261,user262@example.com,East,Postpaid Standard,Month-to-Month,Mailed Check,61,609.45,38310.22,403.8,615.8,939.3,7.6,11.5,17.6,1,1,3,4,2,1,0
CUST-10262,Customer 263,+91-98765-10262,user263@example.com,Central,Postpaid Premium,Month-to-Month,Mailed Check,37,330.08,12881.74,138.4,211.6,323.6,26.3,40.3,61.6,2,3,5,6,1,0,1
CUST-10263,Customer 264,+91-98765-10263,user264@example.com,North,Prepaid Unlimited,Two Year,Mailed Check,23,641.25,14330.95,612.0,644.3,678.3,43.0,45.3,47.7,4,4,5,0,0,0,0
CUST-10264,Customer 265,+91-98765-10264,user265@example.com,West,Prepaid Unlimited,One Year,UPI/Credit Card,40,963.76,36107.83,365.9,356.6,347.6,47.5,46.3,45.1,3,3,3,2,1,1,0
CUST-10265,Customer 266,+91-98765-10265,user266@example.com,North,Prepaid Unlimited,One Year,Electronic Check,23,300.92,7118.79,583.1,569.6,556.4,30.4,29.7,29.0,2,2,2,3,2,2,0
CUST-10266,Customer 267,+91-98765-10266,user267@example.com,West,Postpaid Standard,One Year,Auto-Debit,16,638.86,9869.66,861.1,834.0,807.7,43.1,41.7,40.4,3,3,3,2,2,1,0
CUST-10267,Customer 268,+91-98765-10267,user268@example.com,North,Prepaid Unlimited,Month-to-Month,UPI/Credit Card,61,1356.69,88717.89,503.4,670.7,893.6,8.6,11.5,15.3,2,3,5,3,0,0,0
CUST-10268,Customer 269,+91-98765-10268,user269@example.com,Central,Prepaid Basic,Two Year,Electronic Check,68,1011.38,63583.18,866.2,860.5,854.8,29.3,29.1,28.9,1,1,1,3,2,2,0
CUST-10269,Customer 270,+91-98765-10269,user270@example.com,West,Postpaid Premium,One Year,UPI/Credit Card,31,1028.44,31457.38,659.0,641.2,624.0,32.5,31.7,30.8,3,3,3,1,1,1,0
CUST-10270,Customer 271,+91-98765-10270,user271@example.com,East,Prepaid Unlimited,One Year,Auto-Debit,53,783.04,40643.94,323.4,323.7,323.9,73.4,73.4,73.5,4,4,5,2,2,2,0
CUST-10271,Customer 272,+91-98765-10271,user272@example.com,North,Prepaid Unlimited,Two Year,UPI/Credit Card,25,1110.77,30202.14,757.9,725.8,695.1,10.5,10.0,9.6,3,3,3,0,0,0,0
CUST-10272,Customer 273,+91-98765-10272,user273@example.com,North,Prepaid Basic,Month-to-Month,Auto-Debit,44,526.92,21576.1,693.2,715.7,738.9,62.8,64.8,66.9,4,4,5,1,0,0,0
CUST-10273,Customer 274,+91-98765-10273,user274@example.com,West,Prepaid Unlimited,One Year,UPI/Credit Card,12,1281.5,13870.48,118.7,114.1,109.6,28.2,27.1,26.0,2,2,2,1,0,0,0
CUST-10274,Customer 275,+91-98765-10274,user275@example.com,East,Prepaid Unlimited,Month-to-Month,Auto-Debit,9,439.03,3744.29,312.1,393.2,495.3,8.1,10.2,12.8,3,3,5,4,1,1,0
CUST-10275,Customer 276,+91-98765-10275,user276@example.com,East,Prepaid Unlimited,Month-to-Month,UPI/Credit Card,12,1086.2,13869.32,376.7,568.8,858.9,14.7,22.3,33.6,1,2,4,4,2,2,1
CUST-10276,Customer 277,+91-98765-10276,user277@example.com,Central,Prepaid Basic,Month-to-Month,Auto-Debit,69,708.38,46036.65,284.7,392.3,540.6,13.9,19.1,26.3,1,1,1,7,2,1,0
CUST-10277,Customer 278,+91-98765-10277,user278@example.com,East,Prepaid Unlimited,Two Year,Mailed Check,54,1196.02,61238.0,388.9,384.5,380.2,58.7,58.1,57.4,5,5,5,2,1,1,0
CUST-10278,Customer 279,+91-98765-10278,user279@example.com,East,Postpaid Premium,Two Year,UPI/Credit Card,54,958.72,47938.79,837.0,860.5,884.6,36.9,37.9,39.0,2,2,3,1,1,1,0
CUST-10279,Customer 280,+91-98765-10279,user280@example.com,East,Prepaid Basic,One Year,UPI/Credit Card,28,841.82,24586.57,243.0,241.6,240.3,97.9,97.3,96.8,3,3,3,1,1,1,0
CUST-10280,Customer 281,+91-98765-10280,user281@example.com,South,Postpaid Premium,One Year,Electronic Check,56,502.31,25705.59,303.4,294.5,285.8,102.4,99.4,96.5,5,5,5,4,3,2,0
CUST-10281,Customer 282,+91-98765-10281,user282@example.com,Central,Prepaid Unlimited,Month-to-Month,Electronic Check,69,1063.19,70883.59,366.0,512.9,718.6,24.0,33.7,47.2,2,2,4,7,3,2,1
CUST-10282,Customer 283,+91-98765-10282,user283@example.com,North,Postpaid Standard,Two Year,Auto-Debit,58,1468.72,81480.16,423.9,420.5,417.2,81.8,81.1,80.5,5,5,5,2,1,1,0
CUST-10283,Customer 284,+91-98765-10283,user284@example.com,West,Postpaid Standard,Month-to-Month,UPI/Credit Card,42,1289.72,54765.82,386.2,535.2,741.7,3.3,4.5,6.3,1,1,2,7,2,1,1
CUST-10284,Customer 285,+91-98765-10284,user285@example.com,North,Prepaid Unlimited,Month-to-Month,Auto-Debit,38,371.01,14748.08,132.2,178.8,241.9,31.2,42.1,57.0,2,2,4,4,1,0,1
CUST-10285,Customer 286,+91-98765-10285,user286@example.com,Central,Postpaid Standard,Month-to-Month,Mailed Check,68,750.48,51368.19,216.8,266.3,327.0,50.1,61.6,75.6,3,4,5,2,0,0,1
CUST-10286,Customer 287,+91-98765-10286,user287@example.com,West,Postpaid Standard,One Year,Electronic Check,53,1409.7,81154.84,233.8,237.4,241.0,24.8,25.2,25.6,1,1,1,4,3,2,0
CUST-10287,Customer 288,+91-98765-10287,user288@example.com,Central,Prepaid Unlimited,One Year,Auto-Debit,33,902.65,32476.92,1052.3,1003.8,957.6,11.9,11.3,10.8,4,4,4,1,1,0,0
CUST-10288,Customer 289,+91-98765-10288,user289@example.com,East,Prepaid Unlimited,Month-to-Month,Auto-Debit,71,1093.53,75489.45,248.5,339.9,464.9,10.6,14.5,19.8,2,3,5,7,2,2,1
CUST-10289,Customer 290,+91-98765-10289,user290@example.com,West,Prepaid Unlimited,Month-to-Month,Electronic Check,56,1394.12,82406.46,223.2,300.1,403.5,26.0,35.0,47.0,1,1,1,5,2,2,1
CUST-10290,Customer 291,+91-98765-10290,user291@example.com,East,Postpaid Standard,One Year,UPI/Credit Card,51,1347.55,72007.38,117.9,115.3,112.8,55.5,54.3,53.1,5,5,5,3,3,2,0
CUST-10291,Customer 292,+91-98765-10291,user292@example.com,North,Postpaid Standard,Month-to-Month,Auto-Debit,43,901.18,41796.27,164.7,198.0,238.1,28.5,34.3,41.2,1,1,2,5,0,0,1
CUST-10292,Customer 293,+91-98765-10292,user293@example.com,North,Postpaid Standard,One Year,Electronic Check,15,824.18,12233.99,447.8,463.1,479.0,43.7,45.2,46.8,2,2,3,0,0,0,0
CUST-10293,Customer 294,+91-98765-10293,user294@example.com,West,Prepaid Unlimited,Two Year,UPI/Credit Card,38,706.63,27015.59,152.7,157.1,161.7,46.9,48.3,49.7,4,4,5,3,2,2,0
CUST-10294,Customer 295,+91-98765-10294,user295@example.com,West,Postpaid Standard,Month-to-Month,Mailed Check,15,1161.82,17133.73,198.3,333.1,559.7,27.7,46.5,78.1,1,2,4,7,3,2,1
CUST-10295,Customer 296,+91-98765-10295,user296@example.com,Central,Prepaid Basic,Month-to-Month,Electronic Check,5,643.38,3442.33,319.4,403.4,509.5,9.4,11.9,15.0,3,3,5,4,1,1,1
CUST-10296,Customer 297,+91-98765-10296,user297@example.com,Central,Prepaid Unlimited,One Year,Auto-Debit,54,598.87,30590.75,742.7,766.2,790.5,73.4,75.7,78.1,4,4,5,4,3,2,0
CUST-10297,Customer 298,+91-98765-10297,user298@example.com,East,Prepaid Basic,One Year,Mailed Check,51,726.5,35122.67,759.2,725.7,693.8,77.0,73.6,70.4,5,5,5,3,3,2,0
CUST-10298,Customer 299,+91-98765-10298,user299@example.com,West,Prepaid Unlimited,Month-to-Month,UPI/Credit Card,10,511.66,4986.23,196.8,314.1,501.4,29.6,47.3,75.5,1,3,5,5,1,1,1
CUST-10299,Customer 300,+91-98765-10299,user300@example.com,North,Prepaid Unlimited,Two Year,UPI/Credit Card,12,1133.14,12864.34,282.6,292.2,302.2,69.9,72.3,74.8,3,3,4,3,3,2,0
CUST-10300,Customer 301,+91-98765-10300,user301@example.com,Central,Prepaid Unlimited,Month-to-Month,Electronic Check,4,1038.49,4204.64,255.6,439.1,754.2,16.8,28.9,49.7,1,2,4,7,2,2,1
CUST-10301,Customer 302,+91-98765-10301,user302@example.com,Central,Prepaid Unlimited,Month-to-Month,Electronic Check,18,878.45,14656.2,295.9,467.0,737.1,10.1,15.9,25.1,2,3,5,5,2,2,1
CUST-10302,Customer 303,+91-98765-10302,user303@example.com,North,Prepaid Unlimited,One Year,Electronic Check,36,767.39,26632.53,257.9,247.7,238.0,60.7,58.3,56.0,3,3,3,2,1,1,0
CUST-10303,Customer 304,+91-98765-10303,user304@example.com,Central,Prepaid Unlimited,Two Year,UPI/Credit Card,25,1389.88,37620.19,878.1,900.4,923.3,91.3,93.6,96.0,4,4,5,0,0,0,0
CUST-10304,Customer 305,+91-98765-10304,user305@example.com,East,Prepaid Basic,Month-to-Month,Mailed Check,36,333.95,11803.94,159.7,158.8,158.0,61.5,61.2,60.9,4,4,4,3,2,2,0
CUST-10305,Customer 306,+91-98765-10305,user306@example.com,West,Prepaid Unlimited,One Year,UPI/Credit Card,67,1221.93,85933.85,139.8,144.6,149.5,5.6,5.8,6.0,1,1,2,2,2,1,0
CUST-10306,Customer 307,+91-98765-10306,user307@example.com,North,Prepaid Basic,Month-to-Month,Auto-Debit,9,1381.29,11470.55,122.3,181.2,268.6,4.9,7.2,10.7,2,3,5,8,3,2,1
CUST-10307,Customer 308,+91-98765-10307,user308@example.com,West,Prepaid Basic,Month-to-Month,UPI/Credit Card,61,834.63,48342.01,275.6,503.1,918.5,29.8,54.4,99.3,1,2,5,5,1,1,1
CUST-10308,Customer 309,+91-98765-10308,user309@example.com,Central,Prepaid Unlimited,Month-to-Month,Auto-Debit,53,959.83,53997.99,207.3,343.2,568.0,4.3,7.1,11.8,1,3,5,5,3,2,1
CUST-10309,Customer 310,+91-98765-10309,user310@example.com,Central,Prepaid Unlimited,Two Year,Mailed Check,18,1432.36,27138.6,834.2,821.6,809.1,9.7,9.5,9.4,5,5,5,3,2,1,0
CUST-10310,Customer 311,+91-98765-10310,user311@example.com,North,Prepaid Unlimited,Month-to-Month,Electronic Check,43,553.73,23268.26,309.9,307.5,305.1,39.1,38.8,38.5,1,1,1,1,1,0,0
CUST-10311,Customer 312,+91-98765-10311,user312@example.com,East,Prepaid Unlimited,Month-to-Month,Electronic Check,35,923.16,35246.97,186.8,318.0,541.2,33.5,57.0,97.1,1,2,5,4,1,0,1
CUST-10312,Customer 313,+91-98765-10312,user313@example.com,South,Prepaid Unlimited,Month-to-Month,UPI/Credit Card,63,868.67,59220.8,242.0,319.8,422.5,20.2,26.7,35.3,2,3,4,3,0,0,0
CUST-10313,Customer 314,+91-98765-10313,user314@example.com,North,Postpaid Standard,Two Year,Electronic Check,4,609.07,2661.54,874.0,859.4,845.0,45.4,44.6,43.9,4,4,4,3,2,2,0
CUST-10314,Customer 315,+91-98765-10314,user315@example.com,South,Prepaid Unlimited,One Year,Mailed Check,41,1281.31,51776.33,127.7,124.0,120.3,69.2,67.2,65.2,1,1,1,1,1,1,0
CUST-10315,Customer 316,+91-98765-10315,user316@example.com,South,Prepaid Unlimited,One Year,Electronic Check,45,1378.52,58280.05,345.6,332.3,319.5,7.9,7.6,7.3,5,5,5,3,3,2,0
CUST-10316,Customer 317,+91-98765-10316,user317@example.com,East,Prepaid Basic,Month-to-Month,UPI/Credit Card,50,1237.32,63433.17,151.5,189.6,237.3,57.6,72.1,90.3,1,2,3,7,3,2,1
CUST-10317,Customer 318,+91-98765-10317,user318@example.com,South,Prepaid Unlimited,One Year,Mailed Check,28,533.43,15488.0,956.1,913.8,873.3,59.4,56.8,54.3,5,5,5,1,1,1,0
CUST-10318,Customer 319,+91-98765-10318,user319@example.com,South,Prepaid Unlimited,Month-to-Month,Auto-Debit,42,403.1,15661.93,261.6,369.1,520.8,24.8,34.9,49.3,2,2,4,5,2,2,1
CUST-10319,Customer 320,+91-98765-10319,user320@example.com,East,Prepaid Unlimited,One Year,UPI/Credit Card,69,1025.53,74815.97,448.1,455.9,463.8,83.9,85.3,86.8,1,1,2,3,2,1,0
CUST-10320,Customer 321,+91-98765-10320,user321@example.com,South,Prepaid Unlimited,Two Year,Auto-Debit,1,367.51,332.09,456.9,480.1,504.5,86.5,90.9,95.5,1,1,2,2,1,1,0
CUST-10321,Customer 322,+91-98765-10321,user322@example.com,South,Prepaid Unlimited,Month-to-Month,Mailed Check,39,1106.39,43000.16,308.4,548.3,974.7,14.3,25.4,45.2,1,1,3,6,1,0,1
CUST-10322,Customer 323,+91-98765-10322,user323@example.com,South,Prepaid Unlimited,One Year,UPI/Credit Card,17,935.51,15366.18,891.4,878.2,865.2,22.0,21.7,21.4,5,5,5,1,0,0,0
CUST-10323,Customer 324,+91-98765-10323,user324@example.com,North,Postpaid Standard,Month-to-Month,UPI/Credit Card,35,1094.34,40142.71,224.5,406.4,735.7,25.2,45.6,82.5,1,1,1,4,0,0,1
CUST-10324,Customer 325,+91-98765-10324,user325@example.com,North,Postpaid Standard,Month-to-Month,Mailed Check,46,1007.2,44596.2,245.8,298.1,361.4,29.5,35.7,43.3,3,4,5,4,2,1,1
CUST-10325,Customer 326,+91-98765-10325,user326@example.com,North,Postpaid Standard,Month-to-Month,Electronic Check,42,806.24,36075.35,153.9,195.6,248.7,58.1,73.9,93.9,1,2,3,4,0,0,1
CUST-10326,Customer 327,+91-98765-10326,user327@example.com,East,Postpaid Premium,Month-to-Month,UPI/Credit Card,39,540.05,21461.93,350.2,570.4,929.3,35.9,58.4,95.2,1,1,3,3,1,1,0
CUST-10327,Customer 328,+91-98765-10327,user328@example.com,Central,Prepaid Basic,Month-to-Month,UPI/Credit Card,49,665.84,34543.88,199.5,309.7,480.8,6.6,10.2,15.9,1,1,3,5,2,2,1
CUST-10328,Customer 329,+91-98765-10328,user329@example.com,South,Prepaid Basic,One Year,Auto-Debit,62,928.4,63194.17,335.0,342.9,350.9,91.6,93.7,95.9,1,1,2,1,0,0,0
CUST-10329,Customer 330,+91-98765-10329,user330@example.com,South,Prepaid Basic,Month-to-Month,Electronic Check,38,1081.24,42559.34,235.4,351.1,523.8,18.0,26.8,40.0,2,3,5,5,1,1,1
CUST-10330,Customer 331,+91-98765-10330,user331@example.com,East,Prepaid Unlimited,One Year,Auto-Debit,23,1234.38,31144.36,865.6,895.3,926.1,62.1,64.2,66.4,4,4,5,2,1,1,0
CUST-10331,Customer 332,+91-98765-10331,user332@example.com,South,Postpaid Standard,Month-to-Month,Auto-Debit,22,1219.6,24302.82,214.7,310.2,448.4,4.0,5.7,8.3,1,1,1,5,2,1,1
CUST-10332,Customer 333,+91-98765-10332,user333@example.com,North,Prepaid Basic,Month-to-Month,Electronic Check,4,1466.23,5675.06,391.5,487.3,606.4,57.7,71.8,89.4,1,2,3,6,2,1,1
CUST-10333,Customer 334,+91-98765-10333,user334@example.com,Central,Postpaid Premium,One Year,Electronic Check,49,642.01,28991.22,800.6,811.6,822.7,64.2,65.1,66.0,2,2,3,1,1,0,0
CUST-10334,Customer 335,+91-98765-10334,user335@example.com,West,Prepaid Basic,Month-to-Month,Mailed Check,59,384.33,21597.5,149.8,269.3,484.4,20.4,36.8,66.1,1,2,4,3,1,0,1
CUST-10335,Customer 336,+91-98765-10335,user336@example.com,South,Postpaid Premium,Month-to-Month,Electronic Check,68,713.79,51827.49,325.3,317.7,310.2,95.1,92.9,90.7,4,4,4,1,1,0,0
CUST-10336,Customer 337,+91-98765-10336,user337@example.com,North,Prepaid Unlimited,One Year,UPI/Credit Card,71,1190.95,76648.34,986.4,990.7,995.1,52.8,53.1,53.3,1,1,2,1,1,1,0
CUST-10337,Customer 338,+91-98765-10337,user338@example.com,West,Prepaid Basic,Month-to-Month,Electronic Check,2,824.73,1656.12,644.3,786.8,960.9,29.5,36.0,44.0,3,4,5,6,2,2,1
CUST-10338,Customer 339,+91-98765-10338,user339@example.com,Central,Prepaid Unlimited,Month-to-Month,Mailed Check,49,1280.35,63579.44,292.8,501.5,859.1,29.8,51.0,87.3,1,1,1,7,2,1,1
CUST-10339,Customer 340,+91-98765-10339,user340@example.com,West,Prepaid Basic,Month-to-Month,Mailed Check,31,958.19,30067.18,388.9,528.9,719.5,40.8,55.5,75.5,1,1,1,6,2,2,1
CUST-10340,Customer 341,+91-98765-10340,user341@example.com,North,Prepaid Basic,Two Year,Mailed Check,40,1414.75,56310.41,343.7,354.4,365.4,89.6,92.3,95.2,2,2,3,0,0,0,0
CUST-10341,Customer 342,+91-98765-10341,user342@example.com,West,Prepaid Unlimited,One Year,Electronic Check,48,1436.44,72956.48,932.4,927.2,922.1,95.3,94.8,94.3,1,1,1,2,1,1,0
CUST-10342,Customer 343,+91-98765-10342,user343@example.com,East,Postpaid Standard,One Year,Electronic Check,51,382.17,18062.17,328.4,338.1,348.0,39.0,40.1,41.3,2,2,3,2,1,1,0
CUST-10343,Customer 344,+91-98765-10343,user344@example.com,West,Prepaid Unlimited,One Year,Auto-Debit,43,846.7,35028.79,772.4,796.2,820.7,44.7,46.1,47.5,4,4,5,0,0,0,0
CUST-10344,Customer 345,+91-98765-10344,user345@example.com,South,Prepaid Unlimited,Month-to-Month,Auto-Debit,55,1030.63,57996.63,339.8,561.1,926.4,10.7,17.7,29.3,1,1,1,7,2,1,1
CUST-10345,Customer 346,+91-98765-10345,user346@example.com,South,Prepaid Unlimited,Month-to-Month,UPI/Credit Card,49,606.05,30830.57,628.7,635.7,642.7,66.3,67.1,67.8,2,2,3,3,3,2,0
CUST-10346,Customer 347,+91-98765-10346,user347@example.com,East,Postpaid Standard,One Year,Auto-Debit,57,787.49,44026.43,834.8,828.8,822.8,40.2,39.9,39.6,5,5,5,3,2,2,0
CUST-10347,Customer 348,+91-98765-10347,user348@example.com,North,Prepaid Basic,Month-to-Month,UPI/Credit Card,15,1112.22,17935.79,375.7,552.5,812.5,36.9,54.2,79.7,2,3,5,6,3,2,1
CUST-10348,Customer 349,+91-98765-10348,user349@example.com,South,Prepaid Unlimited,Month-to-Month,Mailed Check,27,571.08,15158.56,293.5,283.5,273.8,17.7,17.1,16.5,3,3,3,3,2,1,0
CUST-10349,Customer 350,+91-98765-10349,user350@example.com,Central,Prepaid Basic,Month-to-Month,Auto-Debit,68,1021.38,68103.33,486.7,584.1,701.1,11.2,13.4,16.1,2,2,3,5,2,1,1
CUST-10350,Customer 351,+91-98765-10350,user351@example.com,South,Prepaid Basic,Month-to-Month,Electronic Check,64,1135.94,65956.6,89.6,128.4,184.1,11.9,17.0,24.4,1,1,2,8,3,2,1
CUST-10351,Customer 352,+91-98765-10351,user352@example.com,South,Prepaid Unlimited,Two Year,Auto-Debit,30,407.6,12353.07,569.4,563.2,557.1,13.3,13.1,13.0,5,5,5,1,1,1,0
CUST-10352,Customer 353,+91-98765-10352,user353@example.com,North,Prepaid Basic,Month-to-Month,UPI/Credit Card,36,896.04,33603.74,91.3,149.8,246.0,23.7,38.9,63.9,1,1,3,7,3,2,1
CUST-10353,Customer 354,+91-98765-10353,user354@example.com,West,Prepaid Unlimited,Month-to-Month,Auto-Debit,67,614.7,38009.03,510.6,492.3,474.7,20.4,19.7,19.0,5,5,5,1,0,0,0
CUST-10354,Customer 355,+91-98765-10354,user355@example.com,South,Postpaid Standard,Month-to-Month,Mailed Check,49,1168.26,55017.15,396.8,580.7,849.7,9.4,13.8,20.2,1,1,1,7,3,2,1
CUST-10355,Customer 356,+91-98765-10355,user356@example.com,East,Prepaid Basic,Two Year,Electronic Check,55,526.47,30584.66,934.7,961.2,988.5,6.1,6.2,6.4,3,3,4,1,1,0,0
CUST-10356,Customer 357,+91-98765-10356,user357@example.com,West,Prepaid Unlimited,Month-to-Month,UPI/Credit Card,56,1369.69,74645.77,194.1,273.8,386.2,39.9,56.2,79.3,2,2,4,3,0,0,1
CUST-10357,Customer 358,+91-98765-10357,user358@example.com,Central,Prepaid Basic,Month-to-Month,Electronic Check,68,816.13,52628.79,379.8,468.9,578.8,53.9,66.6,82.2,1,2,3,2,0,0,1
CUST-10358,Customer 359,+91-98765-10358,user359@example.com,North,Postpaid Premium,One Year,Electronic Check,44,536.6,24423.55,607.6,583.4,560.2,22.1,21.2,20.4,3,3,3,3,3,2,0
CUST-10359,Customer 360,+91-98765-10359,user360@example.com,Central,Prepaid Unlimited,One Year,UPI/Credit Card,31,824.63,24013.15,908.5,933.4,959.0,71.3,73.3,75.3,4,4,5,4,3,2,0
CUST-10360,Customer 361,+91-98765-10360,user361@example.com,West,Postpaid Standard,Month-to-Month,Electronic Check,58,789.49,49413.84,534.9,532.8,530.7,46.6,46.4,46.2,3,3,3,1,1,1,0
CUST-10361,Customer 362,+91-98765-10361,user362@example.com,West,Prepaid Unlimited,Month-to-Month,Electronic Check,53,813.7,39724.3,337.4,496.0,729.2,12.9,18.9,27.8,2,3,5,6,2,1,1
CUST-10362,Customer 363,+91-98765-10362,user363@example.com,West,Prepaid Basic,Month-to-Month,Auto-Debit,23,1001.67,23990.13,379.1,593.7,929.6,26.1,40.9,64.0,1,1,3,5,0,0,1
CUST-10363,Customer 364,+91-98765-10363,user364@example.com,Central,Prepaid Unlimited,Month-to-Month,Electronic Check,28,924.41,25881.14,147.8,253.9,436.0,7.5,12.8,22.0,1,2,5,7,2,2,1
CUST-10364,Customer 365,+91-98765-10364,user365@example.com,West,Postpaid Premium,Month-to-Month,Electronic Check,16,478.73,8226.39,992.5,951.3,911.9,83.7,80.2,76.9,3,3,3,2,1,1,0
CUST-10365,Customer 366,+91-98765-10365,user366@example.com,Central,Prepaid Unlimited,Month-to-Month,Electronic Check,37,377.69,12929.78,951.3,938.4,925.7,9.8,9.6,9.5,2,2,2,2,2,1,0
CUST-10366,Customer 367,+91-98765-10366,user367@example.com,West,Postpaid Standard,Month-to-Month,Electronic Check,21,1174.3,25537.69,293.8,524.8,937.6,30.1,53.8,96.1,1,2,5,4,1,1,0
CUST-10367,Customer 368,+91-98765-10367,user368@example.com,East,Postpaid Standard,Month-to-Month,UPI/Credit Card,17,970.66,16739.02,152.3,228.7,343.4,5.2,7.9,11.8,1,1,2,7,2,2,1
CUST-10368,Customer 369,+91-98765-10368,user369@example.com,West,Prepaid Basic,One Year,Mailed Check,37,729.8,26895.08,431.1,445.5,460.3,56.2,58.1,60.0,1,1,2,2,2,1,0
CUST-10369,Customer 370,+91-98765-10369,user370@example.com,Central,Prepaid Basic,Two Year,Auto-Debit,19,1269.03,24070.13,917.7,900.4,883.4,94.2,92.4,90.7,2,2,2,0,0,0,0
CUST-10370,Customer 371,+91-98765-10370,user371@example.com,South,Prepaid Unlimited,One Year,Electronic Check,30,764.67,23958.53,456.0,439.3,423.2,6.6,6.3,6.1,2,2,2,3,3,2,0
CUST-10371,Customer 372,+91-98765-10371,user372@example.com,West,Prepaid Unlimited,Month-to-Month,Electronic Check,45,1254.16,61378.18,415.4,515.7,640.2,34.0,42.2,52.4,1,1,1,5,2,1,1
CUST-10372,Customer 373,+91-98765-10372,user373@example.com,South,Postpaid Standard,Month-to-Month,UPI/Credit Card,18,665.91,11006.5,212.0,209.1,206.2,39.4,38.8,38.3,4,4,4,1,1,1,0
CUST-10373,Customer 374,+91-98765-10373,user374@example.com,East,Postpaid Premium,Two Year,Mailed Check,62,386.41,21655.12,147.8,149.2,150.6,59.0,59.5,60.1,1,1,1,3,3,2,0
CUST-10374,Customer 375,+91-98765-10374,user375@example.com,North,Prepaid Unlimited,Month-to-Month,Electronic Check,36,1418.17,54175.62,141.9,258.5,470.8,8.0,14.5,26.4,1,1,3,5,2,1,1
CUST-10375,Customer 376,+91-98765-10375,user376@example.com,East,Prepaid Basic,Month-to-Month,UPI/Credit Card,52,772.46,37020.12,608.0,614.5,621.0,11.0,11.1,11.2,2,2,3,3,2,1,0
CUST-10376,Customer 377,+91-98765-10376,user377@example.com,West,Postpaid Standard,Month-to-Month,Auto-Debit,19,1250.23,26066.61,204.7,304.6,453.4,29.1,43.3,64.5,1,2,4,5,0,0,1
CUST-10377,Customer 378,+91-98765-10377,user378@example.com,South,Prepaid Basic,One Year,Auto-Debit,44,633.97,28560.52,570.8,594.9,620.0,41.1,42.8,44.6,3,3,4,3,2,2,0
CUST-10378,Customer 379,+91-98765-10378,user379@example.com,South,Postpaid Standard,One Year,Electronic Check,7,1074.64,7749.46,215.5,348.5,563.6,24.5,39.6,64.1,1,2,4,6,1,1,1
CUST-10379,Customer 380,+91-98765-10379,user380@example.com,Central,Prepaid Unlimited,Month-to-Month,Electronic Check,44,1346.97,55697.54,324.8,482.6,717.1,11.3,16.8,25.0,1,1,2,6,3,2,0
CUST-10380,Customer 381,+91-98765-10380,user381@example.com,South,Prepaid Unlimited,Month-to-Month,Mailed Check,68,348.97,22497.48,212.3,381.2,684.6,11.5,20.7,37.2,1,1,1,6,2,2,1
CUST-10381,Customer 382,+91-98765-10381,user382@example.com,Central,Prepaid Basic,Two Year,Mailed Check,34,1295.76,45459.9,477.6,479.7,481.8,57.9,58.1,58.4,2,2,3,1,0,0,0
CUST-10382,Customer 383,+91-98765-10382,user383@example.com,North,Prepaid Unlimited,Month-to-Month,Electronic Check,66,984.6,70308.7,321.4,393.8,482.5,40.8,50.0,61.3,1,1,1,3,1,0,0
CUST-10383,Customer 384,+91-98765-10383,user384@example.com,West,Prepaid Unlimited,One Year,UPI/Credit Card,69,1027.97,77773.12,211.1,218.8,226.7,37.6,39.0,40.4,1,1,1,2,2,2,0
CUST-10384,Customer 385,+91-98765-10384,user385@example.com,Central,Prepaid Unlimited,One Year,Mailed Check,55,926.79,47894.97,593.5,577.5,561.9,33.4,32.5,31.6,1,1,1,2,1,0,0
CUST-10385,Customer 386,+91-98765-10385,user386@example.com,North,Prepaid Basic,One Year,Electronic Check,10,1348.37,12497.02,219.2,371.2,628.5,10.8,18.3,31.0,1,2,4,3,0,0,1
CUST-10386,Customer 387,+91-98765-10386,user387@example.com,South,Postpaid Standard,Month-to-Month,Mailed Check,42,351.12,13438.69,559.4,543.9,528.8,22.9,22.2,21.6,4,4,4,3,2,1,0
CUST-10387,Customer 388,+91-98765-10387,user388@example.com,South,Postpaid Standard,Month-to-Month,Electronic Check,41,612.23,26950.39,426.2,409.3,393.1,38.9,37.4,35.9,3,3,3,2,1,0,0
CUST-10388,Customer 389,+91-98765-10388,user389@example.com,North,Prepaid Basic,Month-to-Month,Auto-Debit,69,1349.92,89320.24,381.7,534.9,749.5,12.2,17.1,23.9,1,2,3,5,1,0,1
CUST-10389,Customer 390,+91-98765-10389,user390@example.com,South,Prepaid Basic,Two Year,Electronic Check,10,1201.81,10820.65,155.9,161.5,167.2,60.8,63.0,65.2,2,2,3,3,2,1,0
CUST-10390,Customer 391,+91-98765-10390,user391@example.com,North,Prepaid Basic,Two Year,Auto-Debit,10,320.17,3024.85,892.3,907.5,923.0,57.1,58.1,59.1,1,1,1,1,1,1,0
CUST-10391,Customer 392,+91-98765-10391,user392@example.com,Central,Prepaid Unlimited,Month-to-Month,Mailed Check,60,919.41,53404.2,47.2,74.8,118.6,16.4,26.1,41.3,1,2,4,7,3,2,1
CUST-10392,Customer 393,+91-98765-10392,user393@example.com,Central,Prepaid Unlimited,Month-to-Month,Electronic Check,51,934.49,52338.97,426.6,641.9,966.1,15.9,23.9,36.0,1,1,2,4,1,0,1
CUST-10393,Customer 394,+91-98765-10393,user394@example.com,North,Prepaid Unlimited,Two Year,Mailed Check,21,780.06,16458.39,497.9,506.9,516.1,26.6,27.1,27.6,1,1,1,2,2,1,0
CUST-10394,Customer 395,+91-98765-10394,user395@example.com,Central,Prepaid Basic,One Year,Auto-Debit,8,655.87,4937.09,432.5,451.5,471.4,51.3,53.5,55.9,4,4,5,1,1,0,0
CUST-10395,Customer 396,+91-98765-10395,user396@example.com,Central,Prepaid Unlimited,Two Year,Electronic Check,65,1117.07,70210.8,338.5,334.6,330.8,94.4,93.4,92.3,1,1,1,4,3,2,0
CUST-10396,Customer 397,+91-98765-10396,user397@example.com,Central,Prepaid Unlimited,Month-to-Month,Mailed Check,30,548.35,15892.2,103.8,106.4,109.1,66.7,68.4,70.1,3,3,4,2,1,0,0
CUST-10397,Customer 398,+91-98765-10397,user398@example.com,East,Prepaid Unlimited,Month-to-Month,Auto-Debit,49,1257.74,55709.47,170.2,243.1,347.3,37.1,53.0,75.7,2,3,5,3,0,0,1
CUST-10398,Customer 399,+91-98765-10398,user399@example.com,West,Postpaid Premium,One Year,Mailed Check,9,1262.64,10534.62,72.4,119.9,198.5,30.8,50.9,84.3,1,1,1,3,1,0,1
CUST-10399,Customer 400,+91-98765-10399,user400@example.com,South,Prepaid Basic,One Year,UPI/Credit Card,17,797.31,14083.42,703.9,698.8,693.8,39.0,38.7,38.4,4,4,4,2,1,1,0
CUST-10400,Customer 401,+91-98765-10400,user401@example.com,East,Prepaid Unlimited,Month-to-Month,Auto-Debit,69,639.26,40758.87,420.0,403.3,387.2,11.9,11.5,11.0,4,4,4,2,2,1,0
CUST-10401,Customer 402,+91-98765-10401,user402@example.com,Central,Prepaid Unlimited,Month-to-Month,Auto-Debit,58,639.65,35101.76,773.6,782.0,790.5,62.7,63.4,64.1,1,1,2,4,3,2,0
CUST-10402,Customer 403,+91-98765-10402,user403@example.com,North,Prepaid Unlimited,Month-to-Month,Auto-Debit,57,877.75,48538.18,189.9,233.1,286.2,15.2,18.7,22.9,1,1,1,4,0,0,1
CUST-10403,Customer 404,+91-98765-10403,user404@example.com,Central,Postpaid Standard,Month-to-Month,Electronic Check,62,1162.5,75790.25,422.5,620.2,910.2,27.4,40.3,59.1,1,2,4,7,3,2,1
CUST-10404,Customer 405,+91-98765-10404,user405@example.com,West,Prepaid Unlimited,Month-to-Month,Electronic Check,52,729.64,38566.56,580.7,575.7,570.7,76.6,76.0,75.3,3,3,3,4,3,2,0
CUST-10405,Customer 406,+91-98765-10405,user406@example.com,Central,Postpaid Premium,Two Year,Electronic Check,61,1031.05,65271.44,207.8,205.4,203.1,81.2,80.3,79.4,4,4,4,1,1,1,0
CUST-10406,Customer 407,+91-98765-10406,user407@example.com,North,Prepaid Basic,Month-to-Month,UPI/Credit Card,40,757.98,30725.55,480.7,470.7,460.8,35.2,34.4,33.7,2,2,2,0,0,0,0
CUST-10407,Customer 408,+91-98765-10407,user408@example.com,West,Prepaid Basic,One Year,UPI/Credit Card,38,664.43,26175.42,308.0,296.8,286.1,57.8,55.7,53.7,4,4,4,1,0,0,0
CUST-10408,Customer 409,+91-98765-10408,user409@example.com,Central,Postpaid Standard,Month-to-Month,Auto-Debit,43,328.83,12733.76,256.7,267.9,279.7,58.7,61.3,64.0,1,1,1,3,2,2,0
CUST-10409,Customer 410,+91-98765-10409,user410@example.com,West,Prepaid Unlimited,One Year,UPI/Credit Card,63,303.7,20781.98,537.6,546.6,555.7,80.2,81.5,82.9,1,1,1,2,1,0,0
CUST-10410,Customer 411,+91-98765-10410,user411@example.com,South,Prepaid Basic,Two Year,Mailed Check,19,571.65,10016.16,690.3,697.5,704.7,75.7,76.5,77.3,4,4,5,1,1,1,0
CUST-10411,Customer 412,+91-98765-10411,user412@example.com,South,Prepaid Basic,Month-to-Month,Auto-Debit,50,786.69,38596.97,995.9,957.5,920.5,107.0,102.9,98.9,1,1,1,2,2,2,0
CUST-10412,Customer 413,+91-98765-10412,user413@example.com,Central,Prepaid Basic,Month-to-Month,Auto-Debit,33,1320.51,45939.03,224.3,351.8,551.9,2.4,3.7,5.8,2,3,5,4,2,2,1
CUST-10413,Customer 414,+91-98765-10413,user414@example.com,West,Postpaid Standard,Month-to-Month,Mailed Check,13,1257.18,16131.63,519.7,709.8,969.3,25.0,34.1,46.6,1,2,3,7,2,1,1
CUST-10414,Customer 415,+91-98765-10414,user415@example.com,North,Prepaid Basic,Month-to-Month,Auto-Debit,62,619.6,41848.31,875.3,910.7,947.5,27.1,28.2,29.3,1,1,2,1,1,1,0
CUST-10415,Customer 416,+91-98765-10415,user416@example.com,Central,Prepaid Unlimited,One Year,UPI/Credit Card,43,592.45,25310.21,955.0,916.0,878.6,17.8,17.1,16.4,3,3,3,2,2,1,0
CUST-10416,Customer 417,+91-98765-10416,user417@example.com,South,Prepaid Basic,Two Year,Electronic Check,49,571.79,30118.7,527.5,538.7,550.0,87.9,89.7,91.6,4,4,5,3,2,1,0
CUST-10417,Customer 418,+91-98765-10417,user418@example.com,South,Prepaid Unlimited,Month-to-Month,Mailed Check,36,706.08,26999.06,123.2,167.2,226.8,54.2,73.6,99.8,2,2,4,6,2,1,1
CUST-10418,Customer 419,+91-98765-10418,user419@example.com,Central,Prepaid Basic,Month-to-Month,UPI/Credit Card,10,896.84,9831.14,133.0,198.5,296.1,10.0,14.9,22.2,1,2,4,7,2,1,1
CUST-10419,Customer 420,+91-98765-10419,user420@example.com,West,Prepaid Unlimited,Month-to-Month,Mailed Check,6,825.4,5374.89,343.0,484.0,682.9,4.4,6.2,8.7,1,2,3,5,2,2,1
CUST-10420,Customer 421,+91-98765-10420,user421@example.com,South,Prepaid Basic,One Year,Mailed Check,57,560.93,34518.85,498.2,488.8,479.6,32.3,31.7,31.1,4,4,4,0,0,0,0
CUST-10421,Customer 422,+91-98765-10421,user422@example.com,West,Postpaid Standard,Month-to-Month,Auto-Debit,1,455.54,476.64,158.4,191.7,232.1,57.5,69.6,84.3,3,4,5,3,1,0,1
CUST-10422,Customer 423,+91-98765-10422,user423@example.com,South,Prepaid Basic,Month-to-Month,Auto-Debit,71,314.09,21707.19,532.9,532.0,531.1,33.0,33.0,32.9,2,2,2,2,2,2,0
CUST-10423,Customer 424,+91-98765-10423,user424@example.com,South,Prepaid Unlimited,One Year,UPI/Credit Card,58,483.76,25847.81,125.4,120.4,115.7,11.3,10.8,10.4,1,1,1,1,0,0,0
CUST-10424,Customer 425,+91-98765-10424,user425@example.com,East,Postpaid Standard,One Year,Mailed Check,21,1145.43,24961.56,701.9,730.6,760.5,9.2,9.6,10.0,4,4,5,0,0,0,0
CUST-10425,Customer 426,+91-98765-10425,user426@example.com,South,Prepaid Unlimited,Month-to-Month,Auto-Debit,56,591.37,36287.01,151.9,158.9,166.2,41.7,43.6,45.6,4,4,5,3,2,2,0
CUST-10426,Customer 427,+91-98765-10426,user427@example.com,North,Prepaid Unlimited,One Year,Auto-Debit,20,861.32,18007.12,713.1,689.2,666.2,100.1,96.7,93.5,1,1,1,1,1,0,0
CUST-10427,Customer 428,+91-98765-10427,user428@example.com,Central,Prepaid Unlimited,Month-to-Month,Mailed Check,54,1008.56,59132.15,377.7,554.4,813.7,14.9,21.9,32.2,1,1,1,4,0,0,1
CUST-10428,Customer 429,+91-98765-10428,user429@example.com,Central,Prepaid Unlimited,Month-to-Month,UPI/Credit Card,25,1363.21,36154.41,72.7,126.3,219.4,15.1,26.2,45.6,1,1,2,6,2,2,1
CUST-10429,Customer 430,+91-98765-10429,user430@example.com,West,Prepaid Unlimited,Two Year,UPI/Credit Card,28,1365.63,35661.3,546.9,556.7,566.8,14.2,14.4,14.7,1,1,2,1,1,0,0
CUST-10430,Customer 431,+91-98765-10430,user431@example.com,South,Postpaid Premium,One Year,Mailed Check,5,1193.88,5669.98,770.8,785.9,801.2,49.9,50.9,51.9,1,1,2,2,1,1,0
CUST-10431,Customer 432,+91-98765-10431,user432@example.com,North,Prepaid Unlimited,Month-to-Month,UPI/Credit Card,21,341.19,6938.38,344.5,339.5,334.6,73.3,72.2,71.2,4,4,4,3,2,2,0
CUST-10432,Customer 433,+91-98765-10432,user433@example.com,West,Prepaid Unlimited,Month-to-Month,Auto-Debit,18,989.08,16622.22,127.0,176.9,246.6,15.9,22.1,30.8,2,3,5,5,0,0,1
CUST-10433,Customer 434,+91-98765-10433,user434@example.com,East,Postpaid Standard,Month-to-Month,Mailed Check,47,1242.9,59370.25,257.3,322.1,403.1,21.2,26.5,33.2,1,1,1,3,1,0,1
CUST-10434,Customer 435,+91-98765-10434,user435@example.com,West,Prepaid Unlimited,Month-to-Month,Auto-Debit,70,319.75,24510.85,555.3,576.8,599.2,78.8,81.8,85.0,4,4,5,2,1,1,0
CUST-10435,Customer 436,+91-98765-10435,user436@example.com,West,Prepaid Basic,Month-to-Month,Electronic Check,57,958.62,57498.63,378.9,483.8,617.8,3.7,4.7,6.0,3,3,5,5,2,2,1
CUST-10436,Customer 437,+91-98765-10436,user437@example.com,South,Prepaid Unlimited,Month-to-Month,Electronic Check,19,1328.32,24851.37,138.2,173.5,217.8,41.6,52.2,65.5,1,1,2,6,3,2,1
CUST-10437,Customer 438,+91-98765-10437,user438@example.com,East,Postpaid Premium,Month-to-Month,UPI/Credit Card,65,867.92,50824.14,246.6,355.2,511.8,20.4,29.4,42.4,1,1,2,4,0,0,1
CUST-10438,Customer 439,+91-98765-10438,user439@example.com,West,Prepaid Basic,One Year,Electronic Check,3,303.93,877.74,309.4,325.0,341.5,30.2,31.7,33.3,4,4,5,3,2,1,0
CUST-10439,Customer 440,+91-98765-10439,user440@example.com,North,Prepaid Unlimited,One Year,Auto-Debit,42,312.22,13183.42,782.0,819.0,857.8,61.5,64.4,67.5,1,1,2,2,2,1,0
CUST-10440,Customer 441,+91-98765-10440,user441@example.com,North,Prepaid Basic,One Year,Electronic Check,21,798.96,16188.41,395.6,388.8,382.2,87.3,85.8,84.3,4,4,4,2,2,1,0
CUST-10441,Customer 442,+91-98765-10441,user442@example.com,Central,Prepaid Unlimited,Month-to-Month,Auto-Debit,40,485.01,17891.18,504.5,656.7,854.8,34.2,44.6,58.0,1,1,1,3,1,1,1
CUST-10442,Customer 443,+91-98765-10442,user443@example.com,East,Prepaid Basic,Two Year,UPI/Credit Card,67,1096.34,72613.94,506.1,495.8,485.7,8.3,8.2,8.0,5,5,5,1,1,1,0
CUST-10443,Customer 444,+91-98765-10443,user444@example.com,East,Prepaid Unlimited,One Year,UPI/Credit Card,25,1149.56,27320.75,789.6,771.6,753.9,51.1,49.9,48.8,1,1,1,1,1,1,0
CUST-10444,Customer 445,+91-98765-10444,user445@example.com,Central,Postpaid Standard,One Year,Auto-Debit,55,512.46,30492.17,514.9,536.5,559.1,45.1,47.0,49.0,3,3,4,3,2,2,0
CUST-10445,Customer 446,+91-98765-10445,user446@example.com,West,Prepaid Unlimited,One Year,Electronic Check,52,1365.24,65337.99,685.3,672.4,659.8,58.9,57.8,56.7,2,2,2,0,0,0,0
CUST-10446,Customer 447,+91-98765-10446,user447@example.com,East,Prepaid Unlimited,Two Year,UPI/Credit Card,44,829.29,33198.59,426.8,441.1,455.8,64.3,66.5,68.7,2,2,3,2,1,0,0
CUST-10447,Customer 448,+91-98765-10447,user448@example.com,North,Postpaid Standard,Month-to-Month,Mailed Check,56,470.42,23737.17,514.1,637.8,791.4,4.4,5.5,6.8,2,3,4,5,2,1,1
CUST-10448,Customer 449,+91-98765-10448,user449@example.com,North,Postpaid Premium,Month-to-Month,UPI/Credit Card,55,1216.1,64585.57,207.9,316.8,482.7,22.7,34.6,52.7,1,1,3,5,3,2,1
CUST-10449,Customer 450,+91-98765-10449,user450@example.com,South,Prepaid Basic,One Year,Electronic Check,70,1246.97,90087.87,551.6,531.3,511.7,65.6,63.2,60.9,1,1,1,3,3,2,0
CUST-10450,Customer 451,+91-98765-10450,user451@example.com,East,Prepaid Unlimited,One Year,Mailed Check,66,1066.15,73608.55,590.4,578.0,565.9,39.2,38.4,37.6,5,5,5,2,1,1,0
CUST-10451,Customer 452,+91-98765-10451,user452@example.com,West,Prepaid Basic,One Year,Electronic Check,19,1323.16,24905.04,900.5,874.1,848.6,72.7,70.6,68.5,2,2,2,2,1,0,0
CUST-10452,Customer 453,+91-98765-10452,user453@example.com,Central,Postpaid Premium,Month-to-Month,Auto-Debit,7,1183.85,8592.45,253.5,419.3,693.4,9.8,16.1,26.7,1,2,4,4,2,1,1
CUST-10453,Customer 454,+91-98765-10453,user454@example.com,Central,Postpaid Premium,Month-to-Month,Mailed Check,63,1357.65,83135.58,181.6,274.3,414.2,15.4,23.3,35.2,1,1,2,5,2,2,0
CUST-10454,Customer 455,+91-98765-10454,user455@example.com,West,Prepaid Unlimited,Month-to-Month,Electronic Check,42,819.67,35581.52,441.7,557.3,703.3,60.6,76.5,96.5,1,2,3,5,2,1,0
CUST-10455,Customer 456,+91-98765-10455,user456@example.com,South,Postpaid Standard,Two Year,Mailed Check,42,1196.12,45621.22,691.9,685.0,678.2,38.9,38.5,38.1,3,3,3,0,0,0,0
CUST-10456,Customer 457,+91-98765-10456,user457@example.com,Central,Prepaid Unlimited,Month-to-Month,Electronic Check,59,1498.7,86491.3,510.2,691.7,937.9,20.6,28.0,37.9,2,3,5,2,0,0,0
CUST-10457,Customer 458,+91-98765-10457,user458@example.com,East,Prepaid Unlimited,Month-to-Month,Mailed Check,20,1168.92,24738.32,429.4,606.7,857.3,30.9,43.6,61.6,1,2,3,7,2,2,1
CUST-10458,Customer 459,+91-98765-10458,user459@example.com,South,Prepaid Basic,Month-to-Month,Electronic Check,17,436.02,7861.54,692.3,687.5,682.7,98.6,97.9,97.2,5,5,5,2,2,1,0
CUST-10459,Customer 460,+91-98765-10459,user460@example.com,East,Postpaid Standard,Month-to-Month,Auto-Debit,27,920.98,25941.43,147.7,245.3,407.4,35.7,59.2,98.4,1,2,4,4,2,1,1
CUST-10460,Customer 461,+91-98765-10460,user461@example.com,North,Prepaid Basic,Two Year,Mailed Check,47,1003.82,44388.76,772.8,787.1,801.6,57.9,59.0,60.1,4,4,5,4,3,2,0
CUST-10461,Customer 462,+91-98765-10461,user462@example.com,South,Postpaid Standard,One Year,Mailed Check,2,508.05,964.73,670.1,643.4,617.7,5.5,5.3,5.1,3,3,3,3,2,1,0
CUST-10462,Customer 463,+91-98765-10462,user463@example.com,Central,Postpaid Standard,One Year,Mailed Check,63,1454.47,100723.09,910.8,948.0,986.7,83.6,87.0,90.6,1,1,1,4,3,2,0
CUST-10463,Customer 464,+91-98765-10463,user464@example.com,South,Postpaid Standard,Month-to-Month,Mailed Check,62,509.7,29094.64,311.1,316.9,322.8,57.0,58.1,59.2,4,4,5,2,2,1,0
CUST-10464,Customer 465,+91-98765-10464,user465@example.com,South,Prepaid Basic,One Year,Auto-Debit,19,512.07,9107.94,155.6,163.5,171.7,36.1,37.9,39.8,1,1,2,0,0,0,0
CUST-10465,Customer 466,+91-98765-10465,user466@example.com,South,Prepaid Unlimited,Month-to-Month,Mailed Check,17,1397.2,21994.85,99.9,127.5,162.9,51.4,65.6,83.8,1,1,1,5,2,2,1
CUST-10466,Customer 467,+91-98765-10466,user467@example.com,South,Prepaid Basic,One Year,UPI/Credit Card,69,857.25,57111.4,637.9,656.7,676.0,40.6,41.8,43.0,4,4,5,3,2,1,0
CUST-10467,Customer 468,+91-98765-10467,user468@example.com,East,Prepaid Unlimited,Month-to-Month,Auto-Debit,39,374.83,13771.02,427.6,635.7,945.3,3.7,5.5,8.2,1,1,2,6,2,1,1
CUST-10468,Customer 469,+91-98765-10468,user469@example.com,North,Prepaid Basic,Month-to-Month,UPI/Credit Card,71,1016.82,72160.84,44.1,66.9,101.7,36.0,54.6,83.0,1,1,1,6,1,1,1
CUST-10469,Customer 470,+91-98765-10469,user470@example.com,West,Postpaid Premium,One Year,Mailed Check,39,1021.19,39635.41,748.5,750.8,753.2,56.5,56.7,56.9,4,4,5,3,2,2,0
CUST-10470,Customer 471,+91-98765-10470,user471@example.com,South,Prepaid Unlimited,Two Year,Electronic Check,36,376.4,14638.51,633.0,661.6,691.4,34.0,35.5,37.1,3,3,4,0,0,0,0
CUST-10471,Customer 472,+91-98765-10471,user472@example.com,Central,Prepaid Unlimited,Month-to-Month,UPI/Credit Card,40,1466.03,53184.52,404.2,553.9,759.1,15.3,21.0,28.8,1,1,2,5,2,1,1
CUST-10472,Customer 473,+91-98765-10472,user473@example.com,South,Prepaid Unlimited,One Year,Mailed Check,45,951.84,41289.79,458.0,438.5,419.9,67.0,64.1,61.4,4,4,4,4,3,2,0
CUST-10473,Customer 474,+91-98765-10473,user474@example.com,Central,Prepaid Unlimited,Month-to-Month,UPI/Credit Card,4,970.75,3958.06,525.3,663.7,838.4,15.5,19.6,24.8,1,2,3,5,2,1,1
CUST-10474,Customer 475,+91-98765-10474,user475@example.com,East,Prepaid Unlimited,Month-to-Month,Mailed Check,25,923.14,23562.23,84.1,108.6,140.2,21.5,27.7,35.8,2,3,5,5,0,0,0
CUST-10475,Customer 476,+91-98765-10475,user476@example.com,Central,Prepaid Unlimited,Month-to-Month,Mailed Check,69,1031.88,70916.72,358.9,529.0,779.9,30.1,44.4,65.5,2,3,5,4,1,0,1
CUST-10476,Customer 477,+91-98765-10476,user477@example.com,West,Postpaid Premium,Month-to-Month,Mailed Check,30,616.16,19651.8,113.4,196.5,340.4,29.5,51.2,88.7,1,1,2,3,1,0,1
CUST-10477,Customer 478,+91-98765-10477,user478@example.com,North,Prepaid Unlimited,Month-to-Month,Electronic Check,68,643.69,39942.91,550.3,539.6,529.2,57.8,56.7,55.6,5,5,5,4,3,2,0
CUST-10478,Customer 479,+91-98765-10478,user479@example.com,Central,Postpaid Premium,Month-to-Month,UPI/Credit Card,29,912.61,28135.61,308.8,509.5,840.4,28.3,46.7,77.1,1,1,3,6,2,1,1
CUST-10479,Customer 480,+91-98765-10479,user480@example.com,Central,Postpaid Standard,Month-to-Month,Auto-Debit,68,1267.02,86066.97,105.5,190.6,344.2,23.8,42.9,77.5,1,2,5,7,3,2,1
CUST-10480,Customer 481,+91-98765-10480,user481@example.com,North,Prepaid Basic,Two Year,Auto-Debit,51,358.84,16960.34,248.4,257.4,266.7,63.4,65.7,68.1,1,1,1,3,2,1,0
CUST-10481,Customer 482,+91-98765-10481,user482@example.com,West,Postpaid Premium,Month-to-Month,Auto-Debit,24,1023.09,26448.28,378.9,519.9,713.2,15.1,20.7,28.4,2,2,4,6,2,2,1
CUST-10482,Customer 483,+91-98765-10482,user483@example.com,South,Prepaid Basic,One Year,Auto-Debit,14,1267.13,18269.28,609.3,594.5,580.1,91.7,89.5,87.3,3,3,3,3,2,1,0
CUST-10483,Customer 484,+91-98765-10483,user484@example.com,Central,Postpaid Standard,Month-to-Month,Mailed Check,69,487.3,31361.13,527.1,544.8,563.0,43.4,44.9,46.4,2,2,3,2,2,2,0
CUST-10484,Customer 485,+91-98765-10484,user485@example.com,North,Prepaid Unlimited,One Year,UPI/Credit Card,18,317.03,5174.29,301.0,315.7,331.1,8.4,8.8,9.2,3,3,4,2,1,1,0
CUST-10485,Customer 486,+91-98765-10485,user486@example.com,East,Postpaid Standard,Month-to-Month,UPI/Credit Card,42,674.26,26286.24,120.4,125.8,131.4,25.8,27.0,28.2,3,3,4,3,2,2,0
CUST-10486,Customer 487,+91-98765-10486,user487@example.com,North,Postpaid Standard,Month-to-Month,Electronic Check,57,1004.77,58518.1,276.7,360.3,469.2,45.8,59.7,77.7,1,2,3,6,1,0,1
CUST-10487,Customer 488,+91-98765-10487,user488@example.com,East,Postpaid Standard,Month-to-Month,UPI/Credit Card,12,464.94,5221.42,181.6,188.6,195.9,10.8,11.2,11.6,3,3,4,4,3,2,0
CUST-10488,Customer 489,+91-98765-10488,user489@example.com,West,Postpaid Standard,Month-to-Month,UPI/Credit Card,17,810.35,13020.38,275.0,501.8,915.4,5.7,10.4,19.0,1,1,2,6,1,0,0
CUST-10489,Customer 490,+91-98765-10489,user490@example.com,South,Prepaid Unlimited,Month-to-Month,UPI/Credit Card,30,961.79,26113.4,62.0,92.2,137.1,32.1,47.7,71.0,1,2,4,5,1,0,1
CUST-10490,Customer 491,+91-98765-10490,user491@example.com,North,Prepaid Basic,One Year,Electronic Check,23,1017.66,24449.77,456.3,472.1,488.5,83.9,86.8,89.8,1,1,1,1,1,1,0
CUST-10491,Customer 492,+91-98765-10491,user492@example.com,Central,Prepaid Unlimited,Two Year,Auto-Debit,1,628.29,667.29,132.4,139.5,147.0,58.7,61.9,65.2,1,1,1,2,1,0,0
CUST-10492,Customer 493,+91-98765-10492,user493@example.com,West,Prepaid Basic,One Year,UPI/Credit Card,32,779.04,26409.32,179.3,182.6,186.0,25.2,25.6,26.1,1,1,2,0,0,0,0
CUST-10493,Customer 494,+91-98765-10493,user494@example.com,North,Prepaid Unlimited,One Year,Electronic Check,9,1233.01,10270.51,266.8,430.0,693.0,3.9,6.3,10.1,1,2,4,5,2,1,1
CUST-10494,Customer 495,+91-98765-10494,user495@example.com,Central,Prepaid Unlimited,Month-to-Month,Electronic Check,15,1428.46,23155.2,225.1,391.9,682.4,20.9,36.4,63.4,1,1,1,7,3,2,1
CUST-10495,Customer 496,+91-98765-10495,user496@example.com,North,Postpaid Premium,Month-to-Month,Mailed Check,28,1333.26,38617.56,70.9,95.9,129.7,5.2,7.0,9.5,2,3,5,6,2,2,0
CUST-10496,Customer 497,+91-98765-10496,user497@example.com,East,Prepaid Unlimited,Month-to-Month,Electronic Check,24,976.14,25289.97,68.8,83.3,101.0,43.0,52.1,63.2,2,3,4,3,0,0,1
CUST-10497,Customer 498,+91-98765-10497,user498@example.com,North,Postpaid Standard,Month-to-Month,Auto-Debit,60,791.35,46979.23,177.9,174.4,170.9,27.5,26.9,26.4,2,2,2,2,2,2,0
CUST-10498,Customer 499,+91-98765-10498,user499@example.com,North,Prepaid Basic,Month-to-Month,UPI/Credit Card,35,698.55,24140.97,824.7,805.5,786.7,95.3,93.1,90.9,4,4,4,1,1,0,0
CUST-10499,Customer 500,+91-98765-10499,user500@example.com,North,Postpaid Standard,Month-to-Month,Electronic Check,27,448.95,12811.46,426.7,516.8,626.1,34.1,41.4,50.1,2,2,3,5,2,2,1
CUST-10500,Customer 501,+91-98765-10500,user501@example.com,West,Postpaid Premium,Month-to-Month,Auto-Debit,20,426.86,7842.78,146.0,140.0,134.3,28.6,27.4,26.3,3,3,3,2,2,2,0
CUST-10501,Customer 502,+91-98765-10501,user502@example.com,North,Prepaid Unlimited,Month-to-Month,Electronic Check,65,1125.03,73432.24,307.0,406.9,539.3,49.0,64.9,86.0,1,1,1,7,2,2,1
CUST-10502,Customer 503,+91-98765-10502,user503@example.com,Central,Prepaid Unlimited,One Year,Electronic Check,49,610.75,31940.13,694.8,717.4,740.8,27.3,28.2,29.1,2,2,3,1,1,0,0
CUST-10503,Customer 504,+91-98765-10503,user504@example.com,East,Postpaid Standard,One Year,Electronic Check,1,604.59,644.52,901.5,891.7,882.1,34.8,34.5,34.1,2,2,2,1,1,1,0
CUST-10504,Customer 505,+91-98765-10504,user505@example.com,East,Prepaid Basic,Month-to-Month,Electronic Check,10,1496.83,16333.81,420.3,628.7,940.6,37.7,56.4,84.3,1,1,1,4,2,2,1
CUST-10505,Customer 506,+91-98765-10505,user506@example.com,North,Prepaid Unlimited,Two Year,Electronic Check,47,524.51,25629.53,395.5,395.1,394.7,34.4,34.3,34.3,2,2,2,4,3,2,0
CUST-10506,Customer 507,+91-98765-10506,user507@example.com,West,Prepaid Unlimited,Two Year,Auto-Debit,59,476.67,26479.83,200.2,210.9,222.2,39.6,41.8,44.0,1,1,2,2,2,2,0
CUST-10507,Customer 508,+91-98765-10507,user508@example.com,West,Prepaid Basic,Month-to-Month,UPI/Credit Card,62,417.42,23397.01,151.7,218.0,313.2,18.4,26.4,38.0,1,2,3,4,0,0,1
CUST-10508,Customer 509,+91-98765-10508,user509@example.com,Central,Prepaid Unlimited,Month-to-Month,UPI/Credit Card,18,994.77,17832.14,259.7,455.4,798.6,5.2,9.2,16.1,1,1,3,3,1,1,1
CUST-10509,Customer 510,+91-98765-10509,user510@example.com,North,Prepaid Basic,Month-to-Month,UPI/Credit Card,46,1052.44,48544.93,645.2,792.9,974.3,5.8,7.1,8.7,1,1,2,3,1,0,1
CUST-10510,Customer 511,+91-98765-10510,user511@example.com,East,Prepaid Basic,Two Year,UPI/Credit Card,32,737.27,22367.06,568.4,543.6,519.8,80.7,77.2,73.8,3,3,3,3,2,2,0
CUST-10511,Customer 512,+91-98765-10511,user512@example.com,West,Prepaid Basic,Two Year,Auto-Debit,27,941.5,23512.42,364.1,369.4,374.8,64.4,65.3,66.3,2,2,3,1,0,0,0
CUST-10512,Customer 513,+91-98765-10512,user513@example.com,North,Postpaid Premium,Month-to-Month,Mailed Check,18,1245.08,22797.85,257.2,353.7,486.3,16.8,23.1,31.8,1,2,3,5,2,2,1
CUST-10513,Customer 514,+91-98765-10513,user514@example.com,West,Prepaid Unlimited,Month-to-Month,Mailed Check,39,1280.73,52588.3,122.7,214.3,374.3,10.9,19.0,33.1,1,2,4,4,2,2,1
CUST-10514,Customer 515,+91-98765-10514,user515@example.com,West,Postpaid Premium,Month-to-Month,Auto-Debit,49,1448.49,77976.43,172.4,238.8,330.8,49.4,68.4,94.8,1,1,2,5,0,0,1
CUST-10515,Customer 516,+91-98765-10515,user516@example.com,East,Prepaid Unlimited,Month-to-Month,Auto-Debit,44,1288.12,59605.26,336.4,462.0,634.4,52.4,71.9,98.8,2,3,5,5,2,2,1
CUST-10516,Customer 517,+91-98765-10516,user517@example.com,South,Prepaid Unlimited,Month-to-Month,Electronic Check,54,976.81,55845.43,44.1,70.9,114.2,19.3,31.1,50.0,1,1,2,4,2,2,1
CUST-10517,Customer 518,+91-98765-10517,user518@example.com,Central,Prepaid Unlimited,Two Year,Electronic Check,34,514.59,17903.58,336.0,334.8,333.6,81.8,81.5,81.2,1,1,1,3,2,1,0
CUST-10518,Customer 519,+91-98765-10518,user519@example.com,Central,Prepaid Unlimited,One Year,Electronic Check,71,418.72,32618.33,629.0,661.3,695.2,67.9,71.3,75.0,2,2,3,1,1,0,0
CUST-10519,Customer 520,+91-98765-10519,user520@example.com,East,Prepaid Basic,One Year,UPI/Credit Card,36,364.41,13485.97,122.5,125.7,128.9,31.6,32.4,33.2,2,2,3,1,1,0,0
CUST-10520,Customer 521,+91-98765-10520,user521@example.com,West,Prepaid Unlimited,Two Year,Electronic Check,18,1098.83,21204.03,168.3,171.6,174.9,10.2,10.4,10.6,4,4,5,2,2,2,0
CUST-10521,Customer 522,+91-98765-10521,user522@example.com,North,Prepaid Basic,One Year,Mailed Check,38,1268.04,52481.59,399.6,381.4,364.1,20.3,19.4,18.5,1,1,1,3,3,2,0
CUST-10522,Customer 523,+91-98765-10522,user523@example.com,West,Prepaid Unlimited,Month-to-Month,UPI/Credit Card,59,909.42,58268.66,352.8,560.3,890.0,33.5,53.3,84.6,1,2,4,2,0,0,1
CUST-10523,Customer 524,+91-98765-10523,user524@example.com,East,Prepaid Unlimited,One Year,Electronic Check,9,364.66,3204.1,850.9,819.1,788.4,80.4,77.4,74.5,2,2,2,0,0,0,0
CUST-10524,Customer 525,+91-98765-10524,user525@example.com,Central,Prepaid Basic,Month-to-Month,UPI/Credit Card,51,941.56,43973.07,41.9,70.8,119.9,23.8,40.2,68.1,1,2,4,2,0,0,1
CUST-10525,Customer 526,+91-98765-10525,user526@example.com,West,Prepaid Basic,One Year,Mailed Check,35,1421.9,46500.56,507.0,528.8,551.5,16.0,16.7,17.4,1,1,1,4,3,2,0
CUST-10526,Customer 527,+91-98765-10526,user527@example.com,Central,Postpaid Standard,Month-to-Month,Electronic Check,5,1016.14,4632.81,148.7,227.2,347.2,28.2,43.1,65.8,2,3,5,6,2,1,1
CUST-10527,Customer 528,+91-98765-10527,user528@example.com,North,Prepaid Unlimited,One Year,Mailed Check,14,1270.31,16380.79,652.7,668.1,683.8,74.8,76.6,78.4,1,1,1,1,1,1,0
CUST-10528,Customer 529,+91-98765-10528,user529@example.com,Central,Prepaid Basic,Month-to-Month,Mailed Check,30,1259.18,35392.91,346.8,509.8,749.4,40.2,59.0,86.8,2,3,5,4,2,2,1
CUST-10529,Customer 530,+91-98765-10529,user530@example.com,Central,Postpaid Premium,Month-to-Month,Mailed Check,4,1417.55,5489.99,600.3,725.4,876.6,4.3,5.2,6.3,2,3,4,8,3,2,0
CUST-10530,Customer 531,+91-98765-10530,user531@example.com,South,Prepaid Basic,Month-to-Month,Electronic Check,39,1223.27,48122.96,268.6,376.6,527.9,35.6,49.9,70.0,2,2,4,7,3,2,1
CUST-10531,Customer 532,+91-98765-10531,user532@example.com,South,Prepaid Unlimited,Month-to-Month,Auto-Debit,64,1196.24,79800.61,518.7,718.4,995.0,3.5,4.9,6.8,1,1,1,3,1,0,1
CUST-10532,Customer 533,+91-98765-10532,user533@example.com,South,Postpaid Premium,One Year,Electronic Check,25,579.92,13659.8,997.4,989.7,982.0,73.3,72.8,72.2,1,1,1,4,3,2,0
CUST-10533,Customer 534,+91-98765-10533,user534@example.com,Central,Prepaid Basic,One Year,Mailed Check,28,370.91,10743.83,925.4,909.5,894.0,67.7,66.5,65.4,3,3,3,2,1,0,0
CUST-10534,Customer 535,+91-98765-10534,user535@example.com,East,Prepaid Basic,Month-to-Month,Electronic Check,66,920.12,63208.77,403.6,499.2,617.4,12.5,15.4,19.1,3,4,5,7,2,1,1
CUST-10535,Customer 536,+91-98765-10535,user536@example.com,Central,Prepaid Basic,Month-to-Month,Mailed Check,22,448.32,9978.68,473.4,465.8,458.2,80.4,79.1,77.8,3,3,3,3,3,2,0
CUST-10536,Customer 537,+91-98765-10536,user537@example.com,East,Prepaid Unlimited,Month-to-Month,Auto-Debit,31,1453.64,48700.47,236.9,318.4,427.9,6.4,8.6,11.5,1,1,2,6,2,2,1
CUST-10537,Customer 538,+91-98765-10537,user538@example.com,East,Prepaid Basic,Month-to-Month,UPI/Credit Card,23,646.91,13721.33,108.9,109.9,110.9,82.0,82.7,83.5,1,1,2,1,0,0,0
CUST-10538,Customer 539,+91-98765-10538,user539@example.com,South,Prepaid Unlimited,Month-to-Month,Auto-Debit,48,1322.53,59382.08,205.7,258.3,324.3,19.0,23.8,29.9,1,1,1,3,1,0,1
CUST-10539,Customer 540,+91-98765-10539,user540@example.com,West,Prepaid Basic,Two Year,Auto-Debit,20,764.15,15064.96,677.6,711.4,746.9,63.9,67.1,70.4,3,3,4,1,1,0,0
CUST-10540,Customer 541,+91-98765-10540,user541@example.com,North,Prepaid Unlimited,Month-to-Month,UPI/Credit Card,38,686.83,24151.01,641.1,642.2,643.3,92.5,92.6,92.8,1,1,2,1,1,1,0
CUST-10541,Customer 542,+91-98765-10541,user542@example.com,South,Postpaid Premium,Month-to-Month,Electronic Check,55,1421.19,79201.86,637.6,767.9,924.8,25.7,31.0,37.3,1,1,2,5,2,1,1
CUST-10542,Customer 543,+91-98765-10542,user543@example.com,South,Postpaid Standard,Month-to-Month,UPI/Credit Card,68,734.99,48963.74,144.8,144.9,145.0,52.7,52.8,52.8,2,2,3,2,2,2,0
CUST-10543,Customer 544,+91-98765-10543,user544@example.com,West,Prepaid Unlimited,Month-to-Month,Electronic Check,1,767.35,734.29,109.6,162.1,239.7,22.4,33.1,49.0,1,2,3,5,2,2,1
CUST-10544,Customer 545,+91-98765-10544,user545@example.com,North,Prepaid Unlimited,Month-to-Month,Electronic Check,7,426.31,2787.21,371.1,548.4,810.3,9.2,13.5,20.0,1,1,2,5,1,0,1
CUST-10545,Customer 546,+91-98765-10545,user546@example.com,Central,Prepaid Unlimited,One Year,Mailed Check,57,1103.54,60830.28,447.6,435.0,422.7,64.7,62.9,61.1,1,1,1,2,1,1,0
CUST-10546,Customer 547,+91-98765-10546,user547@example.com,Central,Prepaid Unlimited,Month-to-Month,Mailed Check,12,645.61,7914.6,200.7,203.6,206.5,73.5,74.5,75.6,2,2,3,3,3,2,0
CUST-10547,Customer 548,+91-98765-10547,user548@example.com,South,Prepaid Unlimited,Month-to-Month,UPI/Credit Card,5,1001.73,5084.57,429.6,654.4,996.8,39.7,60.5,92.1,1,1,2,6,1,0,1
CUST-10548,Customer 549,+91-98765-10548,user549@example.com,North,Prepaid Basic,Month-to-Month,Auto-Debit,50,1008.62,47038.24,561.2,673.6,808.5,59.6,71.5,85.8,2,3,4,4,0,0,1
CUST-10549,Customer 550,+91-98765-10549,user550@example.com,South,Postpaid Standard,Month-to-Month,UPI/Credit Card,42,1162.04,45144.47,209.3,312.9,467.9,23.9,35.8,53.5,1,2,3,5,1,1,1
CUST-10550,Customer 551,+91-98765-10550,user551@example.com,East,Prepaid Unlimited,Month-to-Month,Electronic Check,12,1193.29,12963.93,429.5,601.0,841.0,37.4,52.4,73.3,1,1,2,3,1,1,0
CUST-10551,Customer 552,+91-98765-10551,user552@example.com,South,Prepaid Basic,Two Year,Mailed Check,18,916.34,14885.7,688.7,700.5,712.5,78.4,79.7,81.1,4,4,5,3,3,2,0
CUST-10552,Customer 553,+91-98765-10552,user553@example.com,South,Prepaid Unlimited,One Year,UPI/Credit Card,66,696.19,49438.89,883.2,846.3,811.0,56.5,54.2,51.9,3,3,3,4,3,2,0
CUST-10553,Customer 554,+91-98765-10553,user554@example.com,Central,Prepaid Unlimited,Month-to-Month,UPI/Credit Card,17,1303.94,20150.18,358.3,546.6,833.7,6.9,10.5,16.0,2,3,5,5,1,0,1
CUST-10554,Customer 555,+91-98765-10554,user555@example.com,Central,Postpaid Standard,Month-to-Month,Mailed Check,68,670.84,47726.65,190.8,183.4,176.3,50.4,48.5,46.6,3,3,3,1,1,0,0
CUST-10555,Customer 556,+91-98765-10555,user556@example.com,Central,Postpaid Standard,Month-to-Month,Mailed Check,71,908.01,69264.99,228.4,388.4,660.7,29.4,50.0,85.0,1,1,3,3,1,0,1
CUST-10556,Customer 557,+91-98765-10556,user557@example.com,East,Postpaid Standard,Month-to-Month,Mailed Check,62,780.5,44500.92,105.7,105.9,106.1,61.5,61.6,61.7,4,4,5,3,3,2,0
CUST-10557,Customer 558,+91-98765-10557,user558@example.com,Central,Prepaid Basic,One Year,Electronic Check,41,1325.09,53636.56,128.2,133.5,139.1,68.0,70.8,73.8,1,1,1,2,2,1,0
CUST-10558,Customer 559,+91-98765-10558,user559@example.com,North,Prepaid Unlimited,One Year,Mailed Check,34,817.3,30357.51,975.6,944.1,913.6,24.1,23.4,22.6,2,2,2,3,2,2,0
CUST-10559,Customer 560,+91-98765-10559,user560@example.com,West,Prepaid Unlimited,Month-to-Month,Auto-Debit,70,762.32,56928.49,603.0,588.7,574.8,101.3,98.9,96.6,1,1,1,3,2,1,0
CUST-10560,Customer 561,+91-98765-10560,user561@example.com,North,Prepaid Basic,Month-to-Month,UPI/Credit Card,45,1126.79,50601.14,251.4,437.8,762.3,14.3,24.9,43.4,1,1,1,5,2,2,1
CUST-10561,Customer 562,+91-98765-10561,user562@example.com,North,Prepaid Basic,Month-to-Month,Mailed Check,58,1021.93,62384.56,394.2,580.4,854.7,30.9,45.6,67.1,1,1,2,4,2,2,1
CUST-10562,Customer 563,+91-98765-10562,user563@example.com,Central,Postpaid Standard,Two Year,Mailed Check,51,427.7,23267.07,965.5,960.1,954.6,6.9,6.8,6.8,4,4,4,2,2,1,0
CUST-10563,Customer 564,+91-98765-10563,user564@example.com,West,Prepaid Basic,One Year,Electronic Check,34,908.8,29960.03,914.9,898.5,882.4,17.7,17.4,17.1,1,1,1,3,2,2,0
CUST-10564,Customer 565,+91-98765-10564,user565@example.com,West,Prepaid Unlimited,Month-to-Month,Electronic Check,44,1181.57,56066.61,201.8,328.6,535.0,29.9,48.7,79.3,1,1,1,4,2,2,1
CUST-10565,Customer 566,+91-98765-10565,user566@example.com,West,Prepaid Basic,Month-to-Month,UPI/Credit Card,15,1489.49,22210.41,260.5,323.7,402.4,62.8,78.0,97.0,1,1,1,5,0,0,1
CUST-10566,Customer 567,+91-98765-10566,user567@example.com,East,Prepaid Basic,One Year,Auto-Debit,70,1053.98,74188.92,224.3,231.5,239.0,33.2,34.3,35.4,3,3,4,2,2,1,0
CUST-10567,Customer 568,+91-98765-10567,user568@example.com,Central,Prepaid Basic,Month-to-Month,UPI/Credit Card,50,743.35,40882.08,434.5,447.2,460.3,8.0,8.3,8.5,2,2,3,1,1,1,0
CUST-10568,Customer 569,+91-98765-10568,user569@example.com,West,Postpaid Premium,Month-to-Month,Mailed Check,32,570.38,19505.36,466.0,447.5,429.8,42.6,40.9,39.3,5,5,5,2,1,0,0
CUST-10569,Customer 570,+91-98765-10569,user570@example.com,East,Postpaid Standard,Month-to-Month,Auto-Debit,67,1346.4,87714.89,218.6,363.3,603.6,2.4,4.0,6.7,1,3,5,6,2,1,1
CUST-10570,Customer 571,+91-98765-10570,user571@example.com,South,Postpaid Premium,One Year,Auto-Debit,3,1276.48,3454.42,416.0,539.3,699.0,13.9,18.0,23.3,2,3,4,6,1,0,1
CUST-10571,Customer 572,+91-98765-10571,user572@example.com,South,Prepaid Unlimited,Month-to-Month,Auto-Debit,51,579.71,30311.28,1038.2,1008.9,980.5,81.0,78.7,76.5,1,1,1,2,1,1,0
CUST-10572,Customer 573,+91-98765-10572,user573@example.com,East,Prepaid Basic,Month-to-Month,Auto-Debit,67,539.76,37638.78,733.8,744.6,755.5,91.3,92.6,94.0,4,4,5,2,1,1,0
CUST-10573,Customer 574,+91-98765-10573,user574@example.com,East,Prepaid Unlimited,Two Year,UPI/Credit Card,48,1157.16,57218.91,715.7,697.3,679.4,14.0,13.7,13.3,4,4,4,3,2,1,0
CUST-10574,Customer 575,+91-98765-10574,user575@example.com,Central,Prepaid Unlimited,Month-to-Month,Electronic Check,17,676.94,12584.81,440.0,420.4,401.6,63.5,60.7,58.0,2,2,2,2,2,1,0
CUST-10575,Customer 576,+91-98765-10575,user576@example.com,Central,Postpaid Standard,Month-to-Month,Electronic Check,7,666.68,5005.54,77.8,101.0,131.1,17.3,22.4,29.1,2,3,5,6,1,0,1
CUST-10576,Customer 577,+91-98765-10576,user577@example.com,South,Prepaid Basic,Month-to-Month,Mailed Check,13,481.75,6198.66,353.3,356.3,359.3,17.9,18.0,18.2,1,1,2,0,0,0,0
CUST-10577,Customer 578,+91-98765-10577,user578@example.com,West,Prepaid Unlimited,Month-to-Month,Electronic Check,66,615.77,37087.65,825.9,808.5,791.6,26.9,26.4,25.8,1,1,1,1,1,1,0
CUST-10578,Customer 579,+91-98765-10578,user579@example.com,South,Prepaid Basic,One Year,Electronic Check,4,812.01,3232.49,110.6,177.5,284.7,23.3,37.3,59.9,1,3,5,4,2,2,1
CUST-10579,Customer 580,+91-98765-10579,user580@example.com,West,Prepaid Unlimited,Month-to-Month,Electronic Check,10,1178.41,12230.11,268.2,445.8,741.0,4.1,6.7,11.2,1,2,4,2,0,0,1
CUST-10580,Customer 581,+91-98765-10580,user581@example.com,West,Postpaid Standard,Month-to-Month,Electronic Check,17,702.57,12200.98,592.6,607.0,621.8,44.1,45.2,46.3,2,2,3,2,1,1,0
CUST-10581,Customer 582,+91-98765-10581,user582@example.com,Central,Prepaid Unlimited,Month-to-Month,Mailed Check,52,693.33,36328.15,276.1,265.2,254.7,19.3,18.5,17.8,5,5,5,1,0,0,0
CUST-10582,Customer 583,+91-98765-10582,user583@example.com,North,Prepaid Unlimited,One Year,UPI/Credit Card,6,640.9,3821.42,365.4,350.2,335.5,33.7,32.2,30.9,5,5,5,3,2,2,0
CUST-10583,Customer 584,+91-98765-10583,user584@example.com,North,Prepaid Unlimited,One Year,Auto-Debit,69,872.94,57748.4,545.0,545.8,546.7,23.0,23.1,23.1,4,4,5,3,3,2,0
CUST-10584,Customer 585,+91-98765-10584,user585@example.com,East,Prepaid Unlimited,Month-to-Month,Electronic Check,9,515.76,4435.14,194.3,304.2,476.5,36.2,56.8,88.9,2,3,5,6,2,2,1
CUST-10585,Customer 586,+91-98765-10585,user586@example.com,Central,Postpaid Standard,Month-to-Month,UPI/Credit Card,21,881.76,18517.82,505.8,636.4,800.7,45.7,57.5,72.3,2,3,4,6,2,1,1
CUST-10586,Customer 587,+91-98765-10586,user587@example.com,West,Postpaid Standard,One Year,Electronic Check,24,1144.01,25592.53,760.8,760.9,761.0,87.5,87.5,87.5,3,3,4,2,1,1,0
CUST-10587,Customer 588,+91-98765-10587,user588@example.com,North,Postpaid Premium,Month-to-Month,Electronic Check,4,334.75,1296.34,240.2,385.0,617.1,16.1,25.8,41.4,1,1,3,6,3,2,1
CUST-10588,Customer 589,+91-98765-10588,user589@example.com,West,Postpaid Standard,One Year,Auto-Debit,24,310.74,7195.22,781.2,810.1,840.0,32.4,33.6,34.8,3,3,4,1,0,0,0
CUST-10589,Customer 590,+91-98765-10589,user590@example.com,North,Prepaid Unlimited,One Year,Auto-Debit,59,389.15,23359.96,596.7,601.5,606.4,40.5,40.9,41.2,3,3,4,1,0,0,0
CUST-10590,Customer 591,+91-98765-10590,user591@example.com,North,Prepaid Unlimited,One Year,Auto-Debit,3,941.79,2580.51,471.0,675.2,968.0,3.3,4.7,6.8,1,1,1,4,2,2,0
CUST-10591,Customer 592,+91-98765-10591,user592@example.com,North,Prepaid Unlimited,Month-to-Month,Electronic Check,68,1324.35,95993.52,140.2,203.5,295.5,35.0,50.8,73.8,1,1,1,7,2,1,1
CUST-10592,Customer 593,+91-98765-10592,user593@example.com,Central,Prepaid Basic,Month-to-Month,Electronic Check,40,304.86,12346.53,782.5,762.4,742.7,40.2,39.2,38.2,2,2,2,1,0,0,0
CUST-10593,Customer 594,+91-98765-10593,user594@example.com,South,Postpaid Standard,One Year,Electronic Check,48,1422.99,70637.13,423.3,428.1,432.9,34.0,34.4,34.8,2,2,3,1,0,0,0
CUST-10594,Customer 595,+91-98765-10594,user595@example.com,West,Prepaid Basic,Month-to-Month,Auto-Debit,54,426.53,23968.18,372.5,361.6,351.1,65.6,63.7,61.8,1,1,1,2,1,0,0
CUST-10595,Customer 596,+91-98765-10595,user596@example.com,Central,Postpaid Premium,Month-to-Month,Mailed Check,35,1309.38,43917.11,178.6,216.4,262.3,31.6,38.3,46.4,2,2,3,5,1,1,1
CUST-10596,Customer 597,+91-98765-10596,user597@example.com,Central,Prepaid Unlimited,Two Year,UPI/Credit Card,56,878.43,48900.58,583.9,590.6,597.3,96.0,97.1,98.2,2,2,3,3,2,2,0
CUST-10597,Customer 598,+91-98765-10597,user598@example.com,Central,Prepaid Unlimited,Two Year,Mailed Check,40,1090.23,47588.5,314.2,303.9,293.9,41.5,40.1,38.8,5,5,5,2,2,1,0
CUST-10598,Customer 599,+91-98765-10598,user599@example.com,Central,Prepaid Unlimited,Month-to-Month,Electronic Check,68,911.82,65311.11,142.6,199.9,280.3,32.2,45.2,63.3,1,2,3,4,0,0,1
CUST-10599,Customer 600,+91-98765-10599,user600@example.com,Central,Postpaid Standard,Month-to-Month,Electronic Check,46,871.46,43851.8,538.6,730.7,991.5,18.8,25.5,34.6,2,3,5,5,3,2,1
CUST-10600,Customer 601,+91-98765-10600,user601@example.com,East,Prepaid Unlimited,Month-to-Month,Mailed Check,13,1300.88,17744.34,372.2,553.0,821.6,44.9,66.7,99.1,1,1,2,4,2,1,0
CUST-10601,Customer 602,+91-98765-10601,user602@example.com,West,Prepaid Unlimited,One Year,Electronic Check,27,1206.06,30450.89,771.2,772.3,773.4,47.2,47.2,47.3,1,1,2,4,3,2,0
CUST-10602,Customer 603,+91-98765-10602,user603@example.com,Central,Prepaid Basic,Two Year,UPI/Credit Card,6,879.08,4815.11,782.7,798.5,814.7,62.6,63.9,65.2,1,1,2,1,0,0,0
CUST-10603,Customer 604,+91-98765-10603,user604@example.com,West,Prepaid Unlimited,Month-to-Month,Electronic Check,17,432.96,7474.64,404.7,627.2,972.0,7.1,11.0,17.0,2,3,5,5,1,1,1
CUST-10604,Customer 605,+91-98765-10604,user605@example.com,East,Prepaid Basic,Month-to-Month,UPI/Credit Card,36,437.48,15301.41,615.0,615.4,615.9,74.5,74.5,74.6,4,4,5,3,3,2,0
CUST-10605,Customer 606,+91-98765-10605,user606@example.com,East,Postpaid Standard,Two Year,Mailed Check,2,1260.85,2408.45,280.3,289.1,298.2,28.8,29.7,30.6,1,1,2,2,2,1,0
CUST-10606,Customer 607,+91-98765-10606,user607@example.com,West,Prepaid Unlimited,Month-to-Month,Mailed Check,52,934.27,51567.03,334.6,541.4,876.0,18.2,29.4,47.6,1,3,5,2,0,0,1
CUST-10607,Customer 608,+91-98765-10607,user608@example.com,North,Prepaid Unlimited,Month-to-Month,Electronic Check,66,876.91,56336.48,302.1,481.9,768.5,35.0,55.7,88.9,1,2,4,4,2,2,1
CUST-10608,Customer 609,+91-98765-10608,user609@example.com,South,Prepaid Basic,Two Year,UPI/Credit Card,52,1115.68,55892.01,510.5,491.4,472.9,104.9,101.0,97.2,4,4,4,0,0,0,0
CUST-10609,Customer 610,+91-98765-10609,user610@example.com,North,Prepaid Basic,Month-to-Month,Electronic Check,43,1329.61,61175.21,203.1,326.9,526.2,17.5,28.1,45.3,1,3,5,5,3,2,1
CUST-10610,Customer 611,+91-98765-10610,user611@example.com,North,Postpaid Standard,One Year,Auto-Debit,22,1053.65,24785.71,453.4,461.7,470.1,81.3,82.8,84.3,4,4,5,0,0,0,0
CUST-10611,Customer 612,+91-98765-10611,user612@example.com,North,Prepaid Basic,Month-to-Month,Auto-Debit,55,1214.42,64874.36,360.2,581.0,936.9,3.9,6.3,10.1,1,1,1,6,1,0,1
CUST-10612,Customer 613,+91-98765-10612,user613@example.com,Central,Prepaid Basic,Month-to-Month,Auto-Debit,67,1217.32,86984.19,153.5,250.6,409.2,32.1,52.4,85.5,1,1,1,4,2,1,1
CUST-10613,Customer 614,+91-98765-10613,user614@example.com,East,Prepaid Basic,One Year,Auto-Debit,60,726.51,46648.73,907.8,937.0,967.1,60.8,62.8,64.8,2,2,3,1,0,0,0
CUST-10614,Customer 615,+91-98765-10614,user615@example.com,North,Postpaid Premium,Month-to-Month,Electronic Check,58,627.9,35864.14,833.1,875.1,919.2,46.6,48.9,51.4,2,2,3,1,1,1,0
CUST-10615,Customer 616,+91-98765-10615,user616@example.com,East,Postpaid Standard,Two Year,Auto-Debit,12,1260.4,13813.4,714.5,690.6,667.5,95.8,92.6,89.5,3,3,3,1,1,0,0
CUST-10616,Customer 617,+91-98765-10616,user617@example.com,West,Prepaid Unlimited,Month-to-Month,UPI/Credit Card,69,751.61,46691.42,576.7,598.8,621.8,79.1,82.2,85.3,1,1,2,1,1,0,0
CUST-10617,Customer 618,+91-98765-10617,user618@example.com,South,Prepaid Basic,Month-to-Month,Mailed Check,39,1383.0,54188.27,230.1,315.7,433.1,17.6,24.2,33.2,2,2,4,2,0,0,1
CUST-10618,Customer 619,+91-98765-10618,user619@example.com,West,Prepaid Unlimited,Month-to-Month,Mailed Check,13,382.63,4819.07,126.1,121.2,116.5,86.8,83.5,80.2,2,2,2,3,3,2,0
CUST-10619,Customer 620,+91-98765-10619,user620@example.com,West,Postpaid Standard,Month-to-Month,Auto-Debit,41,368.86,16626.91,94.9,142.8,214.9,6.4,9.6,14.5,2,3,5,6,1,1,1
CUST-10620,Customer 621,+91-98765-10620,user621@example.com,Central,Prepaid Unlimited,Month-to-Month,Auto-Debit,57,1411.4,84832.88,300.3,483.6,778.8,32.1,51.7,83.2,1,1,1,6,2,2,1
CUST-10621,Customer 622,+91-98765-10621,user622@example.com,South,Prepaid Basic,Month-to-Month,Auto-Debit,53,1077.15,60072.14,277.3,381.3,524.4,36.6,50.3,69.2,2,3,5,6,2,1,1
CUST-10622,Customer 623,+91-98765-10622,user623@example.com,West,Prepaid Basic,Month-to-Month,Electronic Check,12,754.52,9878.62,251.7,243.2,234.9,14.3,13.8,13.3,5,5,5,1,1,0,0
CUST-10623,Customer 624,+91-98765-10623,user624@example.com,West,Prepaid Basic,Month-to-Month,Mailed Check,13,1205.07,16880.72,192.3,254.8,337.6,39.8,52.7,69.9,1,1,1,5,2,2,1
CUST-10624,Customer 625,+91-98765-10624,user625@example.com,South,Prepaid Unlimited,One Year,Auto-Debit,57,1105.79,60738.1,872.8,912.0,953.1,55.0,57.5,60.1,4,4,5,2,2,1,0
CUST-10625,Customer 626,+91-98765-10625,user626@example.com,South,Postpaid Standard,One Year,UPI/Credit Card,40,936.44,34955.34,437.5,433.9,430.4,62.5,62.0,61.5,3,3,3,2,1,0,0
CUST-10626,Customer 627,+91-98765-10626,user627@example.com,West,Prepaid Basic,One Year,Auto-Debit,45,417.65,19718.52,942.6,929.6,916.9,33.5,33.1,32.6,1,1,1,2,1,1,0
CUST-10627,Customer 628,+91-98765-10627,user628@example.com,South,Prepaid Basic,Month-to-Month,Mailed Check,35,1273.62,43491.47,134.8,224.6,374.2,10.9,18.2,30.3,1,3,5,5,2,1,1
CUST-10628,Customer 629,+91-98765-10628,user629@example.com,West,Prepaid Basic,Month-to-Month,Auto-Debit,3,1338.23,3993.15,259.1,390.6,588.9,34.1,51.3,77.4,1,1,3,5,0,0,1
CUST-10629,Customer 630,+91-98765-10629,user630@example.com,West,Postpaid Premium,One Year,Mailed Check,5,505.6,2593.93,116.2,117.3,118.4,28.9,29.1,29.4,2,2,3,3,3,2,0
CUST-10630,Customer 631,+91-98765-10630,user631@example.com,Central,Prepaid Basic,Month-to-Month,Auto-Debit,11,1319.61,15699.82,203.3,340.3,569.7,16.9,28.3,47.4,1,2,4,3,0,0,1
CUST-10631,Customer 632,+91-98765-10631,user632@example.com,North,Postpaid Standard,Month-to-Month,UPI/Credit Card,71,1352.42,94467.95,376.5,503.4,673.2,39.7,53.1,71.0,1,2,3,5,3,2,1
CUST-10632,Customer 633,+91-98765-10632,user633@example.com,West,Prepaid Unlimited,One Year,Auto-Debit,56,958.31,56706.22,317.8,314.3,310.9,12.9,12.7,12.6,2,2,2,3,2,1,0
CUST-10633,Customer 634,+91-98765-10633,user634@example.com,East,Prepaid Unlimited,One Year,UPI/Credit Card,10,1086.41,10360.74,259.1,401.1,621.0,25.7,39.7,61.5,1,1,1,6,2,1,1
CUST-10634,Customer 635,+91-98765-10634,user635@example.com,North,Prepaid Basic,Month-to-Month,UPI/Credit Card,34,757.68,26781.12,694.2,688.3,682.5,62.0,61.5,61.0,1,1,1,2,2,1,0
CUST-10635,Customer 636,+91-98765-10635,user636@example.com,North,Prepaid Basic,Month-to-Month,Auto-Debit,67,637.15,38433.63,759.6,738.6,718.2,74.0,72.0,70.0,1,1,1,4,3,2,0
CUST-10636,Customer 637,+91-98765-10636,user637@example.com,North,Prepaid Unlimited,One Year,UPI/Credit Card,31,1165.38,38811.05,835.7,817.1,798.8,42.0,41.0,40.1,5,5,5,2,1,0,0
CUST-10637,Customer 638,+91-98765-10637,user638@example.com,Central,Postpaid Standard,Month-to-Month,Electronic Check,71,1333.25,85769.83,117.4,211.3,380.2,14.7,26.5,47.7,1,2,5,6,3,2,1
CUST-10638,Customer 639,+91-98765-10638,user639@example.com,West,Prepaid Unlimited,One Year,Auto-Debit,66,1083.89,74580.68,603.2,607.1,611.0,35.8,36.1,36.3,1,1,2,3,2,1,0
CUST-10639,Customer 640,+91-98765-10639,user640@example.com,Central,Prepaid Unlimited,One Year,Auto-Debit,70,912.91,58104.54,914.3,948.2,983.4,76.1,78.9,81.8,2,2,3,2,1,1,0
CUST-10640,Customer 641,+91-98765-10640,user641@example.com,West,Prepaid Basic,One Year,UPI/Credit Card,41,489.71,19139.44,825.1,865.7,908.3,15.8,16.6,17.4,4,4,5,2,1,0,0
CUST-10641,Customer 642,+91-98765-10641,user642@example.com,Central,Postpaid Premium,Month-to-Month,UPI/Credit Card,63,363.15,22865.65,873.7,914.6,957.4,88.1,92.2,96.5,2,2,3,3,3,2,0
CUST-10642,Customer 643,+91-98765-10642,user643@example.com,Central,Postpaid Standard,Month-to-Month,Auto-Debit,32,833.83,26255.31,279.7,353.8,447.5,40.8,51.6,65.3,1,2,3,5,2,1,1
CUST-10643,Customer 644,+91-98765-10643,user644@example.com,East,Prepaid Basic,One Year,Electronic Check,20,358.22,6722.84,886.5,846.5,808.2,98.0,93.5,89.3,5,5,5,4,3,2,0
CUST-10644,Customer 645,+91-98765-10644,user645@example.com,Central,Postpaid Premium,One Year,UPI/Credit Card,57,982.2,54124.61,604.6,630.7,657.9,41.8,43.6,45.5,4,4,5,3,3,2,0
CUST-10645,Customer 646,+91-98765-10645,user646@example.com,South,Prepaid Unlimited,One Year,UPI/Credit Card,50,758.28,39640.65,168.7,171.6,174.5,35.4,36.0,36.6,1,1,2,0,0,0,0
CUST-10646,Customer 647,+91-98765-10646,user647@example.com,East,Prepaid Unlimited,Month-to-Month,Mailed Check,25,1207.63,31212.75,308.8,509.8,841.6,33.2,54.9,90.6,1,2,4,5,0,0,1
CUST-10647,Customer 648,+91-98765-10647,user648@example.com,Central,Postpaid Standard,Month-to-Month,Electronic Check,12,665.78,7305.17,348.0,496.9,709.4,7.1,10.1,14.4,1,1,1,5,2,1,1
CUST-10648,Customer 649,+91-98765-10648,user649@example.com,North,Postpaid Standard,Two Year,Electronic Check,71,1010.58,75300.22,278.8,278.9,279.0,16.1,16.1,16.1,4,4,5,1,1,0,0
CUST-10649,Customer 650,+91-98765-10649,user650@example.com,South,Prepaid Unlimited,One Year,Auto-Debit,39,944.22,33532.8,176.0,173.9,171.8,34.2,33.8,33.4,5,5,5,4,3,2,0
CUST-10650,Customer 651,+91-98765-10650,user651@example.com,South,Prepaid Basic,Two Year,Electronic Check,17,304.65,5223.51,860.1,856.7,853.3,97.0,96.6,96.2,3,3,3,1,1,0,0
CUST-10651,Customer 652,+91-98765-10651,user652@example.com,South,Prepaid Unlimited,One Year,Auto-Debit,45,385.87,16530.89,178.2,174.6,171.0,67.8,66.5,65.1,4,4,4,3,2,2,0
CUST-10652,Customer 653,+91-98765-10652,user653@example.com,East,Postpaid Premium,Month-to-Month,Mailed Check,11,647.44,7246.74,67.5,110.9,182.2,21.3,35.0,57.6,1,3,5,5,2,1,1
CUST-10653,Customer 654,+91-98765-10653,user654@example.com,Central,Prepaid Basic,One Year,Electronic Check,70,1357.68,90501.04,449.6,466.8,484.7,66.8,69.3,72.0,3,3,4,3,2,2,0
CUST-10654,Customer 655,+91-98765-10654,user655@example.com,Central,Prepaid Unlimited,Two Year,UPI/Credit Card,23,475.42,11995.23,199.9,210.4,221.3,40.4,42.5,44.7,1,1,1,2,1,0,0
CUST-10655,Customer 656,+91-98765-10655,user656@example.com,North,Prepaid Unlimited,Month-to-Month,Mailed Check,70,1152.07,77576.01,623.9,758.5,922.3,52.1,63.3,77.0,2,2,3,4,0,0,1
CUST-10656,Customer 657,+91-98765-10656,user657@example.com,North,Prepaid Unlimited,One Year,Auto-Debit,38,1467.04,52870.51,566.0,544.2,523.3,45.9,44.1,42.4,2,2,2,2,1,1,0
CUST-10657,Customer 658,+91-98765-10657,user658@example.com,South,Prepaid Unlimited,Month-to-Month,Mailed Check,2,1247.68,2384.8,306.4,433.1,612.2,41.8,59.1,83.5,1,1,1,3,0,0,1
CUST-10658,Customer 659,+91-98765-10658,user659@example.com,North,Postpaid Premium,Month-to-Month,Auto-Debit,37,590.53,23582.17,878.4,906.4,935.3,28.6,29.5,30.4,3,3,4,2,2,1,0
CUST-10659,Customer 660,+91-98765-10659,user660@example.com,East,Prepaid Basic,One Year,Mailed Check,49,1389.04,69917.25,626.4,601.3,577.2,34.1,32.7,31.4,4,4,4,3,2,1,0
CUST-10660,Customer 661,+91-98765-10660,user661@example.com,Central,Prepaid Basic,Month-to-Month,Auto-Debit,52,410.73,22343.35,385.2,401.4,418.2,50.3,52.4,54.6,1,1,1,2,1,0,0
CUST-10661,Customer 662,+91-98765-10661,user662@example.com,South,Prepaid Basic,Month-to-Month,Electronic Check,33,860.77,30780.16,469.6,619.6,817.4,26.4,34.8,45.9,2,3,4,6,3,2,1
CUST-10662,Customer 663,+91-98765-10662,user663@example.com,North,Postpaid Standard,Month-to-Month,UPI/Credit Card,22,1364.05,32481.08,239.8,345.8,498.6,32.0,46.2,66.6,1,1,2,4,2,1,1
CUST-10663,Customer 664,+91-98765-10663,user664@example.com,East,Prepaid Unlimited,Month-to-Month,Auto-Debit,5,1068.52,5597.92,196.0,275.3,386.6,20.1,28.2,39.6,1,1,2,6,2,2,1
CUST-10664,Customer 665,+91-98765-10664,user665@example.com,East,Prepaid Basic,Month-to-Month,Mailed Check,18,795.37,13451.43,739.2,745.0,750.9,26.5,26.7,26.9,3,3,4,1,0,0,0
CUST-10665,Customer 666,+91-98765-10665,user666@example.com,North,Postpaid Standard,Month-to-Month,Auto-Debit,38,650.38,26411.7,862.9,841.9,821.4,52.1,50.8,49.6,4,4,4,2,2,2,0
CUST-10666,Customer 667,+91-98765-10666,user667@example.com,Central,Postpaid Standard,Two Year,Auto-Debit,37,749.12,26075.33,851.7,831.9,812.5,61.1,59.7,58.3,2,2,2,3,3,2,0
CUST-10667,Customer 668,+91-98765-10667,user668@example.com,North,Postpaid Standard,Month-to-Month,Auto-Debit,64,909.73,61051.17,536.8,725.2,979.9,10.1,13.7,18.5,2,2,4,4,2,2,1
CUST-10668,Customer 669,+91-98765-10668,user669@example.com,South,Postpaid Premium,Month-to-Month,Mailed Check,10,681.85,7071.61,484.4,625.6,808.0,34.7,44.8,57.9,2,3,5,5,3,2,1
CUST-10669,Customer 670,+91-98765-10669,user670@example.com,North,Prepaid Basic,Month-to-Month,UPI/Credit Card,42,1461.76,64572.76,403.7,565.7,792.9,18.0,25.2,35.3,1,2,3,5,0,0,0
CUST-10670,Customer 671,+91-98765-10670,user671@example.com,East,Postpaid Standard,One Year,Electronic Check,48,1418.69,68542.28,952.6,911.2,871.7,46.2,44.2,42.3,5,5,5,2,1,0,0
CUST-10671,Customer 672,+91-98765-10671,user672@example.com,North,Prepaid Unlimited,Month-to-Month,UPI/Credit Card,44,1343.81,60768.15,45.9,67.8,100.2,14.4,21.3,31.5,1,2,4,4,2,2,0
CUST-10672,Customer 673,+91-98765-10672,user673@example.com,Central,Postpaid Standard,One Year,Auto-Debit,16,805.2,14051.24,415.8,421.0,426.2,91.2,92.4,93.5,3,3,4,1,1,0,0
CUST-10673,Customer 674,+91-98765-10673,user674@example.com,West,Postpaid Standard,One Year,Mailed Check,54,1128.56,56080.13,777.5,770.6,763.8,71.2,70.5,69.9,3,3,3,0,0,0,0
CUST-10674,Customer 675,+91-98765-10674,user675@example.com,North,Postpaid Standard,One Year,UPI/Credit Card,35,1382.4,46534.25,593.8,616.3,639.7,27.8,28.8,29.9,3,3,4,1,1,1,0
CUST-10675,Customer 676,+91-98765-10675,user676@example.com,Central,Prepaid Unlimited,Month-to-Month,Auto-Debit,28,1319.52,37769.41,142.5,192.4,259.8,36.4,49.1,66.3,1,2,3,3,0,0,1
CUST-10676,Customer 677,+91-98765-10676,user677@example.com,Central,Prepaid Basic,One Year,Electronic Check,2,796.19,1740.17,368.4,370.9,373.4,84.4,85.0,85.6,1,1,2,4,3,2,0
CUST-10677,Customer 678,+91-98765-10677,user678@example.com,East,Prepaid Unlimited,Month-to-Month,Electronic Check,13,433.86,5183.97,247.5,315.9,403.1,26.5,33.9,43.2,1,2,3,4,0,0,0
CUST-10678,Customer 679,+91-98765-10678,user679@example.com,Central,Postpaid Premium,Two Year,Electronic Check,41,389.76,14454.21,619.3,615.1,611.0,84.9,84.4,83.8,3,3,3,0,0,0,0
CUST-10679,Customer 680,+91-98765-10679,user680@example.com,Central,Postpaid Premium,One Year,Auto-Debit,59,991.48,53299.83,836.5,842.4,848.4,19.4,19.6,19.7,4,4,5,1,0,0,0
CUST-10680,Customer 681,+91-98765-10680,user681@example.com,Central,Prepaid Basic,Month-to-Month,Mailed Check,69,1070.15,67230.25,468.6,663.4,939.2,41.5,58.8,83.2,1,2,4,4,1,0,1
CUST-10681,Customer 682,+91-98765-10681,user682@example.com,Central,Prepaid Basic,Month-to-Month,UPI/Credit Card,53,1318.81,75597.95,529.1,640.4,775.1,38.4,46.5,56.3,1,1,2,3,1,1,0
CUST-10682,Customer 683,+91-98765-10682,user683@example.com,South,Prepaid Basic,Month-to-Month,Electronic Check,45,650.02,30545.3,516.1,665.7,858.7,15.7,20.3,26.2,1,1,1,5,3,2,1
CUST-10683,Customer 684,+91-98765-10683,user684@example.com,South,Postpaid Standard,One Year,Auto-Debit,20,499.96,10353.38,478.8,500.5,523.1,40.0,41.8,43.7,2,2,3,3,2,2,0
CUST-10684,Customer 685,+91-98765-10684,user685@example.com,East,Postpaid Standard,Month-to-Month,Auto-Debit,24,753.81,18173.11,477.5,464.0,450.8,104.8,101.8,98.9,1,1,1,0,0,0,0
CUST-10685,Customer 686,+91-98765-10685,user686@example.com,North,Prepaid Basic,Month-to-Month,UPI/Credit Card,61,723.29,46608.68,491.4,472.0,453.4,86.1,82.7,79.4,4,4,4,1,1,0,0
CUST-10686,Customer 687,+91-98765-10686,user687@example.com,Central,Prepaid Unlimited,Month-to-Month,Electronic Check,58,457.96,24732.37,596.7,624.9,654.4,54.3,56.9,59.6,2,2,3,3,2,1,0
CUST-10687,Customer 688,+91-98765-10687,user688@example.com,North,Postpaid Standard,One Year,Auto-Debit,27,1105.74,29209.76,207.6,209.7,211.8,15.6,15.7,15.9,1,1,1,0,0,0,0
CUST-10688,Customer 689,+91-98765-10688,user689@example.com,North,Postpaid Standard,One Year,UPI/Credit Card,26,909.43,23597.91,682.2,651.1,621.5,49.1,46.8,44.7,5,5,5,2,2,1,0
CUST-10689,Customer 690,+91-98765-10689,user690@example.com,East,Prepaid Unlimited,One Year,Mailed Check,7,1164.35,7515.38,712.5,705.5,698.6,30.6,30.3,30.0,1,1,1,4,3,2,0
CUST-10690,Customer 691,+91-98765-10690,user691@example.com,Central,Prepaid Unlimited,One Year,Mailed Check,42,722.23,29845.37,496.3,495.7,495.0,11.7,11.7,11.7,5,5,5,4,3,2,0
CUST-10691,Customer 692,+91-98765-10691,user692@example.com,Central,Prepaid Unlimited,Month-to-Month,Mailed Check,47,689.84,31232.59,896.1,926.5,957.9,52.9,54.6,56.5,1,1,2,2,1,1,0
CUST-10692,Customer 693,+91-98765-10692,user693@example.com,West,Prepaid Basic,Month-to-Month,Electronic Check,53,866.09,41639.16,383.1,498.0,647.4,53.0,68.8,89.5,2,3,4,7,2,2,1
CUST-10693,Customer 694,+91-98765-10693,user694@example.com,North,Prepaid Unlimited,One Year,UPI/Credit Card,59,1351.89,73966.6,294.4,296.2,298.0,68.4,68.8,69.2,1,1,1,1,0,0,0
CUST-10694,Customer 695,+91-98765-10694,user695@example.com,North,Prepaid Unlimited,Month-to-Month,UPI/Credit Card,38,347.34,13895.92,491.7,511.1,531.3,26.6,27.6,28.7,2,2,3,2,1,0,0
CUST-10695,Customer 696,+91-98765-10695,user696@example.com,South,Postpaid Standard,Month-to-Month,Auto-Debit,69,1264.8,78858.92,375.7,515.7,707.9,31.6,43.3,59.5,2,2,4,5,2,1,1
CUST-10696,Customer 697,+91-98765-10696,user697@example.com,West,Prepaid Unlimited,Month-to-Month,Auto-Debit,53,741.79,42729.39,365.0,377.9,391.3,88.3,91.4,94.6,1,1,1,4,3,2,0
CUST-10697,Customer 698,+91-98765-10697,user698@example.com,South,Postpaid Standard,Month-to-Month,Auto-Debit,15,1324.54,18224.71,67.6,107.8,171.7,29.0,46.3,73.7,1,1,3,7,3,2,1
CUST-10698,Customer 699,+91-98765-10698,user699@example.com,South,Prepaid Basic,Month-to-Month,UPI/Credit Card,26,1261.64,34765.8,272.8,413.0,625.1,30.8,46.6,70.5,1,1,3,3,1,1,1
CUST-10699,Customer 700,+91-98765-10699,user700@example.com,South,Prepaid Unlimited,Two Year,Auto-Debit,48,717.51,37186.19,947.3,950.2,953.1,96.4,96.7,97.0,2,2,3,2,2,1,0
CUST-10700,Customer 701,+91-98765-10700,user701@example.com,East,Prepaid Basic,Month-to-Month,UPI/Credit Card,19,1131.65,23398.35,193.2,322.0,536.6,29.1,48.5,80.9,1,1,3,7,2,2,0
CUST-10701,Customer 702,+91-98765-10701,user702@example.com,East,Prepaid Basic,Month-to-Month,UPI/Credit Card,9,490.56,4739.53,296.0,520.5,915.5,5.8,10.2,18.0,1,1,1,5,2,1,0
CUST-10702,Customer 703,+91-98765-10702,user703@example.com,South,Postpaid Standard,Month-to-Month,Mailed Check,64,1374.54,84232.69,552.8,686.1,851.5,24.7,30.6,38.0,1,1,2,5,0,0,1
CUST-10703,Customer 704,+91-98765-10703,user704@example.com,West,Postpaid Premium,One Year,Auto-Debit,54,784.39,40943.07,254.6,243.4,232.7,105.8,101.1,96.7,5,5,5,2,2,2,0
CUST-10704,Customer 705,+91-98765-10704,user705@example.com,North,Prepaid Basic,Month-to-Month,Mailed Check,51,845.75,42499.59,306.9,475.7,737.4,21.4,33.2,51.5,2,3,5,6,2,1,1
CUST-10705,Customer 706,+91-98765-10705,user706@example.com,West,Prepaid Unlimited,Two Year,Electronic Check,39,1145.91,41466.49,453.7,472.4,491.9,14.4,15.0,15.6,4,4,5,2,2,1,0
CUST-10706,Customer 707,+91-98765-10706,user707@example.com,Central,Postpaid Standard,Two Year,Electronic Check,4,1284.01,4645.31,322.5,323.9,325.2,48.2,48.4,48.6,1,1,2,2,2,1,0
CUST-10707,Customer 708,+91-98765-10707,user708@example.com,East,Prepaid Basic,Month-to-Month,Electronic Check,3,582.61,1876.86,363.2,510.7,718.2,36.0,50.6,71.2,1,2,3,7,2,2,1
CUST-10708,Customer 709,+91-98765-10708,user709@example.com,North,Prepaid Unlimited,Two Year,UPI/Credit Card,64,1092.62,70684.7,746.1,757.2,768.4,96.9,98.3,99.8,2,2,3,2,1,0,0
CUST-10709,Customer 710,+91-98765-10709,user710@example.com,North,Postpaid Standard,Two Year,UPI/Credit Card,29,769.4,22797.78,245.8,253.7,261.9,33.6,34.7,35.8,3,3,4,1,0,0,0
CUST-10710,Customer 711,+91-98765-10710,user711@example.com,Central,Prepaid Unlimited,One Year,UPI/Credit Card,11,741.44,8852.33,981.9,952.0,923.0,57.2,55.5,53.8,5,5,5,4,3,2,0
CUST-10711,Customer 712,+91-98765-10711,user712@example.com,Central,Prepaid Basic,One Year,Auto-Debit,58,1127.03,67526.45,754.8,765.3,776.0,86.2,87.4,88.6,4,4,5,1,1,1,0
CUST-10712,Customer 713,+91-98765-10712,user713@example.com,South,Prepaid Unlimited,Month-to-Month,Mailed Check,27,763.62,21404.73,882.5,910.8,940.0,36.4,37.6,38.8,2,2,3,3,3,2,0
CUST-10713,Customer 714,+91-98765-10713,user714@example.com,East,Postpaid Standard,Month-to-Month,UPI/Credit Card,21,714.33,15861.89,375.0,380.2,385.4,15.0,15.2,15.4,4,4,5,3,2,2,0
CUST-10714,Customer 715,+91-98765-10714,user715@example.com,East,Prepaid Unlimited,Month-to-Month,Mailed Check,39,1302.07,46884.31,357.6,581.4,945.4,36.0,58.5,95.1,1,1,3,3,1,1,1
CUST-10715,Customer 716,+91-98765-10715,user716@example.com,West,Prepaid Basic,Month-to-Month,Mailed Check,46,420.53,18803.36,255.6,332.2,431.7,30.4,39.5,51.4,1,2,3,4,2,2,1
CUST-10716,Customer 717,+91-98765-10716,user717@example.com,South,Postpaid Standard,Two Year,Mailed Check,66,1110.07,80125.24,153.6,151.1,148.6,54.6,53.7,52.8,3,3,3,1,1,0,0
CUST-10717,Customer 718,+91-98765-10717,user718@example.com,South,Prepaid Basic,Month-to-Month,Auto-Debit,36,597.47,23328.27,440.2,588.5,786.7,35.8,47.9,64.0,1,1,1,4,2,2,1
CUST-10718,Customer 719,+91-98765-10718,user719@example.com,South,Postpaid Standard,One Year,Auto-Debit,65,317.6,22229.77,693.2,712.9,733.2,5.0,5.2,5.3,1,1,1,3,2,1,0
CUST-10719,Customer 720,+91-98765-10719,user720@example.com,South,Prepaid Basic,One Year,Electronic Check,63,499.12,31143.25,595.6,616.5,638.1,87.3,90.3,93.5,1,1,1,3,2,2,0
CUST-10720,Customer 721,+91-98765-10720,user721@example.com,East,Postpaid Premium,Two Year,Electronic Check,35,1026.99,38512.49,488.9,514.3,540.9,35.5,37.4,39.3,1,1,1,2,1,0,0
CUST-10721,Customer 722,+91-98765-10721,user722@example.com,East,Prepaid Unlimited,Two Year,Mailed Check,31,1149.95,32428.65,121.9,125.3,128.9,40.4,41.5,42.7,1,1,2,4,3,2,0
CUST-10722,Customer 723,+91-98765-10722,user723@example.com,South,Prepaid Unlimited,Month-to-Month,Electronic Check,28,324.27,8441.3,599.1,629.8,662.1,19.5,20.5,21.5,3,3,4,2,2,2,0
CUST-10723,Customer 724,+91-98765-10723,user724@example.com,West,Prepaid Basic,Month-to-Month,Mailed Check,1,342.71,336.81,274.1,360.9,475.2,23.6,31.1,40.9,2,3,4,7,2,2,0
CUST-10724,Customer 725,+91-98765-10724,user725@example.com,North,Prepaid Unlimited,Month-to-Month,Auto-Debit,25,1382.05,34436.49,385.7,482.7,604.2,52.0,65.0,81.4,1,2,3,5,3,2,0
CUST-10725,Customer 726,+91-98765-10725,user726@example.com,North,Postpaid Standard,Month-to-Month,Auto-Debit,43,386.97,15852.68,494.2,490.3,486.4,82.3,81.6,81.0,5,5,5,1,1,1,0
CUST-10726,Customer 727,+91-98765-10726,user727@example.com,West,Postpaid Premium,Month-to-Month,Auto-Debit,67,1372.02,89286.65,381.1,607.8,969.5,36.9,58.9,93.9,1,1,1,3,1,0,0
CUST-10727,Customer 728,+91-98765-10727,user728@example.com,South,Prepaid Unlimited,Month-to-Month,UPI/Credit Card,63,572.8,33652.56,354.4,477.6,643.7,23.8,32.1,43.3,2,2,4,5,1,0,0
CUST-10728,Customer 729,+91-98765-10728,user729@example.com,East,Prepaid Unlimited,One Year,Mailed Check,51,1187.02,60406.46,758.8,766.5,774.3,70.9,71.6,72.3,3,3,4,1,1,0,0
CUST-10729,Customer 730,+91-98765-10729,user730@example.com,North,Postpaid Standard,Month-to-Month,Auto-Debit,2,670.68,1420.19,351.9,576.0,942.7,19.9,32.5,53.2,1,1,1,7,3,2,0
CUST-10730,Customer 731,+91-98765-10730,user731@example.com,Central,Postpaid Standard,Month-to-Month,Mailed Check,64,1329.5,87833.97,392.9,498.4,632.4,50.6,64.2,81.4,1,1,2,6,1,0,1
CUST-10731,Customer 732,+91-98765-10731,user732@example.com,Central,Prepaid Unlimited,One Year,Electronic Check,69,1139.55,72461.17,107.9,109.4,110.9,70.7,71.7,72.7,1,1,2,2,2,1,0
CUST-10732,Customer 733,+91-98765-10732,user733@example.com,West,Prepaid Unlimited,Month-to-Month,Electronic Check,9,781.18,7013.16,81.1,103.1,130.9,24.8,31.5,40.0,2,3,4,7,3,2,1
CUST-10733,Customer 734,+91-98765-10733,user734@example.com,South,Prepaid Unlimited,Month-to-Month,Auto-Debit,2,390.56,812.0,367.7,518.8,732.1,18.6,26.2,37.0,1,1,2,5,3,2,1
CUST-10734,Customer 735,+91-98765-10734,user735@example.com,North,Prepaid Unlimited,One Year,Mailed Check,34,1178.24,40299.68,331.8,341.4,351.2,27.4,28.2,29.0,1,1,1,2,1,0,0
CUST-10735,Customer 736,+91-98765-10735,user736@example.com,South,Prepaid Basic,One Year,Auto-Debit,60,1039.26,61004.67,658.2,639.5,621.4,63.3,61.5,59.8,4,4,4,3,2,2,0
CUST-10736,Customer 737,+91-98765-10736,user737@example.com,North,Prepaid Unlimited,One Year,Electronic Check,61,302.49,18901.8,309.3,295.3,282.0,105.9,101.2,96.6,1,1,1,4,3,2,0
CUST-10737,Customer 738,+91-98765-10737,user738@example.com,West,Prepaid Unlimited,Month-to-Month,Auto-Debit,31,310.3,10520.9,310.6,326.5,343.2,21.7,22.8,24.0,1,1,2,2,1,0,0
CUST-10738,Customer 739,+91-98765-10738,user739@example.com,West,Postpaid Standard,One Year,Mailed Check,10,1269.55,11666.93,268.4,385.7,554.2,6.8,9.7,14.0,1,1,1,7,2,1,1
CUST-10739,Customer 740,+91-98765-10739,user740@example.com,Central,Prepaid Basic,One Year,Electronic Check,36,610.28,21486.81,931.8,954.6,978.0,15.5,15.9,16.3,1,1,2,1,1,1,0
CUST-10740,Customer 741,+91-98765-10740,user741@example.com,South,Prepaid Unlimited,Month-to-Month,UPI/Credit Card,49,1062.36,51083.3,244.4,400.0,654.6,29.6,48.5,79.4,1,1,2,4,0,0,1
CUST-10741,Customer 742,+91-98765-10741,user742@example.com,Central,Prepaid Unlimited,One Year,Electronic Check,70,844.06,59993.71,851.0,895.6,942.5,34.6,36.4,38.3,1,1,1,1,1,1,0
CUST-10742,Customer 743,+91-98765-10742,user743@example.com,South,Prepaid Unlimited,Two Year,UPI/Credit Card,49,1335.12,60869.87,1036.8,999.4,963.4,28.3,27.3,26.3,2,2,2,2,1,1,0
CUST-10743,Customer 744,+91-98765-10743,user744@example.com,Central,Prepaid Basic,Month-to-Month,Auto-Debit,3,1399.35,3926.56,177.4,225.7,287.3,23.8,30.2,38.5,1,2,3,3,1,1,1
CUST-10744,Customer 745,+91-98765-10744,user745@example.com,East,Prepaid Unlimited,Month-to-Month,Auto-Debit,5,1495.17,7154.93,179.3,261.1,380.1,31.3,45.5,66.3,1,1,1,7,2,2,1
CUST-10745,Customer 746,+91-98765-10745,user746@example.com,East,Prepaid Unlimited,Two Year,Mailed Check,61,483.42,32177.22,783.9,788.4,793.0,56.2,56.6,56.9,2,2,3,4,3,2,0
CUST-10746,Customer 747,+91-98765-10746,user747@example.com,East,Prepaid Unlimited,One Year,UPI/Credit Card,26,1334.56,36323.21,825.1,852.2,880.1,70.9,73.2,75.6,1,1,1,3,2,2,0
CUST-10747,Customer 748,+91-98765-10747,user748@example.com,East,Prepaid Unlimited,Month-to-Month,Auto-Debit,5,618.23,3191.11,191.3,329.4,567.3,12.5,21.6,37.2,1,1,2,3,1,1,1
CUST-10748,Customer 749,+91-98765-10748,user749@example.com,North,Prepaid Unlimited,One Year,UPI/Credit Card,15,1007.98,16078.16,1078.7,1035.4,993.9,52.0,49.9,47.9,2,2,2,3,2,2,0
CUST-10749,Customer 750,+91-98765-10749,user750@example.com,East,Postpaid Standard,Month-to-Month,Auto-Debit,16,905.93,13415.23,70.0,87.9,110.4,9.3,11.7,14.7,2,3,4,6,1,1,1
CUST-10750,Customer 751,+91-98765-10750,user751@example.com,West,Prepaid Basic,Month-to-Month,Electronic Check,1,320.59,343.63,175.6,254.8,369.6,5.7,8.2,11.9,1,2,4,4,0,0,1
CUST-10751,Customer 752,+91-98765-10751,user752@example.com,West,Postpaid Standard,Month-to-Month,Auto-Debit,16,1418.33,23123.69,199.1,362.7,660.8,14.7,26.8,48.9,1,1,3,7,2,1,1
CUST-10752,Customer 753,+91-98765-10752,user753@example.com,North,Prepaid Unlimited,Two Year,Mailed Check,37,392.99,14061.75,476.9,499.1,522.4,30.8,32.2,33.7,1,1,2,4,3,2,0
CUST-10753,Customer 754,+91-98765-10753,user754@example.com,East,Prepaid Basic,Two Year,Electronic Check,3,1124.86,3587.76,192.7,198.7,204.9,59.4,61.3,63.2,3,3,4,2,1,1,0
CUST-10754,Customer 755,+91-98765-10754,user755@example.com,East,Prepaid Basic,Month-to-Month,Mailed Check,52,1241.01,68437.57,268.3,340.1,431.0,5.7,7.2,9.1,1,1,2,5,3,2,1
CUST-10755,Customer 756,+91-98765-10755,user756@example.com,East,Prepaid Unlimited,Month-to-Month,Electronic Check,47,1253.35,62980.41,49.1,77.7,122.9,6.6,10.5,16.6,1,1,1,7,2,2,1
CUST-10756,Customer 757,+91-98765-10756,user757@example.com,Central,Postpaid Standard,Month-to-Month,UPI/Credit Card,13,461.59,5539.24,708.7,693.5,678.5,91.1,89.1,87.2,4,4,4,1,1,0,0
CUST-10757,Customer 758,+91-98765-10757,user758@example.com,South,Postpaid Standard,Two Year,Mailed Check,55,836.08,50301.06,962.8,932.7,903.5,62.7,60.7,58.8,3,3,3,1,1,0,0
CUST-10758,Customer 759,+91-98765-10758,user759@example.com,Central,Postpaid Standard,Two Year,Auto-Debit,21,1294.31,29679.08,856.5,876.2,896.4,69.4,71.0,72.6,3,3,4,3,2,2,0
CUST-10759,Customer 760,+91-98765-10759,user760@example.com,South,Prepaid Unlimited,One Year,UPI/Credit Card,66,662.22,42460.62,756.4,742.9,729.6,88.1,86.5,85.0,2,2,2,1,1,1,0
CUST-10760,Customer 761,+91-98765-10760,user761@example.com,East,Prepaid Unlimited,One Year,Auto-Debit,54,860.3,42422.82,556.8,537.7,519.2,52.7,50.8,49.1,5,5,5,0,0,0,0
CUST-10761,Customer 762,+91-98765-10761,user762@example.com,East,Prepaid Basic,One Year,Electronic Check,27,626.35,15785.34,558.5,559.6,560.8,77.0,77.1,77.3,4,4,5,1,1,0,0
CUST-10762,Customer 763,+91-98765-10762,user763@example.com,Central,Prepaid Unlimited,Month-to-Month,Electronic Check,38,855.26,35703.27,80.4,134.0,223.2,19.8,32.9,54.8,1,1,2,5,3,2,1
CUST-10763,Customer 764,+91-98765-10763,user764@example.com,Central,Prepaid Unlimited,Month-to-Month,Auto-Debit,58,1364.41,80133.1,240.2,312.7,406.9,15.5,20.1,26.2,1,1,1,3,1,1,1
CUST-10764,Customer 765,+91-98765-10764,user765@example.com,South,Prepaid Basic,Month-to-Month,Auto-Debit,62,845.15,50896.72,132.1,188.5,269.0,18.2,26.0,37.1,1,2,4,2,0,0,1
CUST-10765,Customer 766,+91-98765-10765,user766@example.com,West,Prepaid Basic,One Year,UPI/Credit Card,46,966.09,42557.68,921.9,879.5,839.1,56.7,54.1,51.6,5,5,5,1,1,0,0
CUST-10766,Customer 767,+91-98765-10766,user767@example.com,South,Prepaid Unlimited,One Year,Auto-Debit,11,783.77,8202.45,909.5,916.4,923.3,34.6,34.8,35.1,1,1,1,2,1,1,0
CUST-10767,Customer 768,+91-98765-10767,user768@example.com,Central,Postpaid Standard,Month-to-Month,Mailed Check,8,851.14,7032.67,277.4,402.2,583.2,17.6,25.4,36.9,1,1,2,6,1,0,1
CUST-10768,Customer 769,+91-98765-10768,user769@example.com,Central,Postpaid Premium,Two Year,Mailed Check,71,317.21,22158.8,750.8,752.9,755.0,36.9,37.0,37.1,1,1,1,2,2,1,0
CUST-10769,Customer 770,+91-98765-10769,user770@example.com,North,Postpaid Premium,Month-to-Month,Auto-Debit,64,639.49,44736.97,198.2,203.7,209.3,15.8,16.3,16.7,1,1,2,2,2,2,0
CUST-10770,Customer 771,+91-98765-10770,user771@example.com,Central,Prepaid Unlimited,Month-to-Month,Mailed Check,21,822.9,17916.29,278.0,424.4,647.7,5.6,8.5,13.0,1,2,4,4,1,0,0
CUST-10771,Customer 772,+91-98765-10771,user772@example.com,North,Prepaid Unlimited,One Year,Auto-Debit,63,1059.56,70651.21,677.7,704.6,732.5,8.7,9.0,9.4,1,1,1,3,3,2,0
CUST-10772,Customer 773,+91-98765-10772,user773@example.com,West,Prepaid Unlimited,One Year,UPI/Credit Card,64,839.06,51473.89,553.2,529.8,507.5,16.9,16.2,15.5,4,4,4,2,2,1,0
CUST-10773,Customer 774,+91-98765-10773,user774@example.com,South,Postpaid Standard,One Year,Mailed Check,20,704.38,12901.95,341.8,330.2,318.9,40.4,39.0,37.7,1,1,1,4,3,2,0
CUST-10774,Customer 775,+91-98765-10774,user775@example.com,South,Prepaid Basic,Month-to-Month,Mailed Check,8,764.72,6102.86,398.1,595.1,889.6,27.5,41.1,61.4,1,1,2,5,2,2,1
CUST-10775,Customer 776,+91-98765-10775,user776@example.com,North,Prepaid Unlimited,Month-to-Month,Auto-Debit,58,589.75,32937.03,718.2,743.0,768.6,21.4,22.1,22.9,1,1,2,4,3,2,0
CUST-10776,Customer 777,+91-98765-10776,user777@example.com,South,Postpaid Standard,One Year,Mailed Check,46,1408.39,60925.78,912.2,911.0,909.9,89.6,89.5,89.4,1,1,1,2,1,1,0
CUST-10777,Customer 778,+91-98765-10777,user778@example.com,Central,Prepaid Unlimited,Month-to-Month,Electronic Check,31,925.09,31273.95,281.5,485.3,836.6,27.5,47.5,81.8,1,1,2,4,2,1,1
CUST-10778,Customer 779,+91-98765-10778,user779@example.com,East,Prepaid Unlimited,Month-to-Month,UPI/Credit Card,9,315.09,2804.04,682.2,822.4,991.3,37.5,45.2,54.5,2,2,3,6,1,1,1
CUST-10779,Customer 780,+91-98765-10779,user780@example.com,North,Prepaid Unlimited,One Year,UPI/Credit Card,15,322.34,4520.54,249.0,260.7,273.0,67.3,70.5,73.8,2,2,3,2,2,1,0
CUST-10780,Customer 781,+91-98765-10780,user781@example.com,South,Prepaid Basic,Month-to-Month,Mailed Check,26,1466.55,35832.19,62.7,105.7,178.1,14.0,23.6,39.8,1,2,4,5,2,1,1
CUST-10781,Customer 782,+91-98765-10781,user782@example.com,North,Prepaid Unlimited,One Year,Mailed Check,10,564.74,5399.72,418.8,411.0,403.3,8.8,8.7,8.5,3,3,3,1,0,0,0
CUST-10782,Customer 783,+91-98765-10782,user783@example.com,North,Prepaid Unlimited,One Year,Electronic Check,29,1265.73,40371.77,205.1,210.5,216.1,86.3,88.5,90.9,2,2,3,2,1,0,0
CUST-10783,Customer 784,+91-98765-10783,user784@example.com,East,Prepaid Basic,Month-to-Month,Electronic Check,36,368.93,12665.25,598.2,584.3,570.8,17.9,17.5,17.1,5,5,5,0,0,0,0
CUST-10784,Customer 785,+91-98765-10784,user785@example.com,Central,Prepaid Basic,Month-to-Month,Mailed Check,37,1404.4,50183.61,308.1,454.3,669.7,43.8,64.5,95.1,2,3,5,8,3,2,1
CUST-10785,Customer 786,+91-98765-10785,user786@example.com,North,Postpaid Standard,One Year,Mailed Check,71,1348.3,98779.77,575.5,597.6,620.5,55.0,57.1,59.3,4,4,5,2,2,2,0
CUST-10786,Customer 787,+91-98765-10786,user787@example.com,South,Prepaid Basic,One Year,Electronic Check,23,984.31,21706.22,334.0,333.7,333.3,34.1,34.0,34.0,5,5,5,1,1,1,0
CUST-10787,Customer 788,+91-98765-10787,user788@example.com,West,Prepaid Unlimited,One Year,Auto-Debit,41,309.8,11979.84,836.5,876.3,917.9,47.5,49.7,52.1,1,1,2,2,2,1,0
CUST-10788,Customer 789,+91-98765-10788,user789@example.com,North,Prepaid Basic,One Year,Electronic Check,28,608.37,15871.38,112.1,115.6,119.1,49.6,51.1,52.7,3,3,4,1,1,0,0
CUST-10789,Customer 790,+91-98765-10789,user790@example.com,North,Postpaid Premium,One Year,Auto-Debit,48,787.19,36369.56,379.3,395.9,413.2,6.6,6.9,7.2,3,3,4,3,2,1,0
CUST-10790,Customer 791,+91-98765-10790,user791@example.com,East,Prepaid Basic,Two Year,UPI/Credit Card,38,851.08,29792.02,732.8,739.9,747.1,38.1,38.4,38.8,2,2,3,4,3,2,0
CUST-10791,Customer 792,+91-98765-10791,user792@example.com,Central,Prepaid Unlimited,Month-to-Month,UPI/Credit Card,31,656.21,18384.12,840.9,815.2,790.2,80.1,77.7,75.3,4,4,4,2,2,1,0
CUST-10792,Customer 793,+91-98765-10792,user793@example.com,West,Postpaid Standard,Month-to-Month,Electronic Check,14,338.54,5028.33,481.8,478.1,474.5,54.3,53.9,53.5,3,3,3,1,1,0,0
CUST-10793,Customer 794,+91-98765-10793,user794@example.com,South,Postpaid Standard,Month-to-Month,Auto-Debit,29,1007.15,27092.12,74.1,92.4,115.2,18.1,22.6,28.2,2,3,4,4,2,1,1
CUST-10794,Customer 795,+91-98765-10794,user795@example.com,West,Prepaid Basic,Month-to-Month,Electronic Check,51,927.99,49939.75,331.8,466.6,656.2,18.6,26.2,36.8,1,1,1,7,3,2,0
CUST-10795,Customer 796,+91-98765-10795,user796@example.com,South,Postpaid Standard,Month-to-Month,Electronic Check,49,638.6,33153.5,158.5,157.6,156.8,87.9,87.5,87.0,1,1,1,2,1,0,0
CUST-10796,Customer 797,+91-98765-10796,user797@example.com,Central,Prepaid Unlimited,Month-to-Month,Auto-Debit,43,344.57,14928.88,182.6,189.7,197.1,50.9,52.8,54.9,3,3,4,1,1,1,0
CUST-10797,Customer 798,+91-98765-10797,user798@example.com,South,Prepaid Unlimited,Two Year,Electronic Check,5,1492.51,7178.5,663.6,674.3,685.2,53.5,54.3,55.2,1,1,2,3,2,2,0
CUST-10798,Customer 799,+91-98765-10798,user799@example.com,East,Prepaid Basic,Month-to-Month,UPI/Credit Card,42,877.38,34233.85,128.8,221.6,381.2,32.5,56.0,96.3,1,1,3,2,0,0,0
CUST-10799,Customer 800,+91-98765-10799,user800@example.com,East,Prepaid Basic,Month-to-Month,Mailed Check,7,1206.21,8843.36,223.0,303.6,413.2,19.2,26.1,35.5,2,2,4,6,1,0,1
CUST-10800,Customer 801,+91-98765-10800,user801@example.com,East,Postpaid Standard,Month-to-Month,Mailed Check,42,841.78,36071.66,221.9,345.6,538.1,20.9,32.5,50.6,1,1,3,5,2,2,1
CUST-10801,Customer 802,+91-98765-10801,user802@example.com,East,Prepaid Unlimited,Month-to-Month,Electronic Check,36,350.8,13021.44,1013.8,997.1,980.7,84.9,83.5,82.1,5,5,5,3,2,1,0
CUST-10802,Customer 803,+91-98765-10802,user803@example.com,West,Prepaid Unlimited,Month-to-Month,Auto-Debit,27,670.52,16325.03,320.4,557.2,968.9,25.5,44.3,77.1,1,2,4,7,2,1,1
CUST-10803,Customer 804,+91-98765-10803,user804@example.com,Central,Postpaid Standard,Month-to-Month,Auto-Debit,58,683.13,43009.32,486.9,480.7,474.6,31.1,30.7,30.3,2,2,2,2,2,1,0
CUST-10804,Customer 805,+91-98765-10804,user805@example.com,South,Postpaid Standard,Month-to-Month,UPI/Credit Card,46,1305.02,54823.72,170.4,240.3,338.9,9.8,13.8,19.4,2,3,5,3,1,0,1
CUST-10805,Customer 806,+91-98765-10805,user806@example.com,South,Prepaid Basic,One Year,Auto-Debit,66,1084.08,69643.29,395.5,383.7,372.3,76.1,73.8,71.6,4,4,4,0,0,0,0
CUST-10806,Customer 807,+91-98765-10806,user807@example.com,East,Prepaid Unlimited,Two Year,Auto-Debit,25,629.52,15431.78,344.1,343.0,341.9,29.7,29.6,29.5,1,1,1,1,1,1,0
CUST-10807,Customer 808,+91-98765-10807,user808@example.com,East,Prepaid Basic,Two Year,UPI/Credit Card,27,1460.29,35495.74,561.9,570.4,579.0,90.0,91.3,92.7,3,3,4,1,0,0,0
CUST-10808,Customer 809,+91-98765-10808,user809@example.com,North,Postpaid Standard,One Year,Electronic Check,1,684.85,684.45,613.0,629.4,646.2,16.4,16.8,17.3,1,1,1,1,1,0,0
CUST-10809,Customer 810,+91-98765-10809,user810@example.com,Central,Prepaid Unlimited,Month-to-Month,Mailed Check,42,1496.88,66047.73,277.9,387.4,539.9,18.1,25.3,35.2,1,1,1,7,3,2,1
CUST-10810,Customer 811,+91-98765-10810,user811@example.com,West,Postpaid Premium,Two Year,UPI/Credit Card,52,1494.4,82732.96,470.4,468.8,467.2,10.3,10.2,10.2,4,4,4,2,1,1,0
CUST-10811,Customer 812,+91-98765-10811,user812@example.com,South,Prepaid Basic,Two Year,Electronic Check,25,528.45,14213.71,312.7,301.3,290.2,77.4,74.5,71.8,4,4,4,3,2,1,0
CUST-10812,Customer 813,+91-98765-10812,user813@example.com,North,Prepaid Basic,Month-to-Month,UPI/Credit Card,54,674.29,36322.22,535.9,535.1,534.3,90.0,89.8,89.7,1,1,1,1,1,1,0
CUST-10813,Customer 814,+91-98765-10813,user814@example.com,North,Prepaid Basic,One Year,Electronic Check,67,882.25,60655.15,426.5,416.6,407.0,68.5,66.9,65.4,3,3,3,0,0,0,0
CUST-10814,Customer 815,+91-98765-10814,user815@example.com,South,Prepaid Basic,Month-to-Month,UPI/Credit Card,6,1095.92,6022.54,398.3,483.7,587.4,63.8,77.5,94.1,3,4,5,2,0,0,1
CUST-10815,Customer 816,+91-98765-10815,user816@example.com,West,Prepaid Basic,One Year,Electronic Check,58,932.66,53964.87,700.4,704.0,707.7,17.0,17.1,17.2,1,1,2,2,1,0,0
CUST-10816,Customer 817,+91-98765-10816,user817@example.com,North,Postpaid Premium,Two Year,UPI/Credit Card,70,1462.33,95296.27,646.5,658.1,670.0,12.8,13.1,13.3,3,3,4,1,1,1,0
CUST-10817,Customer 818,+91-98765-10817,user818@example.com,North,Prepaid Basic,Month-to-Month,Electronic Check,53,1167.79,60279.24,311.2,400.8,516.2,51.0,65.7,84.6,3,3,5,3,1,0,0
CUST-10818,Customer 819,+91-98765-10818,user819@example.com,Central,Prepaid Basic,Two Year,UPI/Credit Card,66,553.45,35280.68,590.4,595.4,600.4,84.9,85.6,86.3,4,4,5,2,1,1,0
CUST-10819,Customer 820,+91-98765-10819,user820@example.com,West,Postpaid Standard,One Year,Mailed Check,58,425.12,24279.91,375.2,365.7,356.4,88.3,86.1,83.9,3,3,3,1,1,0,0
CUST-10820,Customer 821,+91-98765-10820,user821@example.com,North,Prepaid Unlimited,Two Year,Mailed Check,2,1125.08,2282.4,119.2,120.5,121.8,79.2,80.0,80.9,4,4,5,3,2,1,0
CUST-10821,Customer 822,+91-98765-10821,user822@example.com,West,Postpaid Standard,Month-to-Month,Auto-Debit,22,489.14,11628.16,682.4,672.4,662.5,40.6,40.0,39.4,4,4,4,2,2,2,0
CUST-10822,Customer 823,+91-98765-10822,user823@example.com,South,Prepaid Basic,One Year,Electronic Check,37,1244.21,45064.27,344.2,335.7,327.3,27.0,26.4,25.7,5,5,5,2,1,0,0
CUST-10823,Customer 824,+91-98765-10823,user824@example.com,East,Prepaid Unlimited,Month-to-Month,UPI/Credit Card,20,672.24,14738.54,677.2,689.5,702.1,89.9,91.5,93.2,3,3,4,2,2,1,0
CUST-10824,Customer 825,+91-98765-10824,user825@example.com,North,Prepaid Basic,Month-to-Month,Electronic Check,24,691.27,17449.96,818.3,794.9,772.3,36.2,35.2,34.2,4,4,4,3,3,2,0
CUST-10825,Customer 826,+91-98765-10825,user826@example.com,Central,Prepaid Basic,Month-to-Month,Mailed Check,65,311.96,20323.96,894.5,909.3,924.3,41.4,42.1,42.8,1,1,1,3,2,2,0
CUST-10826,Customer 827,+91-98765-10826,user827@example.com,South,Postpaid Premium,Two Year,Electronic Check,65,1140.21,76248.51,915.4,938.5,962.3,68.0,69.7,71.5,2,2,3,2,1,0,0
CUST-10827,Customer 828,+91-98765-10827,user828@example.com,West,Prepaid Basic,One Year,UPI/Credit Card,1,434.92,400.32,103.4,106.4,109.5,31.1,32.0,32.9,1,1,2,2,1,1,0
CUST-10828,Customer 829,+91-98765-10828,user829@example.com,South,Prepaid Unlimited,Two Year,Electronic Check,3,1226.46,3932.91,931.8,961.1,991.3,77.8,80.3,82.8,1,1,1,1,0,0,0
CUST-10829,Customer 830,+91-98765-10829,user830@example.com,North,Prepaid Unlimited,Two Year,UPI/Credit Card,46,889.24,41578.81,748.6,731.5,714.7,12.3,12.0,11.7,2,2,2,4,3,2,0
CUST-10830,Customer 831,+91-98765-10830,user831@example.com,West,Prepaid Unlimited,Month-to-Month,Mailed Check,55,1240.14,74838.41,225.0,390.9,679.2,26.6,46.2,80.2,1,2,4,2,0,0,1
CUST-10831,Customer 832,+91-98765-10831,user832@example.com,East,Postpaid Standard,Month-to-Month,Mailed Check,64,999.71,65727.22,39.6,67.1,113.7,21.7,36.7,62.2,1,1,1,3,1,1,0
CUST-10832,Customer 833,+91-98765-10832,user833@example.com,South,Prepaid Basic,Month-to-Month,Mailed Check,45,397.92,19102.95,802.5,838.0,875.1,54.5,56.9,59.4,4,4,5,2,2,2,0
CUST-10833,Customer 834,+91-98765-10833,user834@example.com,North,Prepaid Unlimited,Month-to-Month,Auto-Debit,26,1217.78,33560.51,75.5,132.1,230.9,15.9,27.7,48.5,1,2,5,4,0,0,1
CUST-10834,Customer 835,+91-98765-10834,user835@example.com,Central,Postpaid Premium,Month-to-Month,Mailed Check,65,382.76,24110.43,880.5,867.0,853.6,32.3,31.8,31.3,2,2,2,0,0,0,0
CUST-10835,Customer 836,+91-98765-10835,user836@example.com,West,Prepaid Unlimited,Month-to-Month,Electronic Check,24,873.44,19954.72,47.0,73.2,114.0,20.3,31.5,49.1,1,2,4,3,1,0,0
CUST-10836,Customer 837,+91-98765-10836,user837@example.com,South,Postpaid Premium,Month-to-Month,Auto-Debit,35,505.82,17457.6,688.1,684.7,681.4,48.3,48.0,47.8,2,2,2,1,1,0,0
CUST-10837,Customer 838,+91-98765-10837,user838@example.com,South,Prepaid Basic,Month-to-Month,Mailed Check,24,1201.8,28654.23,299.4,383.5,491.3,36.9,47.2,60.5,1,2,3,2,0,0,0
CUST-10838,Customer 839,+91-98765-10838,user839@example.com,East,Prepaid Unlimited,Month-to-Month,Electronic Check,28,1392.91,36974.06,182.0,226.0,280.7,20.6,25.5,31.7,3,4,5,7,2,2,1
CUST-10839,Customer 840,+91-98765-10839,user840@example.com,East,Prepaid Basic,Month-to-Month,Electronic Check,16,963.95,16640.39,75.9,122.2,196.8,4.8,7.7,12.4,1,1,1,6,3,2,1
CUST-10840,Customer 841,+91-98765-10840,user841@example.com,Central,Postpaid Standard,Two Year,Electronic Check,59,931.58,55430.93,476.1,486.0,496.1,18.0,18.4,18.8,1,1,1,2,2,1,0
CUST-10841,Customer 842,+91-98765-10841,user842@example.com,Central,Postpaid Premium,One Year,UPI/Credit Card,54,1215.76,71933.11,231.2,220.9,211.0,78.2,74.7,71.4,1,1,1,2,1,0,0
CUST-10842,Customer 843,+91-98765-10842,user843@example.com,North,Prepaid Basic,Two Year,Auto-Debit,16,305.09,5184.11,505.9,521.6,537.8,6.7,6.9,7.1,4,4,5,1,1,1,0
CUST-10843,Customer 844,+91-98765-10843,user844@example.com,North,Prepaid Unlimited,Month-to-Month,Electronic Check,15,1400.31,21238.66,281.0,431.5,662.7,36.6,56.3,86.4,1,2,4,4,2,2,1
CUST-10844,Customer 845,+91-98765-10844,user845@example.com,Central,Prepaid Basic,Month-to-Month,UPI/Credit Card,11,535.94,6422.43,503.7,652.2,844.6,42.3,54.8,71.0,2,3,5,3,1,0,1
CUST-10845,Customer 846,+91-98765-10845,user846@example.com,Central,Prepaid Unlimited,One Year,Mailed Check,65,1479.94,96289.89,739.6,725.0,710.8,81.2,79.6,78.0,5,5,5,1,1,1,0
CUST-10846,Customer 847,+91-98765-10846,user847@example.com,West,Prepaid Unlimited,Month-to-Month,Electronic Check,68,1182.5,86635.45,104.9,129.1,158.7,55.8,68.6,84.4,1,1,1,3,1,0,1
CUST-10847,Customer 848,+91-98765-10847,user848@example.com,East,Postpaid Premium,Month-to-Month,UPI/Credit Card,43,1228.1,51310.07,123.7,215.8,376.7,5.5,9.6,16.7,1,2,5,5,1,0,1
CUST-10848,Customer 849,+91-98765-10848,user849@example.com,North,Prepaid Unlimited,Month-to-Month,Electronic Check,69,1086.44,73144.86,161.9,241.1,359.2,37.4,55.8,83.1,1,1,1,3,1,1,1
CUST-10849,Customer 850,+91-98765-10849,user850@example.com,East,Prepaid Unlimited,Month-to-Month,Auto-Debit,13,865.0,11060.88,307.0,532.5,923.5,17.6,30.5,52.9,1,2,4,8,3,2,1
CUST-10850,Customer 851,+91-98765-10850,user851@example.com,East,Prepaid Basic,Month-to-Month,Auto-Debit,10,984.95,9941.35,535.3,686.7,881.0,54.1,69.5,89.1,1,2,3,7,2,1,1
CUST-10851,Customer 852,+91-98765-10851,user852@example.com,Central,Prepaid Basic,Month-to-Month,Mailed Check,41,354.68,14697.45,415.8,424.4,433.1,85.6,87.4,89.2,1,1,1,2,2,1,0
CUST-10852,Customer 853,+91-98765-10852,user853@example.com,West,Prepaid Basic,One Year,Electronic Check,50,1047.75,52349.77,173.8,168.8,164.0,7.7,7.5,7.3,2,2,2,2,2,1,0
CUST-10853,Customer 854,+91-98765-10853,user854@example.com,South,Prepaid Basic,Month-to-Month,UPI/Credit Card,71,1050.32,71679.31,463.3,647.4,904.7,21.2,29.6,41.4,1,2,3,3,1,0,1
CUST-10854,Customer 855,+91-98765-10854,user855@example.com,West,Postpaid Standard,Month-to-Month,Mailed Check,59,1368.44,87636.32,611.0,741.3,899.4,37.4,45.3,55.0,2,3,4,7,2,2,1
CUST-10855,Customer 856,+91-98765-10855,user856@example.com,West,Prepaid Unlimited,One Year,Electronic Check,39,905.79,35951.69,826.9,847.8,869.3,66.0,67.7,69.4,2,2,3,4,3,2,0
CUST-10856,Customer 857,+91-98765-10856,user857@example.com,East,Prepaid Unlimited,Month-to-Month,Mailed Check,3,391.57,1153.03,414.6,597.3,860.6,15.5,22.3,32.2,1,1,1,5,0,0,1
CUST-10857,Customer 858,+91-98765-10857,user858@example.com,West,Prepaid Basic,Month-to-Month,UPI/Credit Card,7,666.44,4806.13,307.5,404.5,532.2,16.8,22.0,29.0,2,3,4,5,2,2,1
CUST-10858,Customer 859,+91-98765-10858,user859@example.com,North,Postpaid Standard,Two Year,Mailed Check,49,1085.76,56053.53,257.6,258.7,259.7,40.9,41.0,41.2,1,1,2,2,2,1,0
CUST-10859,Customer 860,+91-98765-10859,user860@example.com,East,Postpaid Standard,Month-to-Month,Mailed Check,26,586.11,16643.05,248.2,362.6,529.7,24.6,36.0,52.6,1,1,1,6,3,2,1
CUST-10860,Customer 861,+91-98765-10860,user861@example.com,North,Prepaid Basic,Month-to-Month,Mailed Check,33,635.63,20973.9,561.0,553.0,545.1,98.2,96.8,95.4,1,1,1,1,1,0,0
CUST-10861,Customer 862,+91-98765-10861,user862@example.com,South,Postpaid Standard,Month-to-Month,Electronic Check,48,1283.56,56831.09,187.8,318.7,540.9,26.9,45.6,77.4,1,2,4,4,2,2,1
CUST-10862,Customer 863,+91-98765-10862,user863@example.com,East,Prepaid Unlimited,Month-to-Month,UPI/Credit Card,2,1000.18,1976.66,341.3,446.8,584.9,26.7,35.0,45.8,2,3,4,2,0,0,1
CUST-10863,Customer 864,+91-98765-10863,user864@example.com,South,Prepaid Basic,Month-to-Month,Auto-Debit,71,909.23,64283.82,145.8,220.0,331.9,4.5,6.8,10.2,1,1,3,4,1,1,1
CUST-10864,Customer 865,+91-98765-10864,user865@example.com,East,Prepaid Unlimited,One Year,Electronic Check,32,681.14,23527.09,428.0,428.8,429.6,20.9,21.0,21.0,1,1,2,2,1,0,0
CUST-10865,Customer 866,+91-98765-10865,user866@example.com,Central,Prepaid Unlimited,Month-to-Month,Auto-Debit,4,1176.11,4605.46,223.1,330.9,490.8,22.0,32.6,48.3,1,2,3,6,3,2,1
CUST-10866,Customer 867,+91-98765-10866,user867@example.com,West,Prepaid Basic,Month-to-Month,Auto-Debit,20,644.26,14053.43,217.8,217.9,218.0,82.2,82.3,82.3,2,2,3,3,2,1,0
CUST-10867,Customer 868,+91-98765-10867,user868@example.com,Central,Postpaid Premium,Month-to-Month,Electronic Check,36,1183.48,42478.59,352.9,424.2,509.8,28.5,34.3,41.2,1,1,1,6,3,2,1
CUST-10868,Customer 869,+91-98765-10868,user869@example.com,South,Postpaid Standard,Month-to-Month,Electronic Check,32,383.12,13421.53,379.1,560.8,829.4,25.7,38.0,56.2,1,2,4,5,1,0,1
CUST-10869,Customer 870,+91-98765-10869,user870@example.com,West,Prepaid Unlimited,One Year,UPI/Credit Card,28,1336.45,33739.9,767.5,805.4,845.3,81.4,85.5,89.7,1,1,1,2,1,1,0
CUST-10870,Customer 871,+91-98765-10870,user871@example.com,East,Prepaid Unlimited,Month-to-Month,UPI/Credit Card,1,898.48,970.15,237.0,333.9,470.4,46.3,65.2,91.8,1,1,2,2,0,0,1
CUST-10871,Customer 872,+91-98765-10871,user872@example.com,West,Prepaid Unlimited,Month-to-Month,Mailed Check,60,825.21,53781.78,332.7,434.3,566.9,15.0,19.5,25.5,1,2,3,4,2,2,1
CUST-10872,Customer 873,+91-98765-10872,user873@example.com,North,Prepaid Unlimited,Month-to-Month,Auto-Debit,56,1032.23,63134.73,41.5,73.5,130.3,2.9,5.1,9.1,1,1,2,3,1,0,0
CUST-10873,Customer 874,+91-98765-10873,user874@example.com,West,Prepaid Unlimited,Month-to-Month,UPI/Credit Card,35,1048.03,33108.88,369.7,511.3,707.0,17.8,24.6,34.0,2,2,4,7,3,2,1
CUST-10874,Customer 875,+91-98765-10874,user875@example.com,North,Prepaid Basic,Month-to-Month,Mailed Check,30,457.44,12822.14,423.2,443.2,464.1,64.8,67.9,71.1,3,3,4,3,2,2,0
CUST-10875,Customer 876,+91-98765-10875,user876@example.com,West,Prepaid Unlimited,One Year,UPI/Credit Card,54,1206.48,67153.47,508.8,504.8,500.9,96.9,96.1,95.4,5,5,5,3,2,1,0
CUST-10876,Customer 877,+91-98765-10876,user877@example.com,North,Postpaid Standard,Month-to-Month,Electronic Check,36,630.11,20531.13,466.8,643.2,886.3,6.5,8.9,12.3,1,1,2,5,1,1,1
CUST-10877,Customer 878,+91-98765-10877,user878@example.com,South,Prepaid Unlimited,Month-to-Month,UPI/Credit Card,55,1384.95,69524.07,321.2,407.0,515.7,4.8,6.1,7.7,1,1,1,5,1,0,1
CUST-10878,Customer 879,+91-98765-10878,user879@example.com,Central,Prepaid Basic,Month-to-Month,Auto-Debit,58,1280.42,70121.58,62.5,86.2,119.1,46.7,64.4,89.0,1,1,2,8,3,2,0
CUST-10879,Customer 880,+91-98765-10879,user880@example.com,East,Postpaid Standard,One Year,UPI/Credit Card,65,714.52,46559.35,292.9,298.7,304.7,73.1,74.6,76.1,2,2,3,4,3,2,0
CUST-10880,Customer 881,+91-98765-10880,user881@example.com,West,Prepaid Basic,Month-to-Month,Auto-Debit,69,1268.29,88315.42,329.6,417.2,528.1,62.0,78.4,99.3,2,3,4,4,2,1,1
CUST-10881,Customer 882,+91-98765-10881,user882@example.com,Central,Prepaid Basic,One Year,Electronic Check,51,726.67,33608.1,454.9,468.3,482.0,40.3,41.5,42.7,3,3,4,1,1,1,0
CUST-10882,Customer 883,+91-98765-10882,user883@example.com,East,Prepaid Basic,One Year,Auto-Debit,22,420.14,8633.72,915.1,894.5,874.3,46.6,45.5,44.5,2,2,2,3,2,1,0
CUST-10883,Customer 884,+91-98765-10883,user884@example.com,East,Prepaid Unlimited,Two Year,UPI/Credit Card,53,1453.27,77018.78,590.0,589.0,587.9,21.5,21.4,21.4,2,2,2,2,1,1,0
CUST-10884,Customer 885,+91-98765-10884,user885@example.com,North,Postpaid Standard,Month-to-Month,Mailed Check,36,1082.12,39688.24,486.7,592.3,720.7,10.8,13.1,16.0,1,1,2,2,0,0,1
CUST-10885,Customer 886,+91-98765-10885,user886@example.com,South,Prepaid Unlimited,Month-to-Month,Electronic Check,68,846.32,53502.88,363.1,435.5,522.4,41.7,50.0,60.0,2,2,3,3,0,0,0
CUST-10886,Customer 887,+91-98765-10886,user887@example.com,South,Prepaid Basic,One Year,UPI/Credit Card,36,776.33,27382.45,456.0,475.4,495.7,36.4,38.0,39.6,2,2,3,0,0,0,0
CUST-10887,Customer 888,+91-98765-10887,user888@example.com,Central,Postpaid Standard,Two Year,Electronic Check,52,688.65,38706.11,517.7,509.6,501.7,13.0,12.8,12.6,1,1,1,0,0,0,0
CUST-10888,Customer 889,+91-98765-10888,user889@example.com,South,Postpaid Standard,Two Year,Electronic Check,53,1476.74,86076.71,476.0,472.9,469.8,90.5,89.9,89.3,2,2,2,2,2,1,0
CUST-10889,Customer 890,+91-98765-10889,user890@example.com,West,Postpaid Standard,Month-to-Month,UPI/Credit Card,50,460.7,25279.6,239.3,374.1,584.7,9.7,15.2,23.8,1,1,1,5,0,0,1
CUST-10890,Customer 891,+91-98765-10890,user891@example.com,South,Prepaid Basic,Month-to-Month,UPI/Credit Card,41,676.77,29865.68,134.5,209.2,325.4,31.5,48.9,76.1,2,3,5,5,0,0,1
CUST-10891,Customer 892,+91-98765-10891,user892@example.com,Central,Prepaid Unlimited,Month-to-Month,Mailed Check,18,881.6,15534.48,506.6,676.0,901.9,17.9,23.8,31.8,1,2,3,2,0,0,1
CUST-10892,Customer 893,+91-98765-10892,user893@example.com,South,Postpaid Premium,One Year,Electronic Check,22,872.6,19913.54,381.9,390.7,399.8,78.5,80.3,82.2,3,3,4,2,1,1,0
CUST-10893,Customer 894,+91-98765-10893,user894@example.com,West,Postpaid Standard,Month-to-Month,Electronic Check,66,864.64,56114.29,160.1,193.1,232.8,11.1,13.4,16.2,3,4,5,5,2,2,0
CUST-10894,Customer 895,+91-98765-10894,user895@example.com,North,Prepaid Basic,Month-to-Month,UPI/Credit Card,21,509.94,11026.85,179.9,183.4,186.9,73.9,75.3,76.8,3,3,4,2,2,1,0
CUST-10895,Customer 896,+91-98765-10895,user896@example.com,Central,Prepaid Basic,One Year,Auto-Debit,44,472.92,20015.4,121.6,116.7,112.1,15.5,14.9,14.3,5,5,5,3,2,2,0
CUST-10896,Customer 897,+91-98765-10896,user897@example.com,North,Prepaid Unlimited,Month-to-Month,UPI/Credit Card,47,604.72,29025.53,484.1,482.4,480.6,47.8,47.7,47.5,1,1,1,3,3,2,0
CUST-10897,Customer 898,+91-98765-10897,user898@example.com,North,Postpaid Premium,Two Year,Electronic Check,39,1396.43,54719.55,279.3,274.0,268.8,77.6,76.2,74.7,1,1,1,1,0,0,0
CUST-10898,Customer 899,+91-98765-10898,user899@example.com,North,Prepaid Unlimited,Month-to-Month,UPI/Credit Card,29,434.66,11406.34,109.5,114.4,119.5,19.7,20.6,21.5,2,2,3,1,1,0,0
CUST-10899,Customer 900,+91-98765-10899,user900@example.com,East,Prepaid Unlimited,Month-to-Month,Mailed Check,54,1207.91,69019.48,311.1,420.3,568.0,17.6,23.8,32.1,2,2,4,6,1,0,1
CUST-10900,Customer 901,+91-98765-10900,user901@example.com,East,Prepaid Basic,Month-to-Month,Auto-Debit,17,1208.06,18532.19,380.1,520.2,712.0,46.5,63.7,87.2,2,3,5,6,2,1,1
CUST-10901,Customer 902,+91-98765-10901,user902@example.com,North,Prepaid Unlimited,One Year,UPI/Credit Card,60,1270.72,73089.11,170.4,173.8,177.2,85.7,87.4,89.1,1,1,2,3,2,1,0
CUST-10902,Customer 903,+91-98765-10902,user903@example.com,Central,Postpaid Standard,Month-to-Month,Mailed Check,31,1362.94,38076.09,282.0,381.0,514.8,5.1,6.9,9.3,1,1,2,6,1,0,1
CUST-10903,Customer 904,+91-98765-10903,user904@example.com,West,Prepaid Unlimited,Month-to-Month,Electronic Check,49,614.64,29371.66,779.9,774.6,769.3,21.3,21.1,21.0,3,3,3,3,2,1,0
CUST-10904,Customer 905,+91-98765-10904,user905@example.com,West,Postpaid Standard,Two Year,UPI/Credit Card,2,568.47,1037.61,962.4,974.7,987.2,15.8,16.0,16.2,3,3,4,3,2,1,0
CUST-10905,Customer 906,+91-98765-10905,user906@example.com,South,Postpaid Premium,Month-to-Month,Electronic Check,48,857.61,44569.74,313.1,468.3,700.5,9.9,14.8,22.1,1,1,2,6,2,2,1
CUST-10906,Customer 907,+91-98765-10906,user907@example.com,Central,Prepaid Basic,Month-to-Month,Mailed Check,14,617.11,8493.84,298.8,309.4,320.4,90.7,93.9,97.2,2,2,3,2,2,1,0
CUST-10907,Customer 908,+91-98765-10907,user908@example.com,East,Prepaid Unlimited,Month-to-Month,Electronic Check,59,1180.17,69065.97,307.9,478.9,744.9,23.7,36.9,57.4,1,1,3,6,2,2,1
CUST-10908,Customer 909,+91-98765-10908,user909@example.com,North,Prepaid Basic,Month-to-Month,Mailed Check,58,1062.13,59753.59,441.1,530.5,638.1,34.2,41.2,49.5,2,3,4,3,0,0,1
CUST-10909,Customer 910,+91-98765-10909,user910@example.com,South,Postpaid Standard,One Year,Mailed Check,58,1348.99,80236.67,294.3,292.5,290.6,99.8,99.1,98.5,2,2,2,1,1,1,0
CUST-10910,Customer 911,+91-98765-10910,user911@example.com,West,Prepaid Unlimited,Month-to-Month,Mailed Check,51,398.29,21468.21,891.8,878.8,866.0,59.6,58.8,57.9,2,2,2,3,3,2,0
CUST-10911,Customer 912,+91-98765-10911,user912@example.com,East,Prepaid Unlimited,Month-to-Month,UPI/Credit Card,2,1397.1,2876.99,315.5,391.1,484.7,44.1,54.7,67.8,1,1,2,5,1,1,0
CUST-10912,Customer 913,+91-98765-10912,user913@example.com,East,Postpaid Standard,Month-to-Month,Electronic Check,41,651.02,28016.84,941.1,953.4,965.8,35.7,36.1,36.6,1,1,1,3,3,2,0
CUST-10913,Customer 914,+91-98765-10913,user914@example.com,North,Prepaid Unlimited,One Year,Electronic Check,16,887.83,15358.67,687.9,718.6,750.6,37.9,39.5,41.3,1,1,2,4,3,2,0
CUST-10914,Customer 915,+91-98765-10914,user915@example.com,West,Postpaid Premium,Month-to-Month,Auto-Debit,4,825.33,3541.36,359.4,494.4,680.1,32.5,44.7,61.5,2,3,5,6,2,1,1
CUST-10915,Customer 916,+91-98765-10915,user916@example.com,Central,Prepaid Unlimited,Month-to-Month,Auto-Debit,12,1211.37,15042.48,236.3,422.5,755.5,3.6,6.5,11.6,1,1,1,3,0,0,1
CUST-10916,Customer 917,+91-98765-10916,user917@example.com,East,Prepaid Basic,Month-to-Month,Auto-Debit,29,803.4,21968.89,350.6,431.2,530.3,19.4,23.8,29.3,1,1,1,5,2,2,1
CUST-10917,Customer 918,+91-98765-10917,user918@example.com,North,Prepaid Unlimited,Month-to-Month,Auto-Debit,7,1431.26,10294.74,175.1,311.7,554.7,7.5,13.3,23.7,1,1,1,3,1,0,0
CUST-10918,Customer 919,+91-98765-10918,user919@example.com,Central,Postpaid Standard,Month-to-Month,Electronic Check,14,1382.04,19372.1,438.3,616.1,866.1,3.3,4.6,6.5,1,1,1,6,2,1,1
CUST-10919,Customer 920,+91-98765-10919,user920@example.com,West,Prepaid Unlimited,Month-to-Month,Mailed Check,12,1345.59,16848.57,227.8,403.0,712.8,17.9,31.7,56.0,1,1,3,7,2,1,1
CUST-10920,Customer 921,+91-98765-10920,user921@example.com,East,Postpaid Standard,One Year,Mailed Check,5,384.51,2050.57,819.0,862.1,907.5,52.6,55.4,58.3,4,4,5,1,1,0,0
CUST-10921,Customer 922,+91-98765-10921,user922@example.com,Central,Postpaid Premium,Month-to-Month,UPI/Credit Card,32,1324.11,44428.42,590.5,729.7,901.7,27.2,33.6,41.5,2,3,4,3,1,1,1
CUST-10922,Customer 923,+91-98765-10922,user923@example.com,Central,Prepaid Basic,Two Year,Mailed Check,43,1236.96,56875.95,914.4,946.0,978.8,28.5,29.5,30.5,1,1,2,2,2,2,0
CUST-10923,Customer 924,+91-98765-10923,user924@example.com,Central,Postpaid Premium,Two Year,Electronic Check,69,423.22,26654.97,688.0,708.8,730.2,63.0,64.9,66.9,1,1,1,0,0,0,0
CUST-10924,Customer 925,+91-98765-10924,user925@example.com,East,Prepaid Basic,Month-to-Month,Electronic Check,45,427.9,17451.72,581.2,566.5,552.1,18.7,18.3,17.8,4,4,4,2,1,1,0
CUST-10925,Customer 926,+91-98765-10925,user926@example.com,East,Prepaid Basic,Month-to-Month,Electronic Check,9,420.4,3600.85,154.3,196.3,249.7,33.6,42.7,54.3,1,2,3,6,1,1,1
CUST-10926,Customer 927,+91-98765-10926,user927@example.com,South,Prepaid Basic,Month-to-Month,UPI/Credit Card,49,312.6,16544.83,751.9,743.3,734.8,79.8,78.9,78.0,4,4,4,1,1,0,0
CUST-10927,Customer 928,+91-98765-10927,user928@example.com,West,Postpaid Standard,One Year,Auto-Debit,33,957.36,33637.95,390.3,376.1,362.4,22.2,21.4,20.6,1,1,1,3,3,2,0
CUST-10928,Customer 929,+91-98765-10928,user929@example.com,North,Prepaid Unlimited,Month-to-Month,Mailed Check,18,1467.07,27372.33,233.7,287.9,354.7,50.5,62.2,76.6,3,4,5,3,0,0,1
CUST-10929,Customer 930,+91-98765-10929,user930@example.com,Central,Prepaid Basic,Month-to-Month,Electronic Check,9,825.42,7727.06,158.2,223.1,314.5,38.9,54.8,77.3,2,2,4,7,2,1,1
CUST-10930,Customer 931,+91-98765-10930,user931@example.com,South,Prepaid Unlimited,Month-to-Month,Electronic Check,62,947.91,61434.72,510.6,673.2,887.6,6.2,8.1,10.7,1,1,1,6,1,1,1
CUST-10931,Customer 932,+91-98765-10931,user932@example.com,North,Prepaid Unlimited,One Year,Auto-Debit,57,1460.56,90621.42,869.6,875.4,881.2,6.7,6.8,6.8,1,1,1,2,1,0,0
CUST-10932,Customer 933,+91-98765-10932,user933@example.com,South,Prepaid Basic,One Year,Electronic Check,29,605.22,18717.46,613.7,640.2,667.9,89.6,93.5,97.5,1,1,2,4,3,2,0
CUST-10933,Customer 934,+91-98765-10933,user934@example.com,East,Postpaid Standard,Month-to-Month,Mailed Check,25,1329.16,34049.03,193.1,318.6,525.7,8.6,14.2,23.4,1,1,2,7,3,2,1
CUST-10934,Customer 935,+91-98765-10934,user935@example.com,Central,Postpaid Standard,One Year,UPI/Credit Card,15,954.67,14794.66,681.9,693.3,704.9,80.4,81.7,83.1,4,4,5,2,2,2,0
CUST-10935,Customer 936,+91-98765-10935,user936@example.com,North,Prepaid Unlimited,Month-to-Month,Electronic Check,6,982.37,5556.76,236.5,391.0,646.5,21.4,35.3,58.4,1,1,2,4,0,0,1
CUST-10936,Customer 937,+91-98765-10936,user937@example.com,North,Postpaid Premium,Month-to-Month,Mailed Check,42,710.81,30793.34,196.2,305.0,474.2,12.5,19.4,30.1,2,3,5,7,2,2,1
CUST-10937,Customer 938,+91-98765-10937,user938@example.com,North,Prepaid Unlimited,Two Year,Electronic Check,29,972.9,27789.08,445.2,443.4,441.7,17.4,17.4,17.3,3,3,3,4,3,2,0
CUST-10938,Customer 939,+91-98765-10938,user939@example.com,North,Postpaid Premium,Month-to-Month,Auto-Debit,4,386.77,1439.7,218.3,311.5,444.5,25.6,36.6,52.2,1,2,3,6,3,2,1
CUST-10939,Customer 940,+91-98765-10939,user940@example.com,North,Prepaid Unlimited,Month-to-Month,Electronic Check,57,1216.57,73593.96,283.6,422.8,630.2,19.7,29.3,43.7,1,1,2,5,3,2,1
CUST-10940,Customer 941,+91-98765-10940,user941@example.com,South,Prepaid Unlimited,Month-to-Month,Electronic Check,49,640.63,31455.2,664.2,673.5,682.9,69.4,70.4,71.4,2,2,3,2,2,1,0
CUST-10941,Customer 942,+91-98765-10941,user942@example.com,Central,Prepaid Basic,Two Year,UPI/Credit Card,44,1364.13,65752.89,464.5,485.1,506.6,83.4,87.0,90.9,3,3,4,2,1,0,0
CUST-10942,Customer 943,+91-98765-10942,user943@example.com,East,Postpaid Standard,One Year,Auto-Debit,14,740.42,9913.26,964.9,968.4,971.8,80.9,81.2,81.5,3,3,4,1,0,0,0
CUST-10943,Customer 944,+91-98765-10943,user944@example.com,East,Prepaid Unlimited,One Year,Auto-Debit,3,470.39,1405.71,187.5,181.4,175.5,33.2,32.1,31.1,4,4,4,2,2,2,0
CUST-10944,Customer 945,+91-98765-10944,user945@example.com,East,Prepaid Basic,One Year,UPI/Credit Card,62,1134.06,69580.41,393.4,402.7,412.3,84.4,86.4,88.5,2,2,3,2,1,0,0
CUST-10945,Customer 946,+91-98765-10945,user946@example.com,East,Prepaid Basic,Month-to-Month,Electronic Check,64,496.49,29365.39,502.5,489.7,477.2,88.7,86.4,84.2,4,4,4,1,0,0,0
CUST-10946,Customer 947,+91-98765-10946,user947@example.com,South,Prepaid Unlimited,Month-to-Month,Mailed Check,45,1203.42,53353.67,55.0,79.6,115.2,44.5,64.5,93.3,2,3,5,4,2,1,0
CUST-10947,Customer 948,+91-98765-10947,user948@example.com,West,Prepaid Unlimited,Month-to-Month,Auto-Debit,58,1460.73,81122.55,291.0,353.1,428.5,33.0,40.1,48.6,1,1,1,3,1,0,1
CUST-10948,Customer 949,+91-98765-10948,user949@example.com,Central,Postpaid Standard,Month-to-Month,Auto-Debit,20,1234.46,23011.92,122.5,206.0,346.3,27.6,46.4,78.0,1,1,2,3,1,1,1
CUST-10949,Customer 950,+91-98765-10949,user950@example.com,North,Postpaid Standard,Month-to-Month,Electronic Check,58,325.94,18080.87,535.8,545.5,555.4,59.0,60.1,61.2,4,4,5,2,1,0,0
CUST-10950,Customer 951,+91-98765-10950,user951@example.com,West,Prepaid Basic,Two Year,Electronic Check,57,1018.86,54976.74,435.1,418.6,402.8,37.3,35.9,34.5,4,4,4,2,1,1,0
CUST-10951,Customer 952,+91-98765-10951,user952@example.com,East,Postpaid Standard,Month-to-Month,Auto-Debit,68,1133.49,80685.67,473.3,597.2,753.6,62.5,78.9,99.5,1,1,1,4,1,1,1
CUST-10952,Customer 953,+91-98765-10952,user953@example.com,West,Prepaid Basic,Month-to-Month,Electronic Check,52,1289.55,60763.68,302.0,410.8,558.9,4.6,6.3,8.6,1,1,2,4,0,0,1
CUST-10953,Customer 954,+91-98765-10953,user954@example.com,Central,Postpaid Standard,Month-to-Month,Mailed Check,37,366.2,13867.71,234.0,225.2,216.8,22.0,21.2,20.4,5,5,5,3,2,1,0
CUST-10954,Customer 955,+91-98765-10954,user955@example.com,North,Postpaid Standard,Month-to-Month,Auto-Debit,8,875.13,7366.02,426.9,575.2,775.1,49.5,66.6,89.8,1,1,2,6,1,1,1
CUST-10955,Customer 956,+91-98765-10955,user956@example.com,North,Prepaid Unlimited,Two Year,Mailed Check,44,941.45,41264.1,171.4,180.1,189.3,9.8,10.3,10.8,2,2,3,2,1,0,0
CUST-10956,Customer 957,+91-98765-10956,user957@example.com,Central,Postpaid Standard,Month-to-Month,Mailed Check,5,501.95,2726.37,556.7,690.0,855.1,58.1,72.0,89.2,2,3,4,6,2,1,0
CUST-10957,Customer 958,+91-98765-10957,user958@example.com,Central,Prepaid Unlimited,Month-to-Month,Electronic Check,69,685.94,49297.65,994.0,965.7,938.3,77.2,75.0,72.9,5,5,5,3,2,1,0
CUST-10958,Customer 959,+91-98765-10958,user959@example.com,East,Prepaid Unlimited,One Year,Mailed Check,31,827.27,26916.99,409.8,399.9,390.2,8.9,8.7,8.5,5,5,5,3,2,1,0
CUST-10959,Customer 960,+91-98765-10959,user960@example.com,North,Postpaid Standard,Month-to-Month,Electronic Check,45,1298.85,54905.51,381.9,597.1,933.5,18.7,29.3,45.8,1,1,1,4,2,1,0
CUST-10960,Customer 961,+91-98765-10960,user961@example.com,West,Prepaid Unlimited,Month-to-Month,UPI/Credit Card,9,1414.29,13434.53,522.2,651.9,813.7,49.2,61.4,76.7,1,1,1,4,2,1,1
CUST-10961,Customer 962,+91-98765-10961,user962@example.com,South,Prepaid Unlimited,Month-to-Month,Electronic Check,32,1053.11,35937.81,457.9,652.6,930.2,29.7,42.4,60.4,1,1,1,8,3,2,1
CUST-10962,Customer 963,+91-98765-10962,user963@example.com,South,Prepaid Unlimited,Month-to-Month,Mailed Check,33,772.93,24798.96,762.4,730.3,699.6,102.3,98.0,93.9,2,2,2,2,2,1,0
CUST-10963,Customer 964,+91-98765-10963,user964@example.com,Central,Postpaid Standard,Two Year,UPI/Credit Card,67,603.84,38137.97,301.4,306.7,312.1,84.4,85.9,87.4,3,3,4,2,1,1,0
CUST-10964,Customer 965,+91-98765-10964,user965@example.com,East,Prepaid Unlimited,One Year,Electronic Check,30,1477.56,43307.73,940.2,922.5,905.1,38.0,37.3,36.6,2,2,2,2,1,1,0
CUST-10965,Customer 966,+91-98765-10965,user966@example.com,South,Prepaid Basic,Month-to-Month,Mailed Check,29,1478.62,44934.86,154.0,202.3,265.8,7.5,9.9,13.0,2,3,4,7,2,1,1
CUST-10966,Customer 967,+91-98765-10966,user967@example.com,North,Postpaid Standard,One Year,Auto-Debit,3,1408.97,4157.28,155.7,213.2,291.8,50.5,69.2,94.7,2,3,5,4,1,0,1
CUST-10967,Customer 968,+91-98765-10967,user968@example.com,Central,Postpaid Standard,Month-to-Month,Auto-Debit,57,1241.8,74132.77,164.9,238.2,344.0,25.9,37.5,54.1,1,1,2,6,2,2,1
CUST-10968,Customer 969,+91-98765-10968,user969@example.com,West,Prepaid Basic,Month-to-Month,Electronic Check,30,689.94,19098.5,145.5,233.2,373.8,4.7,7.6,12.1,1,1,2,4,0,0,1
CUST-10969,Customer 970,+91-98765-10969,user970@example.com,Central,Prepaid Basic,Month-to-Month,Electronic Check,9,1279.4,12219.32,238.6,366.5,563.0,35.0,53.8,82.6,1,1,2,6,2,2,1
CUST-10970,Customer 971,+91-98765-10970,user971@example.com,West,Prepaid Basic,Month-to-Month,Auto-Debit,26,789.55,19515.05,430.6,565.3,742.1,50.8,66.7,87.5,1,2,3,3,1,1,1
CUST-10971,Customer 972,+91-98765-10971,user972@example.com,Central,Prepaid Unlimited,Month-to-Month,Mailed Check,2,691.13,1312.85,363.8,582.8,933.6,25.6,41.0,65.7,1,2,4,5,1,1,0
CUST-10972,Customer 973,+91-98765-10972,user973@example.com,Central,Prepaid Unlimited,One Year,Mailed Check,62,1192.84,75292.92,171.9,175.7,179.6,45.5,46.5,47.5,3,3,4,2,2,2,0
CUST-10973,Customer 974,+91-98765-10973,user974@example.com,Central,Postpaid Standard,Two Year,Mailed Check,3,394.58,1081.97,889.2,923.4,958.9,63.0,65.4,67.9,1,1,2,3,3,2,0
CUST-10974,Customer 975,+91-98765-10974,user975@example.com,West,Prepaid Unlimited,Month-to-Month,Electronic Check,46,357.28,14877.83,639.4,770.8,929.2,49.6,59.8,72.1,2,2,3,5,0,0,1
CUST-10975,Customer 976,+91-98765-10975,user976@example.com,West,Prepaid Unlimited,Month-to-Month,UPI/Credit Card,68,836.54,54165.96,48.2,84.6,148.6,29.1,51.1,89.8,1,1,2,7,2,2,1
CUST-10976,Customer 977,+91-98765-10976,user977@example.com,Central,Prepaid Unlimited,Month-to-Month,UPI/Credit Card,25,833.77,21002.95,145.6,248.6,424.3,32.9,56.1,95.8,1,2,4,6,1,1,1
CUST-10977,Customer 978,+91-98765-10977,user978@example.com,South,Postpaid Standard,Month-to-Month,UPI/Credit Card,51,1373.77,75773.98,417.9,589.6,831.8,27.1,38.2,53.9,2,3,5,4,0,0,1
CUST-10978,Customer 979,+91-98765-10978,user979@example.com,East,Prepaid Unlimited,Month-to-Month,UPI/Credit Card,13,450.38,6260.61,684.6,667.3,650.4,85.2,83.0,80.9,3,3,3,4,3,2,0
CUST-10979,Customer 980,+91-98765-10979,user980@example.com,East,Postpaid Premium,Month-to-Month,UPI/Credit Card,44,446.94,19627.79,745.6,772.9,801.2,89.9,93.2,96.6,2,2,3,4,3,2,0
CUST-10980,Customer 981,+91-98765-10980,user981@example.com,East,Prepaid Unlimited,One Year,Electronic Check,35,475.94,15115.55,817.8,781.7,747.1,21.2,20.3,19.4,2,2,2,2,1,0,0
CUST-10981,Customer 982,+91-98765-10981,user982@example.com,West,Prepaid Basic,Month-to-Month,Electronic Check,55,334.68,18537.18,532.3,539.6,547.1,6.5,6.6,6.7,4,4,5,3,3,2,0
CUST-10982,Customer 983,+91-98765-10982,user983@example.com,West,Prepaid Unlimited,Month-to-Month,UPI/Credit Card,9,385.08,3607.67,60.1,90.8,137.1,38.4,58.0,87.6,1,2,4,4,2,1,1
CUST-10983,Customer 984,+91-98765-10983,user984@example.com,South,Prepaid Unlimited,Month-to-Month,Electronic Check,2,1090.84,2111.5,267.6,409.2,625.8,10.1,15.4,23.6,1,1,1,3,1,0,1
CUST-10984,Customer 985,+91-98765-10984,user985@example.com,East,Prepaid Unlimited,Month-to-Month,Electronic Check,61,816.9,45954.69,92.6,115.4,143.7,5.8,7.2,9.0,2,3,4,8,3,2,1
CUST-10985,Customer 986,+91-98765-10985,user986@example.com,East,Prepaid Basic,Month-to-Month,UPI/Credit Card,41,1215.32,47621.41,243.7,395.9,643.4,7.6,12.4,20.2,1,2,4,7,2,1,1
CUST-10986,Customer 987,+91-98765-10986,user987@example.com,Central,Prepaid Basic,One Year,Mailed Check,44,1490.12,69126.64,901.6,860.0,820.4,45.6,43.5,41.5,5,5,5,3,2,2,0
CUST-10987,Customer 988,+91-98765-10987,user988@example.com,West,Postpaid Standard,Month-to-Month,Electronic Check,64,1089.84,67674.62,241.4,388.9,626.5,9.9,16.0,25.8,1,1,3,4,0,0,1
CUST-10988,Customer 989,+91-98765-10988,user989@example.com,East,Prepaid Basic,One Year,Mailed Check,31,359.55,11841.52,1056.0,1026.2,997.3,36.0,35.0,34.0,4,4,4,4,3,2,0
CUST-10989,Customer 990,+91-98765-10989,user990@example.com,South,Postpaid Standard,Month-to-Month,Electronic Check,47,424.48,19230.43,462.1,485.6,510.3,88.5,93.0,97.7,2,2,3,3,3,2,0
CUST-10990,Customer 991,+91-98765-10990,user991@example.com,South,Prepaid Basic,Month-to-Month,Electronic Check,2,1356.2,2529.89,334.6,508.9,773.9,31.1,47.3,71.9,2,3,5,6,3,2,1
CUST-10991,Customer 992,+91-98765-10991,user992@example.com,East,Prepaid Unlimited,Month-to-Month,UPI/Credit Card,69,932.0,63482.91,258.8,425.7,700.5,26.9,44.2,72.7,1,3,5,3,1,1,1
CUST-10992,Customer 993,+91-98765-10992,user993@example.com,West,Prepaid Unlimited,One Year,Electronic Check,58,1288.8,74036.9,918.2,954.5,992.3,13.0,13.5,14.0,1,1,2,3,2,1,0
CUST-10993,Customer 994,+91-98765-10993,user994@example.com,South,Prepaid Unlimited,Month-to-Month,Auto-Debit,44,1326.93,52734.52,406.3,549.0,741.9,40.8,55.1,74.5,1,1,1,8,3,2,1
CUST-10994,Customer 995,+91-98765-10994,user995@example.com,Central,Prepaid Unlimited,One Year,Auto-Debit,56,1412.21,73026.66,256.5,252.0,247.6,77.9,76.5,75.2,5,5,5,3,3,2,0
CUST-10995,Customer 996,+91-98765-10995,user996@example.com,South,Prepaid Basic,Month-to-Month,UPI/Credit Card,43,1438.8,57969.78,624.9,774.5,960.0,44.1,54.6,67.7,3,4,5,6,1,0,1
CUST-10996,Customer 997,+91-98765-10996,user997@example.com,North,Prepaid Basic,One Year,Mailed Check,34,964.79,30267.77,724.3,712.6,701.0,27.6,27.1,26.7,3,3,3,3,2,2,0
CUST-10997,Customer 998,+91-98765-10997,user998@example.com,North,Prepaid Unlimited,Month-to-Month,Mailed Check,30,708.22,20573.19,48.0,85.8,153.4,14.1,25.3,45.2,1,2,5,3,1,0,1
CUST-10998,Customer 999,+91-98765-10998,user999@example.com,West,Prepaid Unlimited,One Year,Mailed Check,71,1453.24,112768.0,650.7,671.0,691.8,80.3,82.8,85.4,3,3,4,1,1,1,0
CUST-10999,Customer 1000,+91-98765-10999,user1000@example.com,East,Postpaid Premium,Month-to-Month,Auto-Debit,70,955.89,67035.72,571.1,714.9,894.8,43.8,54.9,68.7,1,1,2,7,2,2,1
CUST-11000,Customer 1001,+91-98765-11000,user1001@example.com,West,Postpaid Standard,Two Year,Mailed Check,55,376.1,21213.21,565.4,591.8,619.3,68.1,71.3,74.6,1,1,2,1,1,0,0
CUST-11001,Customer 1002,+91-98765-11001,user1002@example.com,West,Postpaid Standard,Month-to-Month,Mailed Check,67,1070.33,69652.34,285.9,346.0,418.6,41.5,50.3,60.8,2,3,4,4,1,1,1
CUST-11002,Customer 1003,+91-98765-11002,user1003@example.com,West,Postpaid Standard,Month-to-Month,UPI/Credit Card,13,1004.22,12593.99,364.5,552.9,838.8,20.7,31.4,47.7,2,3,5,5,1,0,1
CUST-11003,Customer 1004,+91-98765-11003,user1004@example.com,West,Prepaid Unlimited,Month-to-Month,Mailed Check,3,1373.95,3728.75,309.7,499.1,804.3,29.7,47.8,77.1,1,1,1,4,1,1,1
CUST-11004,Customer 1005,+91-98765-11004,user1005@example.com,Central,Prepaid Basic,One Year,Auto-Debit,26,1082.82,28155.2,581.0,585.4,589.8,11.3,11.4,11.5,4,4,5,3,3,2,0
CUST-11005,Customer 1006,+91-98765-11005,user1006@example.com,Central,Postpaid Premium,Month-to-Month,Auto-Debit,57,717.86,40783.88,224.6,231.6,238.9,64.9,66.9,69.0,1,1,2,1,0,0,0
CUST-11006,Customer 1007,+91-98765-11006,user1007@example.com,South,Prepaid Unlimited,One Year,Auto-Debit,24,1458.47,32607.87,346.6,336.1,325.9,106.0,102.8,99.7,1,1,1,2,2,2,0
CUST-11007,Customer 1008,+91-98765-11007,user1008@example.com,North,Prepaid Unlimited,Month-to-Month,UPI/Credit Card,53,1260.94,70362.77,335.7,506.6,764.6,34.7,52.4,79.1,1,1,3,5,1,0,1
CUST-11008,Customer 1009,+91-98765-11008,user1009@example.com,West,Prepaid Basic,Month-to-Month,UPI/Credit Card,70,1055.5,73776.75,249.6,453.9,825.5,9.9,17.9,32.6,1,1,3,5,1,1,1
CUST-11009,Customer 1010,+91-98765-11009,user1010@example.com,South,Prepaid Unlimited,Month-to-Month,Electronic Check,43,650.51,27071.2,331.3,341.1,351.3,29.6,30.5,31.4,4,4,5,1,1,0,0
CUST-11010,Customer 1011,+91-98765-11010,user1011@example.com,North,Prepaid Unlimited,Two Year,Mailed Check,60,747.25,41668.83,423.0,427.1,431.2,67.1,67.7,68.4,4,4,5,2,1,0,0
CUST-11011,Customer 1012,+91-98765-11011,user1012@example.com,East,Postpaid Standard,One Year,UPI/Credit Card,58,1102.96,64639.04,186.3,177.9,169.9,98.8,94.3,90.1,1,1,1,3,2,2,0
CUST-11012,Customer 1013,+91-98765-11012,user1013@example.com,Central,Prepaid Unlimited,Two Year,Auto-Debit,49,385.38,19838.44,691.3,716.3,742.1,55.8,57.8,59.9,1,1,1,4,3,2,0
CUST-11013,Customer 1014,+91-98765-11013,user1014@example.com,North,Prepaid Unlimited,Month-to-Month,Auto-Debit,42,607.02,24383.26,43.4,66.9,103.2,23.2,35.7,55.1,2,3,5,6,3,2,1
CUST-11014,Customer 1015,+91-98765-11014,user1015@example.com,East,Postpaid Premium,One Year,UPI/Credit Card,66,1155.68,71985.09,134.4,138.1,141.9,19.1,19.7,20.2,1,1,2,3,2,1,0
CUST-11015,Customer 1016,+91-98765-11015,user1016@example.com,North,Prepaid Basic,One Year,UPI/Credit Card,11,875.02,9667.45,103.9,103.9,103.9,73.0,73.0,73.0,3,3,3,4,3,2,0
CUST-11016,Customer 1017,+91-98765-11016,user1017@example.com,Central,Prepaid Unlimited,Month-to-Month,UPI/Credit Card,18,781.87,13103.54,721.7,701.0,680.8,76.0,73.8,71.7,1,1,1,0,0,0,0
CUST-11017,Customer 1018,+91-98765-11017,user1018@example.com,Central,Prepaid Basic,One Year,Electronic Check,52,480.75,25832.03,474.5,475.1,475.6,96.7,96.8,96.9,1,1,2,2,1,1,0
CUST-11018,Customer 1019,+91-98765-11018,user1019@example.com,South,Postpaid Standard,Two Year,Auto-Debit,46,829.22,38947.77,390.3,378.9,367.8,35.5,34.5,33.5,5,5,5,3,2,2,0
CUST-11019,Customer 1020,+91-98765-11019,user1020@example.com,West,Postpaid Premium,Two Year,Electronic Check,44,1223.83,49401.52,907.8,914.6,921.4,75.8,76.3,76.9,3,3,4,1,1,0,0
CUST-11020,Customer 1021,+91-98765-11020,user1021@example.com,North,Prepaid Basic,One Year,Electronic Check,22,615.82,12292.19,300.8,286.8,273.5,50.8,48.5,46.2,1,1,1,0,0,0,0
CUST-11021,Customer 1022,+91-98765-11021,user1022@example.com,North,Postpaid Standard,Month-to-Month,Mailed Check,53,305.48,16579.95,444.6,447.5,450.4,57.4,57.7,58.1,3,3,4,1,1,1,0
CUST-11022,Customer 1023,+91-98765-11022,user1023@example.com,East,Prepaid Basic,Month-to-Month,Auto-Debit,59,1101.21,62298.39,566.8,732.4,946.3,49.5,63.9,82.6,1,1,2,2,0,0,1
CUST-11023,Customer 1024,+91-98765-11023,user1024@example.com,Central,Postpaid Premium,Two Year,Auto-Debit,30,1466.15,40346.5,474.9,479.6,484.4,25.6,25.8,26.1,2,2,3,3,3,2,0
CUST-11024,Customer 1025,+91-98765-11024,user1025@example.com,North,Postpaid Standard,Month-to-Month,UPI/Credit Card,8,1027.19,8643.89,272.6,404.1,599.2,17.1,25.4,37.6,1,1,2,4,0,0,1
CUST-11025,Customer 1026,+91-98765-11025,user1026@example.com,Central,Postpaid Standard,One Year,UPI/Credit Card,57,442.91,24306.95,184.3,178.2,172.3,84.0,81.2,78.5,3,3,3,3,3,2,0
CUST-11026,Customer 1027,+91-98765-11026,user1027@example.com,North,Prepaid Basic,One Year,Mailed Check,20,683.88,13567.08,804.6,807.9,811.1,58.7,59.0,59.2,1,1,2,2,2,2,0
CUST-11027,Customer 1028,+91-98765-11027,user1028@example.com,South,Postpaid Premium,One Year,Electronic Check,25,1340.17,31740.67,489.6,485.0,480.5,14.1,13.9,13.8,1,1,1,1,1,1,0
CUST-11028,Customer 1029,+91-98765-11028,user1029@example.com,West,Postpaid Standard,Two Year,UPI/Credit Card,19,578.08,11263.2,877.1,848.3,820.5,49.1,47.5,45.9,1,1,1,2,1,0,0
CUST-11029,Customer 1030,+91-98765-11029,user1030@example.com,North,Prepaid Unlimited,Month-to-Month,UPI/Credit Card,5,1028.24,4937.08,112.8,192.5,328.4,20.9,35.6,60.7,1,2,4,6,1,1,1
CUST-11030,Customer 1031,+91-98765-11030,user1031@example.com,Central,Postpaid Standard,Month-to-Month,Auto-Debit,27,782.21,23096.56,495.3,487.7,480.2,94.3,92.8,91.4,2,2,2,3,2,1,0
CUST-11031,Customer 1032,+91-98765-11031,user1032@example.com,South,Prepaid Basic,Month-to-Month,Auto-Debit,40,548.41,22826.79,858.8,833.0,807.9,24.3,23.6,22.9,2,2,2,3,2,1,0
CUST-11032,Customer 1033,+91-98765-11032,user1033@example.com,North,Postpaid Standard,Month-to-Month,UPI/Credit Card,26,1275.09,30743.64,531.5,720.5,976.5,44.4,60.2,81.6,2,2,4,4,2,2,1
CUST-11033,Customer 1034,+91-98765-11033,user1034@example.com,East,Prepaid Basic,Month-to-Month,Auto-Debit,27,1190.4,31605.3,57.2,93.7,153.7,6.5,10.6,17.4,1,3,5,8,3,2,1
CUST-11034,Customer 1035,+91-98765-11034,user1035@example.com,West,Postpaid Standard,Month-to-Month,Mailed Check,62,1092.91,66207.64,431.0,598.5,831.2,14.5,20.2,28.0,1,1,2,6,3,2,1
CUST-11035,Customer 1036,+91-98765-11035,user1036@example.com,North,Prepaid Unlimited,One Year,UPI/Credit Card,50,582.6,29329.52,406.2,388.0,370.6,30.8,29.4,28.1,2,2,2,3,3,2,0
CUST-11036,Customer 1037,+91-98765-11036,user1037@example.com,South,Prepaid Basic,Two Year,Auto-Debit,42,416.43,18686.14,553.4,574.2,595.7,82.1,85.2,88.4,1,1,2,1,1,0,0
CUST-11037,Customer 1038,+91-98765-11037,user1038@example.com,East,Prepaid Basic,Month-to-Month,Mailed Check,29,990.39,29200.51,228.6,287.3,361.1,15.1,19.0,23.9,3,3,5,4,0,0,1
CUST-11038,Customer 1039,+91-98765-11038,user1039@example.com,South,Prepaid Basic,Month-to-Month,Auto-Debit,39,963.41,34278.26,400.3,510.9,652.1,49.0,62.5,79.8,1,1,1,5,3,2,1
CUST-11039,Customer 1040,+91-98765-11039,user1040@example.com,South,Prepaid Unlimited,Two Year,Auto-Debit,60,525.06,32482.83,392.9,405.4,418.4,45.9,47.4,48.9,3,3,4,4,3,2,0
CUST-11040,Customer 1041,+91-98765-11040,user1041@example.com,East,Prepaid Unlimited,Month-to-Month,Auto-Debit,41,366.5,13548.69,427.8,413.8,400.3,106.8,103.3,99.9,5,5,5,0,0,0,0
CUST-11041,Customer 1042,+91-98765-11041,user1042@example.com,South,Prepaid Unlimited,Month-to-Month,UPI/Credit Card,33,395.85,13794.48,142.6,138.3,134.1,90.1,87.4,84.7,3,3,3,1,1,1,0
CUST-11042,Customer 1043,+91-98765-11042,user1043@example.com,East,Prepaid Basic,Month-to-Month,Electronic Check,16,1490.33,24639.98,136.4,178.0,232.3,44.2,57.7,75.3,1,2,3,3,1,1,1
CUST-11043,Customer 1044,+91-98765-11043,user1044@example.com,North,Prepaid Basic,Month-to-Month,Auto-Debit,23,1239.3,27413.83,603.6,747.3,925.4,57.2,70.8,87.7,3,4,5,7,3,2,1
CUST-11044,Customer 1045,+91-98765-11044,user1045@example.com,East,Postpaid Standard,Month-to-Month,Mailed Check,7,1405.38,9429.28,555.5,744.7,998.4,36.3,48.6,65.2,2,3,5,4,2,1,1
CUST-11045,Customer 1046,+91-98765-11045,user1046@example.com,East,Prepaid Basic,Two Year,UPI/Credit Card,26,533.07,14686.62,867.2,834.2,802.5,92.0,88.5,85.1,1,1,1,4,3,2,0
CUST-11046,Customer 1047,+91-98765-11046,user1047@example.com,West,Postpaid Premium,Month-to-Month,UPI/Credit Card,12,1451.68,18407.31,133.9,219.0,358.1,11.1,18.2,29.8,1,1,3,8,3,2,1
CUST-11047,Customer 1048,+91-98765-11047,user1048@example.com,East,Postpaid Standard,Month-to-Month,Mailed Check,5,470.19,2281.5,279.2,359.2,462.2,8.6,11.1,14.3,2,3,4,4,2,2,1
CUST-11048,Customer 1049,+91-98765-11048,user1049@example.com,East,Prepaid Unlimited,Month-to-Month,Auto-Debit,69,909.9,60258.56,293.0,473.6,765.6,24.3,39.3,63.5,1,1,2,3,0,0,1
CUST-11049,Customer 1050,+91-98765-11049,user1050@example.com,North,Prepaid Unlimited,Month-to-Month,Electronic Check,49,1294.63,64195.89,561.8,738.9,971.7,26.8,35.2,46.3,1,1,2,6,2,1,1
CUST-11050,Customer 1051,+91-98765-11050,user1051@example.com,West,Postpaid Standard,One Year,Auto-Debit,26,718.76,16850.25,554.6,531.8,509.9,49.5,47.5,45.5,1,1,1,1,1,0,0
CUST-11051,Customer 1052,+91-98765-11051,user1052@example.com,Central,Prepaid Basic,One Year,Mailed Check,5,808.79,3706.42,284.8,491.0,846.6,18.5,31.9,55.0,1,1,1,5,2,1,1
CUST-11052,Customer 1053,+91-98765-11052,user1053@example.com,North,Prepaid Basic,One Year,UPI/Credit Card,22,452.82,9217.22,889.1,932.3,977.6,35.7,37.5,39.3,2,2,3,2,1,0,0
CUST-11053,Customer 1054,+91-98765-11053,user1054@example.com,North,Prepaid Basic,Month-to-Month,Electronic Check,13,446.51,5439.42,821.5,853.2,886.1,59.8,62.1,64.5,3,3,4,0,0,0,0
CUST-11054,Customer 1055,+91-98765-11054,user1055@example.com,Central,Postpaid Standard,Two Year,UPI/Credit Card,28,1042.48,29259.6,285.6,294.8,304.4,7.4,7.7,7.9,3,3,4,2,2,2,0
CUST-11055,Customer 1056,+91-98765-11055,user1056@example.com,East,Prepaid Basic,One Year,Mailed Check,33,1109.64,40223.11,101.7,104.4,107.2,92.1,94.6,97.1,4,4,5,3,2,2,0
CUST-11056,Customer 1057,+91-98765-11056,user1057@example.com,South,Prepaid Unlimited,One Year,Auto-Debit,23,1231.8,29196.15,567.9,555.3,542.9,97.1,94.9,92.8,1,1,1,1,0,0,0
CUST-11057,Customer 1058,+91-98765-11057,user1058@example.com,West,Postpaid Premium,Month-to-Month,Electronic Check,18,967.02,15879.12,301.7,417.6,578.2,49.0,67.8,93.9,1,1,2,4,2,1,1
CUST-11058,Customer 1059,+91-98765-11058,user1059@example.com,South,Postpaid Standard,Month-to-Month,UPI/Credit Card,30,1073.91,32382.12,139.5,198.0,281.1,19.7,28.0,39.7,1,1,2,6,1,1,0
CUST-11059,Customer 1060,+91-98765-11059,user1060@example.com,Central,Prepaid Unlimited,Month-to-Month,UPI/Credit Card,26,315.22,8190.22,168.8,245.2,356.2,26.3,38.2,55.5,1,2,3,8,3,2,1
CUST-11060,Customer 1061,+91-98765-11060,user1061@example.com,North,Prepaid Basic,One Year,UPI/Credit Card,16,493.6,7335.56,797.5,793.1,788.6,96.7,96.1,95.6,2,2,2,2,2,2,0
CUST-11061,Customer 1062,+91-98765-11061,user1062@example.com,North,Postpaid Standard,Month-to-Month,Auto-Debit,39,1480.9,62609.67,161.7,290.9,523.3,28.0,50.4,90.7,1,2,4,3,1,1,1
CUST-11062,Customer 1063,+91-98765-11062,user1063@example.com,West,Prepaid Unlimited,Month-to-Month,Electronic Check,33,390.19,12723.73,420.8,402.8,385.6,87.4,83.7,80.1,4,4,4,2,2,1,0
CUST-11063,Customer 1064,+91-98765-11063,user1064@example.com,North,Prepaid Basic,Two Year,Auto-Debit,26,1113.55,31816.02,626.6,643.3,660.4,41.5,42.6,43.7,1,1,1,1,1,1,0
CUST-11064,Customer 1065,+91-98765-11064,user1065@example.com,North,Prepaid Basic,Two Year,Auto-Debit,48,510.3,24102.84,743.2,714.8,687.5,63.3,60.9,58.6,3,3,3,2,2,2,0
CUST-11065,Customer 1066,+91-98765-11065,user1066@example.com,West,Postpaid Premium,Two Year,Auto-Debit,65,1159.06,76965.58,828.3,810.2,792.5,83.9,82.1,80.3,2,2,2,2,1,1,0
CUST-11066,Customer 1067,+91-98765-11066,user1067@example.com,West,Prepaid Unlimited,Month-to-Month,Mailed Check,38,1146.19,40112.29,114.4,166.1,241.0,14.7,21.3,30.9,1,1,1,4,2,2,1
CUST-11067,Customer 1068,+91-98765-11067,user1068@example.com,Central,Postpaid Standard,One Year,Mailed Check,2,580.04,1149.46,808.1,787.5,767.4,67.9,66.2,64.5,5,5,5,1,1,0,0
CUST-11068,Customer 1069,+91-98765-11068,user1069@example.com,North,Postpaid Standard,Month-to-Month,Mailed Check,6,622.56,3540.2,428.3,523.4,639.5,56.1,68.5,83.7,3,4,5,4,0,0,1
CUST-11069,Customer 1070,+91-98765-11069,user1070@example.com,North,Prepaid Unlimited,Month-to-Month,Electronic Check,46,1084.72,53245.86,46.2,83.7,151.8,22.0,39.8,72.2,1,1,2,4,0,0,0
CUST-11070,Customer 1071,+91-98765-11070,user1071@example.com,Central,Prepaid Unlimited,Month-to-Month,Auto-Debit,50,767.1,40532.95,853.5,826.1,799.7,54.0,52.3,50.6,2,2,2,1,1,1,0
CUST-11071,Customer 1072,+91-98765-11071,user1072@example.com,East,Prepaid Unlimited,Month-to-Month,Auto-Debit,38,532.46,21545.34,432.4,438.6,444.8,58.8,59.6,60.5,1,1,2,3,3,2,0
CUST-11072,Customer 1073,+91-98765-11072,user1073@example.com,East,Prepaid Unlimited,Month-to-Month,Mailed Check,18,1177.02,22133.85,157.0,249.7,397.3,39.1,62.2,98.9,1,2,4,7,2,1,1
CUST-11073,Customer 1074,+91-98765-11073,user1074@example.com,East,Prepaid Unlimited,One Year,Auto-Debit,27,483.98,13936.92,542.4,522.5,503.3,67.0,64.6,62.2,2,2,2,2,2,2,0
CUST-11074,Customer 1075,+91-98765-11074,user1075@example.com,Central,Postpaid Standard,Month-to-Month,Auto-Debit,41,1325.77,51104.19,123.5,225.5,411.6,23.9,43.6,79.6,1,2,5,4,1,1,1
CUST-11075,Customer 1076,+91-98765-11075,user1076@example.com,North,Prepaid Unlimited,One Year,UPI/Credit Card,17,916.6,15432.75,434.2,419.1,404.5,79.4,76.7,74.0,2,2,2,0,0,0,0
CUST-11076,Customer 1077,+91-98765-11076,user1077@example.com,Central,Postpaid Standard,Month-to-Month,Auto-Debit,62,425.84,27415.11,263.0,466.5,827.3,22.8,40.4,71.6,1,1,3,7,3,2,1
CUST-11077,Customer 1078,+91-98765-11077,user1078@example.com,Central,Prepaid Unlimited,Month-to-Month,UPI/Credit Card,29,1131.89,33726.79,133.4,168.2,212.1,46.0,58.0,73.1,3,3,5,6,1,1,1
CUST-11078,Customer 1079,+91-98765-11078,user1079@example.com,East,Prepaid Unlimited,Month-to-Month,Auto-Debit,58,922.0,55789.95,617.9,775.6,973.5,30.6,38.4,48.2,1,2,3,7,2,2,1
CUST-11079,Customer 1080,+91-98765-11079,user1080@example.com,South,Prepaid Unlimited,Month-to-Month,Electronic Check,70,656.67,43431.9,354.1,460.7,599.4,29.5,38.4,50.0,2,3,5,7,3,2,0
CUST-11080,Customer 1081,+91-98765-11080,user1081@example.com,North,Prepaid Unlimited,Month-to-Month,Mailed Check,22,806.05,16308.9,116.7,175.7,264.6,21.8,32.8,49.4,1,1,1,5,2,1,0
CUST-11081,Customer 1082,+91-98765-11081,user1082@example.com,East,Postpaid Standard,Month-to-Month,UPI/Credit Card,6,657.01,4270.68,137.1,172.9,218.1,5.2,6.5,8.2,3,3,5,6,2,1,1
CUST-11082,Customer 1083,+91-98765-11082,user1083@example.com,South,Prepaid Basic,Month-to-Month,Mailed Check,26,614.63,16172.69,648.9,640.6,632.4,28.6,28.3,27.9,5,5,5,2,2,2,0
CUST-11083,Customer 1084,+91-98765-11083,user1084@example.com,South,Prepaid Unlimited,Month-to-Month,UPI/Credit Card,39,495.33,17980.4,698.7,684.0,669.7,20.6,20.1,19.7,3,3,3,2,2,2,0
CUST-11084,Customer 1085,+91-98765-11084,user1085@example.com,West,Prepaid Basic,Month-to-Month,UPI/Credit Card,12,734.32,9328.98,152.3,150.0,147.7,92.0,90.6,89.2,3,3,3,0,0,0,0
CUST-11085,Customer 1086,+91-98765-11085,user1086@example.com,North,Prepaid Unlimited,Two Year,UPI/Credit Card,14,600.18,9099.81,340.9,329.6,318.7,33.3,32.2,31.1,5,5,5,4,3,2,0
CUST-11086,Customer 1087,+91-98765-11086,user1087@example.com,South,Prepaid Unlimited,Month-to-Month,Electronic Check,22,1119.12,22993.53,553.2,671.8,815.9,12.3,15.0,18.2,3,4,5,2,0,0,1
CUST-11087,Customer 1088,+91-98765-11087,user1088@example.com,East,Prepaid Unlimited,One Year,Auto-Debit,51,1119.65,60727.14,148.8,146.7,144.7,16.9,16.6,16.4,4,4,4,0,0,0,0
CUST-11088,Customer 1089,+91-98765-11088,user1089@example.com,West,Postpaid Premium,One Year,UPI/Credit Card,23,901.21,22523.79,791.5,829.7,869.6,65.1,68.2,71.5,1,1,1,2,1,0,0
CUST-11089,Customer 1090,+91-98765-11089,user1090@example.com,North,Prepaid Unlimited,Two Year,Electronic Check,48,1232.53,64348.26,689.6,690.9,692.3,5.6,5.6,5.6,1,1,1,4,3,2,0
CUST-11090,Customer 1091,+91-98765-11090,user1091@example.com,Central,Postpaid Standard,One Year,UPI/Credit Card,71,1308.61,100607.27,468.2,479.5,491.0,47.5,48.6,49.8,1,1,2,0,0,0,0
CUST-11091,Customer 1092,+91-98765-11091,user1092@example.com,East,Prepaid Unlimited,Month-to-Month,Auto-Debit,50,994.72,50197.76,126.4,228.1,411.8,5.0,9.0,16.3,1,2,5,8,3,2,1
CUST-11092,Customer 1093,+91-98765-11092,user1093@example.com,South,Prepaid Unlimited,One Year,UPI/Credit Card,13,1041.72,13152.91,113.9,115.6,117.3,83.2,84.4,85.7,4,4,5,2,2,2,0
CUST-11093,Customer 1094,+91-98765-11093,user1094@example.com,South,Prepaid Basic,Two Year,Electronic Check,10,638.46,5755.43,768.6,804.8,842.7,87.7,91.8,96.1,4,4,5,2,1,1,0
CUST-11094,Customer 1095,+91-98765-11094,user1095@example.com,East,Prepaid Basic,Month-to-Month,Auto-Debit,55,1372.84,68875.43,72.6,128.8,228.4,30.5,54.2,96.1,1,2,5,6,2,2,1
CUST-11095,Customer 1096,+91-98765-11095,user1096@example.com,South,Prepaid Unlimited,Month-to-Month,Electronic Check,9,328.05,2910.43,258.4,312.8,378.6,32.1,38.8,47.0,1,1,1,7,3,2,1
CUST-11096,Customer 1097,+91-98765-11096,user1097@example.com,West,Prepaid Unlimited,Month-to-Month,Auto-Debit,52,717.32,36549.6,587.6,599.8,612.2,63.5,64.9,66.2,2,2,3,1,0,0,0
CUST-11097,Customer 1098,+91-98765-11097,user1098@example.com,North,Prepaid Basic,One Year,Auto-Debit,2,1165.16,2183.38,336.6,328.9,321.4,64.9,63.4,62.0,4,4,4,3,3,2,0
CUST-11098,Customer 1099,+91-98765-11098,user1099@example.com,West,Prepaid Basic,One Year,Mailed Check,25,395.11,9671.27,552.6,550.0,547.4,38.7,38.5,38.3,3,3,3,3,3,2,0
CUST-11099,Customer 1100,+91-98765-11099,user1100@example.com,South,Prepaid Basic,Month-to-Month,Mailed Check,13,518.8,6305.54,799.4,813.8,828.4,45.6,46.4,47.2,2,2,3,2,2,1,0
CUST-11100,Customer 1101,+91-98765-11100,user1101@example.com,Central,Postpaid Premium,Month-to-Month,Mailed Check,51,1006.14,54892.65,256.5,366.4,523.5,5.4,7.8,11.1,1,1,1,5,2,1,0
CUST-11101,Customer 1102,+91-98765-11101,user1102@example.com,North,Prepaid Unlimited,Month-to-Month,Auto-Debit,58,970.99,54044.39,532.4,712.7,954.1,45.0,60.2,80.6,2,2,4,4,0,0,1
CUST-11102,Customer 1103,+91-98765-11102,user1103@example.com,North,Prepaid Unlimited,Month-to-Month,UPI/Credit Card,34,1185.71,41108.85,431.4,610.1,862.8,13.9,19.7,27.9,2,3,5,5,1,0,1
CUST-11103,Customer 1104,+91-98765-11103,user1104@example.com,East,Prepaid Basic,Two Year,Electronic Check,35,1274.14,44620.26,382.0,390.8,399.7,46.6,47.7,48.8,1,1,1,2,1,1,0
CUST-11104,Customer 1105,+91-98765-11104,user1105@example.com,East,Prepaid Unlimited,Month-to-Month,Electronic Check,3,453.3,1238.02,163.4,274.2,460.0,18.0,30.2,50.7,1,1,1,4,1,1,1
CUST-11105,Customer 1106,+91-98765-11105,user1106@example.com,Central,Prepaid Basic,Month-to-Month,Electronic Check,59,321.06,20617.95,151.7,270.2,481.0,18.4,32.7,58.3,1,2,4,7,2,2,1
CUST-11106,Customer 1107,+91-98765-11106,user1107@example.com,North,Prepaid Basic,Month-to-Month,Mailed Check,70,1126.57,79289.31,235.4,395.3,663.6,29.3,49.3,82.7,1,1,2,4,0,0,0
CUST-11107,Customer 1108,+91-98765-11107,user1108@example.com,Central,Prepaid Unlimited,One Year,Auto-Debit,48,660.67,30602.6,372.7,365.3,358.1,73.6,72.1,70.7,1,1,1,1,1,0,0
CUST-11108,Customer 1109,+91-98765-11108,user1109@example.com,East,Prepaid Basic,Month-to-Month,Mailed Check,64,1050.18,62615.95,390.2,616.0,972.3,27.3,43.1,68.0,1,1,3,7,3,2,1
CUST-11109,Customer 1110,+91-98765-11109,user1110@example.com,East,Prepaid Basic,One Year,UPI/Credit Card,19,479.65,8819.04,647.6,647.7,647.8,55.0,55.0,55.0,2,2,3,3,2,2,0
CUST-11110,Customer 1111,+91-98765-11110,user1111@example.com,North,Prepaid Basic,Month-to-Month,Auto-Debit,67,861.85,52206.44,221.6,319.1,459.5,6.8,9.8,14.1,2,3,5,4,0,0,0
CUST-11111,Customer 1112,+91-98765-11111,user1112@example.com,West,Prepaid Basic,Month-to-Month,Electronic Check,5,904.31,4398.16,214.7,382.2,680.5,13.6,24.3,43.2,1,1,1,4,1,1,1
CUST-11112,Customer 1113,+91-98765-11112,user1113@example.com,South,Prepaid Basic,Month-to-Month,Mailed Check,67,1001.09,67495.4,143.1,255.4,455.9,30.1,53.7,95.9,1,2,5,6,2,1,1
CUST-11113,Customer 1114,+91-98765-11113,user1114@example.com,East,Prepaid Unlimited,Month-to-Month,Mailed Check,11,914.8,10811.2,281.1,484.8,836.0,33.5,57.8,99.6,1,1,1,5,3,2,1
CUST-11114,Customer 1115,+91-98765-11114,user1115@example.com,East,Postpaid Standard,Month-to-Month,UPI/Credit Card,68,893.83,63058.18,269.6,405.9,611.1,32.8,49.4,74.4,1,2,4,5,0,0,1
CUST-11115,Customer 1116,+91-98765-11115,user1116@example.com,West,Prepaid Unlimited,Two Year,UPI/Credit Card,69,698.28,44438.42,144.7,141.2,137.8,27.9,27.3,26.6,1,1,1,3,2,2,0
CUST-11116,Customer 1117,+91-98765-11116,user1117@example.com,West,Prepaid Unlimited,One Year,Mailed Check,1,384.42,357.34,267.9,263.5,259.1,15.2,14.9,14.7,2,2,2,2,1,1,0
CUST-11117,Customer 1118,+91-98765-11117,user1118@example.com,Central,Prepaid Basic,Two Year,UPI/Credit Card,63,406.42,25236.39,839.3,858.7,878.5,42.4,43.4,44.4,2,2,3,3,2,1,0
CUST-11118,Customer 1119,+91-98765-11118,user1119@example.com,Central,Postpaid Premium,Month-to-Month,Electronic Check,29,819.53,22319.99,316.8,438.3,606.6,45.1,62.4,86.4,2,2,4,5,2,2,1
CUST-11119,Customer 1120,+91-98765-11119,user1120@example.com,South,Prepaid Unlimited,Two Year,UPI/Credit Card,12,725.95,7888.78,948.4,951.9,955.3,73.1,73.3,73.6,2,2,3,2,2,1,0
CUST-11120,Customer 1121,+91-98765-11120,user1121@example.com,South,Prepaid Basic,Month-to-Month,UPI/Credit Card,41,918.36,39949.69,66.1,104.5,165.2,35.6,56.3,89.0,2,3,5,6,1,0,0
CUST-11121,Customer 1122,+91-98765-11121,user1122@example.com,North,Prepaid Unlimited,Month-to-Month,Mailed Check,2,664.81,1201.85,132.7,220.3,365.7,23.0,38.2,63.5,1,2,4,7,3,2,1
CUST-11122,Customer 1123,+91-98765-11122,user1123@example.com,Central,Prepaid Basic,Month-to-Month,Mailed Check,37,1124.49,44357.87,112.8,175.8,274.2,7.2,11.2,17.4,1,1,2,5,2,2,1
CUST-11123,Customer 1124,+91-98765-11123,user1124@example.com,East,Prepaid Unlimited,Month-to-Month,Auto-Debit,45,1335.75,55830.26,180.0,328.2,598.5,4.8,8.7,15.9,1,1,3,6,3,2,1
CUST-11124,Customer 1125,+91-98765-11124,user1125@example.com,Central,Prepaid Unlimited,One Year,Auto-Debit,48,657.64,34563.53,427.3,435.8,444.5,9.2,9.4,9.6,1,1,1,3,2,1,0
CUST-11125,Customer 1126,+91-98765-11125,user1126@example.com,East,Postpaid Standard,Month-to-Month,Mailed Check,24,530.58,12998.46,250.8,246.1,241.5,61.2,60.0,58.9,1,1,1,0,0,0,0
CUST-11126,Customer 1127,+91-98765-11126,user1127@example.com,West,Prepaid Unlimited,Month-to-Month,UPI/Credit Card,22,438.42,10098.53,264.0,423.2,678.5,10.9,17.5,28.1,1,1,1,7,2,2,1
CUST-11127,Customer 1128,+91-98765-11127,user1128@example.com,Central,Postpaid Standard,One Year,UPI/Credit Card,11,1038.5,10533.57,406.6,486.7,582.7,52.2,62.5,74.8,2,3,4,6,2,2,1
CUST-11128,Customer 1129,+91-98765-11128,user1129@example.com,West,Postpaid Premium,Month-to-Month,Auto-Debit,58,831.63,51727.72,127.5,210.4,347.3,25.8,42.5,70.2,1,1,2,5,2,1,0
CUST-11129,Customer 1130,+91-98765-11129,user1130@example.com,South,Prepaid Basic,Month-to-Month,Auto-Debit,46,524.62,25769.63,495.8,513.5,531.8,32.8,34.0,35.2,1,1,2,2,1,0,0
CUST-11130,Customer 1131,+91-98765-11130,user1131@example.com,South,Prepaid Basic,Month-to-Month,Auto-Debit,29,1082.76,32360.84,448.9,588.3,771.2,12.7,16.6,21.8,1,1,2,4,2,2,1
CUST-11131,Customer 1132,+91-98765-11131,user1132@example.com,North,Prepaid Unlimited,One Year,Electronic Check,35,477.18,16708.9,301.6,293.0,284.7,15.6,15.1,14.7,3,3,3,2,2,1,0
CUST-11132,Customer 1133,+91-98765-11132,user1133@example.com,Central,Prepaid Unlimited,One Year,Electronic Check,15,964.16,15103.05,338.3,350.7,363.6,69.8,72.3,75.0,3,3,4,2,2,2,0
CUST-11133,Customer 1134,+91-98765-11133,user1134@example.com,West,Prepaid Unlimited,Month-to-Month,Auto-Debit,60,931.58,50371.59,216.2,298.3,411.5,25.1,34.6,47.8,1,1,1,4,1,1,1
CUST-11134,Customer 1135,+91-98765-11134,user1135@example.com,East,Postpaid Premium,Month-to-Month,UPI/Credit Card,42,1180.07,50479.27,494.9,618.1,772.1,22.9,28.6,35.7,1,2,3,6,1,0,0
CUST-11135,Customer 1136,+91-98765-11135,user1136@example.com,South,Postpaid Standard,Month-to-Month,Auto-Debit,43,365.13,16791.49,391.8,581.2,862.2,39.3,58.2,86.4,1,1,2,4,2,1,1
CUST-11136,Customer 1137,+91-98765-11136,user1137@example.com,South,Prepaid Unlimited,One Year,Electronic Check,49,1364.45,64944.57,423.2,430.9,438.7,59.2,60.3,61.4,1,1,1,3,3,2,0
CUST-11137,Customer 1138,+91-98765-11137,user1138@example.com,East,Prepaid Unlimited,Month-to-Month,UPI/Credit Card,64,1142.59,67396.93,165.1,246.1,367.0,24.4,36.3,54.2,1,2,4,5,3,2,1
CUST-11138,Customer 1139,+91-98765-11138,user1139@example.com,West,Postpaid Standard,Month-to-Month,Electronic Check,32,558.35,17584.46,868.8,884.5,900.5,72.9,74.3,75.6,4,4,5,1,1,1,0
CUST-11139,Customer 1140,+91-98765-11139,user1140@example.com,West,Postpaid Premium,Month-to-Month,UPI/Credit Card,64,519.09,34730.72,675.3,821.5,999.4,55.7,67.8,82.5,1,1,2,3,0,0,1
CUST-11140,Customer 1141,+91-98765-11140,user1141@example.com,Central,Postpaid Standard,Month-to-Month,Electronic Check,2,816.99,1505.65,407.1,535.1,703.3,40.6,53.4,70.2,1,1,2,5,1,0,1
CUST-11141,Customer 1142,+91-98765-11141,user1142@example.com,Central,Prepaid Basic,Month-to-Month,UPI/Credit Card,24,1280.08,28915.77,317.5,560.9,991.0,15.0,26.5,46.8,1,1,2,8,3,2,1
CUST-11142,Customer 1143,+91-98765-11142,user1143@example.com,North,Prepaid Unlimited,One Year,UPI/Credit Card,66,1310.54,80398.59,696.5,695.2,694.0,41.1,41.1,41.0,2,2,2,3,3,2,0
CUST-11143,Customer 1144,+91-98765-11143,user1144@example.com,South,Prepaid Basic,Month-to-Month,UPI/Credit Card,38,923.55,37179.17,243.3,430.0,760.1,25.1,44.3,78.3,1,1,1,5,1,1,1
CUST-11144,Customer 1145,+91-98765-11144,user1145@example.com,Central,Prepaid Basic,Month-to-Month,UPI/Credit Card,31,1331.97,37681.34,284.3,357.6,449.8,34.3,43.1,54.2,2,3,4,5,1,1,0
CUST-11145,Customer 1146,+91-98765-11145,user1146@example.com,West,Prepaid Basic,One Year,Mailed Check,26,305.53,8240.22,443.5,466.0,489.7,65.1,68.4,71.9,2,2,3,2,2,1,0
CUST-11146,Customer 1147,+91-98765-11146,user1147@example.com,East,Prepaid Unlimited,One Year,Electronic Check,29,341.21,9630.81,209.8,219.5,229.7,81.8,85.6,89.6,1,1,1,0,0,0,0
CUST-11147,Customer 1148,+91-98765-11147,user1148@example.com,West,Prepaid Unlimited,Month-to-Month,Electronic Check,67,1393.19,98119.03,400.2,580.0,840.5,43.8,63.5,92.0,1,2,4,5,0,0,1
CUST-11148,Customer 1149,+91-98765-11148,user1149@example.com,South,Prepaid Basic,Month-to-Month,Mailed Check,25,1229.4,33589.56,631.0,769.4,938.0,21.1,25.8,31.4,2,2,3,4,2,2,1
CUST-11149,Customer 1150,+91-98765-11149,user1150@example.com,West,Prepaid Unlimited,Month-to-Month,UPI/Credit Card,48,839.85,37205.05,236.7,395.6,661.1,8.2,13.6,22.8,1,1,2,4,2,2,1
CUST-11150,Customer 1151,+91-98765-11150,user1151@example.com,North,Prepaid Unlimited,Two Year,UPI/Credit Card,65,1203.33,75312.82,370.8,389.6,409.3,27.0,28.4,29.8,3,3,4,3,3,2,0
CUST-11151,Customer 1152,+91-98765-11151,user1152@example.com,South,Prepaid Unlimited,Month-to-Month,Electronic Check,53,1445.77,81378.53,100.6,154.9,238.6,32.2,49.6,76.4,1,1,2,4,2,1,0
CUST-11152,Customer 1153,+91-98765-11152,user1153@example.com,East,Prepaid Basic,Two Year,Mailed Check,67,1225.51,78269.06,319.9,329.1,338.6,38.0,39.1,40.2,3,3,4,2,1,0,0
CUST-11153,Customer 1154,+91-98765-11153,user1154@example.com,North,Prepaid Unlimited,One Year,UPI/Credit Card,18,1309.85,22233.96,350.7,340.1,329.9,22.9,22.2,21.5,5,5,5,4,3,2,0
CUST-11154,Customer 1155,+91-98765-11154,user1155@example.com,South,Postpaid Standard,Month-to-Month,UPI/Credit Card,9,1211.73,11615.26,444.2,538.3,652.2,9.7,11.8,14.3,1,1,2,5,2,2,1
CUST-11155,Customer 1156,+91-98765-11155,user1156@example.com,East,Prepaid Basic,Month-to-Month,UPI/Credit Card,38,500.85,20886.36,894.7,922.2,950.5,34.0,35.0,36.1,1,1,2,4,3,2,0
CUST-11156,Customer 1157,+91-98765-11156,user1157@example.com,North,Prepaid Basic,Month-to-Month,Auto-Debit,21,1299.29,27595.49,60.6,93.2,143.4,7.6,11.6,17.9,1,1,2,6,3,2,1
CUST-11157,Customer 1158,+91-98765-11157,user1158@example.com,North,Prepaid Unlimited,Month-to-Month,Mailed Check,65,533.13,33115.17,45.6,67.8,100.9,9.0,13.4,19.9,1,1,1,8,3,2,1
CUST-11158,Customer 1159,+91-98765-11158,user1159@example.com,South,Postpaid Premium,Month-to-Month,UPI/Credit Card,21,1370.13,28189.02,375.1,490.1,640.2,41.0,53.6,70.0,1,2,3,8,3,2,1
CUST-11159,Customer 1160,+91-98765-11159,user1160@example.com,Central,Prepaid Unlimited,One Year,Auto-Debit,27,849.38,21420.26,351.0,353.3,355.7,6.8,6.9,6.9,1,1,2,1,1,0,0
CUST-11160,Customer 1161,+91-98765-11160,user1161@example.com,North,Prepaid Unlimited,Two Year,Mailed Check,70,1111.37,81870.65,914.0,903.2,892.5,16.6,16.4,16.2,2,2,2,2,2,2,0
CUST-11161,Customer 1162,+91-98765-11161,user1162@example.com,North,Prepaid Unlimited,Month-to-Month,UPI/Credit Card,44,895.69,41565.9,134.4,230.3,394.5,29.0,49.7,85.2,1,1,1,4,1,0,1
CUST-11162,Customer 1163,+91-98765-11162,user1163@example.com,East,Prepaid Unlimited,One Year,Electronic Check,28,411.79,12395.16,353.9,357.3,360.8,83.7,84.5,85.3,1,1,1,2,1,1,0
CUST-11163,Customer 1164,+91-98765-11163,user1164@example.com,West,Prepaid Basic,Month-to-Month,Auto-Debit,45,647.87,26393.85,319.0,330.6,342.6,33.8,35.0,36.3,4,4,5,0,0,0,0
CUST-11164,Customer 1165,+91-98765-11164,user1165@example.com,South,Prepaid Unlimited,Month-to-Month,Auto-Debit,17,1479.48,25462.94,75.5,131.9,230.4,4.4,7.7,13.4,1,2,4,4,1,1,0
CUST-11165,Customer 1166,+91-98765-11165,user1166@example.com,South,Postpaid Premium,Month-to-Month,UPI/Credit Card,40,1451.86,54755.51,293.5,427.7,623.4,33.9,49.4,72.0,1,1,2,5,0,0,1
CUST-11166,Customer 1167,+91-98765-11166,user1167@example.com,Central,Prepaid Unlimited,One Year,UPI/Credit Card,3,683.58,1985.48,252.6,252.0,251.4,39.4,39.3,39.2,4,4,4,0,0,0,0
CUST-11167,Customer 1168,+91-98765-11167,user1168@example.com,Central,Postpaid Standard,Two Year,Auto-Debit,66,1494.56,104262.62,437.5,459.3,482.2,8.4,8.9,9.3,1,1,1,2,2,2,0
CUST-11168,Customer 1169,+91-98765-11168,user1169@example.com,South,Postpaid Standard,One Year,Electronic Check,46,1313.66,56706.38,466.5,490.1,514.9,18.1,19.0,20.0,1,1,1,1,1,0,0
CUST-11169,Customer 1170,+91-98765-11169,user1170@example.com,Central,Prepaid Basic,Month-to-Month,Electronic Check,30,1032.15,31821.24,42.8,71.1,118.4,6.5,10.8,18.0,1,3,5,5,0,0,1
CUST-11170,Customer 1171,+91-98765-11170,user1171@example.com,East,Postpaid Premium,Month-to-Month,Mailed Check,69,347.15,24693.83,111.1,113.1,115.1,58.9,59.9,61.0,2,2,3,3,3,2,0
CUST-11171,Customer 1172,+91-98765-11171,user1172@example.com,South,Prepaid Basic,Month-to-Month,UPI/Credit Card,9,1380.74,13555.23,300.0,412.8,568.2,47.7,65.6,90.3,1,1,1,3,1,1,1
CUST-11172,Customer 1173,+91-98765-11172,user1173@example.com,Central,Prepaid Unlimited,Month-to-Month,Electronic Check,11,967.92,11233.05,321.5,483.3,726.4,35.5,53.4,80.3,1,1,2,6,2,2,1
CUST-11173,Customer 1174,+91-98765-11173,user1174@example.com,South,Prepaid Basic,One Year,Mailed Check,69,1341.17,98160.45,1000.4,973.8,947.9,60.1,58.5,56.9,5,5,5,2,2,2,0
CUST-11174,Customer 1175,+91-98765-11174,user1175@example.com,West,Prepaid Basic,One Year,Electronic Check,66,1300.31,86362.86,280.0,270.5,261.2,48.4,46.7,45.1,3,3,3,4,3,2,0
CUST-11175,Customer 1176,+91-98765-11175,user1176@example.com,North,Prepaid Unlimited,One Year,UPI/Credit Card,31,1298.61,37735.06,207.9,200.3,192.9,68.8,66.2,63.8,5,5,5,1,1,1,0
CUST-11176,Customer 1177,+91-98765-11176,user1177@example.com,South,Prepaid Basic,Month-to-Month,Mailed Check,33,1136.81,36956.24,100.7,121.6,146.9,32.3,39.1,47.2,1,1,1,5,0,0,1
CUST-11177,Customer 1178,+91-98765-11177,user1178@example.com,North,Prepaid Unlimited,Month-to-Month,Mailed Check,39,648.7,25549.71,508.2,500.3,492.4,29.3,28.9,28.4,3,3,3,1,1,0,0
CUST-11178,Customer 1179,+91-98765-11178,user1179@example.com,Central,Prepaid Unlimited,Month-to-Month,Mailed Check,46,702.39,33462.88,631.6,646.0,660.8,66.4,67.9,69.5,3,3,4,3,2,2,0
CUST-11179,Customer 1180,+91-98765-11179,user1180@example.com,North,Prepaid Basic,Month-to-Month,Electronic Check,37,669.16,25292.27,901.5,878.7,856.5,92.6,90.3,88.0,3,3,3,2,2,2,0
CUST-11180,Customer 1181,+91-98765-11180,user1181@example.com,South,Prepaid Basic,Month-to-Month,UPI/Credit Card,60,323.06,18972.58,445.6,564.2,714.4,25.2,31.9,40.4,1,1,2,4,0,0,1
CUST-11181,Customer 1182,+91-98765-11181,user1182@example.com,West,Prepaid Unlimited,One Year,Mailed Check,31,998.08,29488.21,302.6,295.0,287.5,89.4,87.1,84.9,4,4,4,1,1,0,0
CUST-11182,Customer 1183,+91-98765-11182,user1183@example.com,Central,Prepaid Unlimited,One Year,Auto-Debit,11,1137.6,11683.27,298.8,392.5,515.6,26.7,35.0,46.0,2,3,4,5,0,0,1
CUST-11183,Customer 1184,+91-98765-11183,user1184@example.com,South,Postpaid Standard,Month-to-Month,UPI/Credit Card,2,1323.64,2749.91,412.9,616.1,919.3,19.4,28.9,43.1,1,1,2,6,1,1,1
CUST-11184,Customer 1185,+91-98765-11184,user1185@example.com,Central,Prepaid Unlimited,Month-to-Month,Auto-Debit,27,467.2,12981.22,412.9,403.4,394.1,8.1,7.9,7.7,4,4,4,3,2,1,0
CUST-11185,Customer 1186,+91-98765-11185,user1186@example.com,East,Postpaid Standard,Month-to-Month,Auto-Debit,2,952.02,1975.39,207.9,337.8,548.9,26.9,43.8,71.1,1,1,1,7,3,2,1
CUST-11186,Customer 1187,+91-98765-11186,user1187@example.com,North,Prepaid Unlimited,Month-to-Month,Mailed Check,21,308.61,6315.58,1040.4,1000.8,962.7,88.3,84.9,81.7,3,3,3,1,1,1,0
CUST-11187,Customer 1188,+91-98765-11187,user1188@example.com,East,Prepaid Unlimited,One Year,Mailed Check,58,413.11,22821.82,728.2,744.5,761.2,65.1,66.5,68.0,2,2,3,2,2,2,0
CUST-11188,Customer 1189,+91-98765-11188,user1189@example.com,South,Prepaid Unlimited,Month-to-Month,Electronic Check,5,364.05,1914.8,232.3,423.7,773.0,5.8,10.6,19.4,1,1,2,2,0,0,1
CUST-11189,Customer 1190,+91-98765-11189,user1190@example.com,West,Prepaid Basic,Month-to-Month,Electronic Check,52,1169.57,64146.16,220.3,268.4,327.1,10.0,12.1,14.8,1,1,1,5,0,0,1
CUST-11190,Customer 1191,+91-98765-11190,user1191@example.com,Central,Prepaid Unlimited,Month-to-Month,Electronic Check,45,396.27,17673.86,519.6,495.9,473.2,65.2,62.2,59.4,4,4,4,4,3,2,0
CUST-11191,Customer 1192,+91-98765-11191,user1192@example.com,North,Postpaid Standard,Two Year,UPI/Credit Card,20,1158.74,23693.47,158.6,166.2,174.1,39.3,41.1,43.1,2,2,3,2,1,0,0
CUST-11192,Customer 1193,+91-98765-11192,user1193@example.com,Central,Prepaid Unlimited,Month-to-Month,Electronic Check,61,598.55,35587.95,616.7,631.1,645.9,43.7,44.8,45.8,2,2,3,4,3,2,0
CUST-11193,Customer 1194,+91-98765-11193,user1194@example.com,South,Postpaid Standard,Month-to-Month,Auto-Debit,38,1352.26,53461.33,83.6,127.1,193.4,41.9,63.7,96.9,1,1,3,5,2,2,1
CUST-11194,Customer 1195,+91-98765-11194,user1195@example.com,Central,Postpaid Standard,Month-to-Month,Electronic Check,20,1274.78,27207.48,417.5,596.5,852.3,36.1,51.7,73.8,1,2,3,5,3,2,1
CUST-11195,Customer 1196,+91-98765-11195,user1196@example.com,North,Postpaid Standard,One Year,Mailed Check,25,1448.4,37573.19,754.6,792.9,833.1,39.9,42.0,44.1,4,4,5,2,2,1,0
CUST-11196,Customer 1197,+91-98765-11196,user1197@example.com,South,Postpaid Premium,Two Year,Electronic Check,2,1359.51,2725.86,522.2,550.4,580.2,6.1,6.5,6.8,1,1,2,2,2,2,0
CUST-11197,Customer 1198,+91-98765-11197,user1198@example.com,Central,Prepaid Unlimited,Month-to-Month,UPI/Credit Card,32,1419.0,45032.55,94.7,146.6,227.0,3.4,5.3,8.2,1,2,4,6,2,2,1
CUST-11198,Customer 1199,+91-98765-11198,user1199@example.com,West,Prepaid Unlimited,Two Year,UPI/Credit Card,26,1329.49,35550.65,131.7,127.3,123.0,75.0,72.5,70.1,4,4,4,2,2,2,0
CUST-11199,Customer 1200,+91-98765-11199,user1200@example.com,South,Prepaid Unlimited,Two Year,Auto-Debit,70,1131.06,82021.48,860.7,838.5,817.0,89.1,86.8,84.6,2,2,2,1,1,1,0
CUST-11200,Customer 1201,+91-98765-11200,user1201@example.com,South,Prepaid Unlimited,Two Year,UPI/Credit Card,41,503.31,20878.09,619.7,629.8,640.1,69.9,71.0,72.2,1,1,1,1,0,0,0
CUST-11201,Customer 1202,+91-98765-11201,user1202@example.com,West,Prepaid Unlimited,One Year,Electronic Check,67,625.05,42924.83,666.1,702.0,739.8,39.3,41.4,43.6,1,1,2,1,1,1,0
CUST-11202,Customer 1203,+91-98765-11202,user1203@example.com,East,Postpaid Standard,One Year,Mailed Check,1,554.27,509.55,377.5,375.4,373.4,8.1,8.0,8.0,3,3,3,3,3,2,0
CUST-11203,Customer 1204,+91-98765-11203,user1204@example.com,North,Prepaid Unlimited,Month-to-Month,UPI/Credit Card,51,1023.3,56903.67,365.4,451.8,558.5,63.4,78.4,96.9,1,2,3,4,1,1,1
CUST-11204,Customer 1205,+91-98765-11204,user1205@example.com,East,Prepaid Unlimited,One Year,Auto-Debit,5,903.34,4779.37,505.5,624.9,772.5,64.6,79.8,98.7,1,1,2,2,0,0,1
CUST-11205,Customer 1206,+91-98765-11205,user1206@example.com,Central,Prepaid Basic,Month-to-Month,Electronic Check,13,1339.5,16974.43,198.1,319.8,516.3,21.9,35.4,57.2,1,1,2,4,1,0,1
CUST-11206,Customer 1207,+91-98765-11206,user1207@example.com,West,Prepaid Unlimited,One Year,Auto-Debit,19,1442.21,27746.23,664.1,652.6,641.2,12.1,11.9,11.7,4,4,4,3,3,2,0
CUST-11207,Customer 1208,+91-98765-11207,user1208@example.com,East,Prepaid Basic,Month-to-Month,UPI/Credit Card,12,784.83,8565.3,420.7,584.1,810.8,29.3,40.6,56.4,2,2,4,6,1,0,1
CUST-11208,Customer 1209,+91-98765-11208,user1209@example.com,South,Postpaid Standard,One Year,UPI/Credit Card,48,906.62,39524.81,295.8,294.7,293.7,90.4,90.1,89.8,5,5,5,3,2,1,0
CUST-11209,Customer 1210,+91-98765-11209,user1210@example.com,Central,Prepaid Unlimited,One Year,Auto-Debit,25,1464.82,34795.32,154.1,156.7,159.3,67.3,68.4,69.6,4,4,5,3,2,1,0
CUST-11210,Customer 1211,+91-98765-11210,user1211@example.com,Central,Prepaid Basic,Month-to-Month,Electronic Check,57,630.49,37301.43,609.8,594.0,578.6,77.4,75.4,73.4,3,3,3,1,0,0,0
CUST-11211,Customer 1212,+91-98765-11211,user1212@example.com,East,Prepaid Basic,One Year,UPI/Credit Card,35,1249.87,46826.42,148.6,152.2,155.9,12.5,12.8,13.1,4,4,5,3,2,2,0
CUST-11212,Customer 1213,+91-98765-11212,user1213@example.com,East,Prepaid Unlimited,Month-to-Month,Mailed Check,5,569.29,2880.14,514.4,637.5,789.9,9.8,12.2,15.1,3,4,5,8,3,2,0
CUST-11213,Customer 1214,+91-98765-11213,user1214@example.com,West,Prepaid Unlimited,One Year,UPI/Credit Card,22,1116.75,24726.39,683.2,714.6,747.3,15.6,16.4,17.1,1,1,1,3,2,1,0
CUST-11214,Customer 1215,+91-98765-11214,user1215@example.com,North,Prepaid Unlimited,Month-to-Month,Electronic Check,57,603.34,33718.46,311.8,527.8,893.5,31.7,53.7,90.9,1,1,2,6,1,0,1
CUST-11215,Customer 1216,+91-98765-11215,user1216@example.com,East,Prepaid Basic,Month-to-Month,UPI/Credit Card,47,1359.48,59571.08,304.7,453.7,675.6,24.8,36.9,55.0,1,2,4,7,2,1,0
CUST-11216,Customer 1217,+91-98765-11216,user1217@example.com,East,Prepaid Unlimited,Two Year,Auto-Debit,54,972.77,48520.04,146.3,153.2,160.5,73.1,76.6,80.2,4,4,5,1,1,1,0
CUST-11217,Customer 1218,+91-98765-11217,user1218@example.com,South,Prepaid Unlimited,Month-to-Month,UPI/Credit Card,3,522.12,1648.02,100.5,181.5,327.8,4.9,8.9,16.0,1,2,4,7,2,1,1
CUST-11218,Customer 1219,+91-98765-11218,user1219@example.com,Central,Prepaid Unlimited,One Year,UPI/Credit Card,53,568.24,32691.72,902.6,864.0,827.1,101.6,97.3,93.1,5,5,5,4,3,2,0
CUST-11219,Customer 1220,+91-98765-11219,user1220@example.com,North,Prepaid Unlimited,Month-to-Month,Electronic Check,31,891.62,27409.61,99.0,157.4,250.4,32.8,52.2,83.0,1,3,5,4,0,0,1
CUST-11220,Customer 1221,+91-98765-11220,user1221@example.com,South,Prepaid Unlimited,Month-to-Month,Auto-Debit,69,1452.92,103448.41,219.2,399.6,728.6,7.9,14.5,26.4,1,1,3,2,0,0,1
CUST-11221,Customer 1222,+91-98765-11221,user1222@example.com,West,Prepaid Basic,Month-to-Month,Electronic Check,33,1222.57,43689.05,520.6,646.2,802.2,57.1,70.9,88.0,1,1,1,4,2,2,1
CUST-11222,Customer 1223,+91-98765-11222,user1223@example.com,West,Postpaid Premium,Month-to-Month,UPI/Credit Card,50,884.97,40621.13,189.6,274.4,397.1,14.3,20.7,30.0,1,1,2,6,2,1,1
CUST-11223,Customer 1224,+91-98765-11223,user1224@example.com,East,Prepaid Unlimited,Month-to-Month,Mailed Check,16,704.26,11877.73,154.3,245.3,390.1,9.7,15.4,24.5,1,1,2,4,2,1,0
CUST-11224,Customer 1225,+91-98765-11224,user1225@example.com,East,Prepaid Unlimited,Month-to-Month,UPI/Credit Card,39,958.12,38239.69,243.9,383.2,602.0,12.2,19.2,30.1,1,1,3,7,2,2,1
CUST-11225,Customer 1226,+91-98765-11225,user1226@example.com,West,Prepaid Basic,Month-to-Month,Electronic Check,46,1197.03,56149.64,346.8,550.9,875.2,36.2,57.5,91.4,1,1,3,6,1,0,1
CUST-11226,Customer 1227,+91-98765-11226,user1227@example.com,East,Prepaid Unlimited,Month-to-Month,Mailed Check,47,1239.71,55848.79,113.9,185.3,301.5,34.8,56.5,92.0,1,1,2,7,3,2,1
CUST-11227,Customer 1228,+91-98765-11227,user1228@example.com,North,Prepaid Basic,Two Year,Electronic Check,44,688.53,31409.54,994.2,970.4,947.1,38.1,37.2,36.3,2,2,2,0,0,0,0
CUST-11228,Customer 1229,+91-98765-11228,user1229@example.com,East,Prepaid Unlimited,Two Year,Electronic Check,9,1164.39,11097.38,649.2,644.2,639.2,73.1,72.6,72.0,1,1,1,1,0,0,0
CUST-11229,Customer 1230,+91-98765-11229,user1230@example.com,Central,Postpaid Premium,Month-to-Month,Auto-Debit,50,1088.35,50204.04,521.0,719.2,992.9,36.3,50.1,69.2,2,3,5,5,0,0,1
CUST-11230,Customer 1231,+91-98765-11230,user1231@example.com,East,Prepaid Unlimited,One Year,Mailed Check,60,1449.93,87579.04,169.7,175.1,180.7,76.6,79.1,81.6,1,1,1,3,2,1,0
CUST-11231,Customer 1232,+91-98765-11231,user1232@example.com,South,Prepaid Basic,Month-to-Month,UPI/Credit Card,15,1416.31,19550.45,145.4,176.4,213.9,22.6,27.4,33.2,1,1,2,3,1,1,1
CUST-11232,Customer 1233,+91-98765-11232,user1233@example.com,North,Prepaid Basic,One Year,Electronic Check,36,1246.26,48208.49,886.3,864.9,844.0,56.2,54.8,53.5,5,5,5,3,3,2,0
CUST-11233,Customer 1234,+91-98765-11233,user1234@example.com,South,Prepaid Unlimited,One Year,UPI/Credit Card,63,1167.07,73637.71,833.5,855.6,878.3,64.9,66.6,68.4,1,1,2,4,3,2,0
CUST-11234,Customer 1235,+91-98765-11234,user1235@example.com,South,Prepaid Basic,Two Year,Auto-Debit,69,627.85,45989.97,451.1,475.3,500.9,6.8,7.1,7.5,1,1,1,2,2,1,0
CUST-11235,Customer 1236,+91-98765-11235,user1236@example.com,Central,Prepaid Basic,Month-to-Month,Auto-Debit,41,1314.16,52459.04,463.6,586.8,742.7,25.5,32.2,40.8,1,1,1,6,2,2,1
CUST-11236,Customer 1237,+91-98765-11236,user1237@example.com,North,Postpaid Standard,One Year,Mailed Check,24,812.01,18026.93,902.5,891.6,880.8,72.8,72.0,71.1,1,1,1,2,1,1,0
CUST-11237,Customer 1238,+91-98765-11237,user1238@example.com,North,Prepaid Unlimited,Month-to-Month,Auto-Debit,49,625.69,27847.39,137.3,138.0,138.8,28.7,28.8,29.0,4,4,5,2,1,1,0
CUST-11238,Customer 1239,+91-98765-11238,user1239@example.com,North,Prepaid Basic,Two Year,Auto-Debit,18,759.99,13082.04,644.4,630.4,616.6,100.3,98.1,96.0,4,4,4,1,1,0,0
CUST-11239,Customer 1240,+91-98765-11239,user1240@example.com,North,Postpaid Premium,Month-to-Month,UPI/Credit Card,7,1302.12,8648.59,266.0,480.5,868.1,2.4,4.4,7.9,1,2,4,2,0,0,1
CUST-11240,Customer 1241,+91-98765-11240,user1241@example.com,North,Prepaid Basic,One Year,Auto-Debit,4,477.36,1932.49,499.9,478.6,458.3,104.7,100.3,96.0,2,2,2,2,1,1,0
CUST-11241,Customer 1242,+91-98765-11241,user1242@example.com,Central,Postpaid Premium,One Year,Auto-Debit,69,846.39,52814.73,340.0,355.7,372.1,23.4,24.5,25.6,4,4,5,2,1,0,0
CUST-11242,Customer 1243,+91-98765-11242,user1243@example.com,East,Prepaid Unlimited,One Year,Electronic Check,60,889.83,53609.45,839.1,827.5,816.1,9.9,9.7,9.6,3,3,3,3,2,1,0
CUST-11243,Customer 1244,+91-98765-11243,user1244@example.com,South,Postpaid Standard,Month-to-Month,Auto-Debit,55,342.96,18454.5,210.3,290.8,402.2,17.1,23.7,32.8,2,2,4,5,0,0,1
CUST-11244,Customer 1245,+91-98765-11244,user1245@example.com,North,Prepaid Unlimited,Two Year,Electronic Check,16,533.9,8674.16,102.3,102.6,102.9,79.2,79.5,79.7,4,4,5,3,2,2,0
CUST-11245,Customer 1246,+91-98765-11245,user1246@example.com,East,Postpaid Standard,Month-to-Month,Auto-Debit,29,1291.09,38957.38,386.5,610.3,963.6,30.7,48.5,76.5,2,3,5,6,3,2,1
CUST-11246,Customer 1247,+91-98765-11246,user1247@example.com,East,Postpaid Premium,One Year,Auto-Debit,23,1295.92,30605.51,686.9,659.4,632.9,26.9,25.8,24.8,4,4,4,3,2,1,0
CUST-11247,Customer 1248,+91-98765-11247,user1248@example.com,South,Prepaid Basic,Month-to-Month,Mailed Check,14,649.9,9980.52,878.5,857.8,837.6,24.9,24.3,23.7,5,5,5,2,2,1,0
CUST-11248,Customer 1249,+91-98765-11248,user1249@example.com,Central,Postpaid Premium,Month-to-Month,Mailed Check,49,1348.88,61313.34,387.8,571.7,842.8,30.4,44.8,66.0,2,3,5,5,0,0,1
CUST-11249,Customer 1250,+91-98765-11249,user1250@example.com,West,Prepaid Unlimited,Month-to-Month,Electronic Check,33,1225.14,39861.48,95.2,123.4,159.8,28.9,37.4,48.5,2,3,4,5,0,0,1
CUST-11250,Customer 1251,+91-98765-11250,user1251@example.com,West,Prepaid Unlimited,Month-to-Month,Auto-Debit,25,800.49,19711.39,102.0,160.9,253.8,32.3,50.9,80.3,1,1,1,4,2,1,1
CUST-11251,Customer 1252,+91-98765-11251,user1252@example.com,East,Prepaid Unlimited,Month-to-Month,UPI/Credit Card,21,1197.09,24721.85,220.2,289.3,380.0,4.2,5.6,7.3,1,1,2,7,2,2,1
CUST-11252,Customer 1253,+91-98765-11252,user1253@example.com,South,Prepaid Unlimited,Month-to-Month,Mailed Check,17,1452.6,25503.17,193.0,273.8,388.6,31.3,44.4,63.0,1,2,3,5,2,2,1
CUST-11253,Customer 1254,+91-98765-11253,user1254@example.com,West,Prepaid Basic,Month-to-Month,UPI/Credit Card,23,849.76,19504.72,453.3,560.4,692.9,48.7,60.2,74.4,1,1,2,6,1,1,0
CUST-11254,Customer 1255,+91-98765-11254,user1255@example.com,East,Prepaid Unlimited,One Year,Mailed Check,57,585.11,33467.55,610.8,635.3,660.8,91.9,95.6,99.4,1,1,1,4,3,2,0
CUST-11255,Customer 1256,+91-98765-11255,user1256@example.com,Central,Prepaid Unlimited,Two Year,Mailed Check,58,1429.18,81771.0,497.0,520.5,545.1,63.4,66.4,69.5,1,1,1,1,1,1,0
CUST-11256,Customer 1257,+91-98765-11256,user1257@example.com,West,Postpaid Standard,Month-to-Month,Auto-Debit,14,1023.49,15737.96,98.2,168.8,290.1,9.1,15.7,27.0,1,2,5,5,1,0,1
CUST-11257,Customer 1258,+91-98765-11257,user1258@example.com,East,Postpaid Standard,Month-to-Month,Mailed Check,20,425.32,9233.8,453.8,448.8,443.8,15.6,15.5,15.3,2,2,2,3,2,2,0
CUST-11258,Customer 1259,+91-98765-11258,user1259@example.com,East,Prepaid Unlimited,Month-to-Month,UPI/Credit Card,30,986.22,28448.84,296.2,417.8,589.2,33.1,46.7,65.9,1,1,1,8,3,2,1
CUST-11259,Customer 1260,+91-98765-11259,user1260@example.com,North,Prepaid Unlimited,Month-to-Month,Mailed Check,19,899.7,15766.39,309.1,401.4,521.2,32.4,42.1,54.7,1,1,2,5,1,0,1
CUST-11260,Customer 1261,+91-98765-11260,user1261@example.com,Central,Prepaid Basic,One Year,Electronic Check,53,1325.71,75037.18,215.6,215.1,214.6,90.8,90.6,90.4,1,1,1,0,0,0,0
CUST-11261,Customer 1262,+91-98765-11261,user1262@example.com,North,Prepaid Basic,One Year,Auto-Debit,56,935.83,57617.47,721.8,703.0,684.6,78.0,76.0,74.0,3,3,3,2,2,2,0
CUST-11262,Customer 1263,+91-98765-11262,user1263@example.com,South,Prepaid Basic,Month-to-Month,Auto-Debit,23,605.28,13344.0,153.3,159.4,165.7,49.4,51.4,53.4,1,1,1,4,3,2,0
CUST-11263,Customer 1264,+91-98765-11263,user1264@example.com,North,Prepaid Unlimited,Month-to-Month,Electronic Check,62,1109.77,66848.7,199.5,296.4,440.4,19.6,29.1,43.3,1,1,2,7,2,1,1
CUST-11264,Customer 1265,+91-98765-11264,user1265@example.com,North,Prepaid Basic,Month-to-Month,Electronic Check,33,950.09,34122.27,364.2,518.8,739.0,21.4,30.5,43.4,2,3,5,4,1,1,1
CUST-11265,Customer 1266,+91-98765-11265,user1266@example.com,West,Postpaid Premium,One Year,Electronic Check,18,578.65,10855.51,123.6,120.8,118.0,27.8,27.1,26.5,2,2,2,3,3,2,0
CUST-11266,Customer 1267,+91-98765-11266,user1267@example.com,East,Prepaid Unlimited,Two Year,Mailed Check,33,987.35,31250.83,555.5,583.6,613.0,6.0,6.3,6.6,3,3,4,3,2,1,0
CUST-11267,Customer 1268,+91-98765-11267,user1268@example.com,Central,Prepaid Unlimited,Month-to-Month,Auto-Debit,32,1284.84,41781.32,225.0,300.4,401.1,33.4,44.6,59.6,1,1,2,4,0,0,1
CUST-11268,Customer 1269,+91-98765-11268,user1269@example.com,North,Prepaid Unlimited,Month-to-Month,Electronic Check,61,333.29,22136.99,102.9,105.4,107.9,24.0,24.6,25.2,2,2,3,2,1,1,0
CUST-11269,Customer 1270,+91-98765-11269,user1270@example.com,Central,Prepaid Basic,Two Year,Mailed Check,54,1056.02,60581.31,295.7,283.2,271.3,27.0,25.9,24.8,3,3,3,2,1,1,0
CUST-11270,Customer 1271,+91-98765-11270,user1271@example.com,North,Prepaid Unlimited,Two Year,Electronic Check,17,718.5,12805.27,887.3,916.6,946.9,15.8,16.4,16.9,2,2,3,3,2,2,0
CUST-11271,Customer 1272,+91-98765-11271,user1272@example.com,South,Prepaid Unlimited,Month-to-Month,UPI/Credit Card,19,650.21,12939.56,592.6,580.7,569.0,24.0,23.5,23.0,1,1,1,3,2,1,0
CUST-11272,Customer 1273,+91-98765-11272,user1273@example.com,North,Prepaid Unlimited,Month-to-Month,UPI/Credit Card,70,770.11,50436.26,906.3,950.8,997.5,7.3,7.6,8.0,2,2,3,2,2,2,0
CUST-11273,Customer 1274,+91-98765-11273,user1274@example.com,West,Prepaid Unlimited,Month-to-Month,Auto-Debit,34,709.43,25686.92,537.7,554.7,572.3,64.9,67.0,69.1,1,1,2,3,2,2,0
CUST-11274,Customer 1275,+91-98765-11274,user1275@example.com,East,Postpaid Premium,Month-to-Month,Mailed Check,25,1297.69,30989.61,223.2,362.7,589.5,16.3,26.5,43.1,1,3,5,6,2,2,1
CUST-11275,Customer 1276,+91-98765-11275,user1276@example.com,South,Postpaid Standard,Month-to-Month,UPI/Credit Card,68,628.76,46435.8,242.1,331.0,452.7,31.2,42.6,58.3,1,2,3,4,0,0,1
CUST-11276,Customer 1277,+91-98765-11276,user1277@example.com,North,Prepaid Unlimited,Month-to-Month,UPI/Credit Card,11,1178.78,12615.55,241.5,302.5,379.0,41.7,52.3,65.5,1,1,2,7,2,1,1
CUST-11277,Customer 1278,+91-98765-11277,user1278@example.com,Central,Prepaid Unlimited,Month-to-Month,Mailed Check,16,411.87,7061.31,355.9,340.9,326.4,106.2,101.7,97.4,1,1,1,2,2,1,0
CUST-11278,Customer 1279,+91-98765-11278,user1279@example.com,South,Prepaid Unlimited,Month-to-Month,Electronic Check,61,1440.68,83772.73,183.6,274.1,409.1,5.2,7.7,11.5,1,1,1,3,1,1,0
CUST-11279,Customer 1280,+91-98765-11279,user1280@example.com,South,Prepaid Basic,One Year,Mailed Check,7,1045.78,7341.73,170.7,296.1,513.9,14.8,25.8,44.7,1,2,5,6,2,2,1
CUST-11280,Customer 1281,+91-98765-11280,user1281@example.com,North,Prepaid Unlimited,Month-to-Month,Electronic Check,16,1147.06,16910.0,121.3,181.9,272.8,12.6,18.9,28.4,2,3,5,2,0,0,1
CUST-11281,Customer 1282,+91-98765-11281,user1282@example.com,South,Prepaid Basic,Month-to-Month,UPI/Credit Card,16,656.65,10842.85,299.4,300.9,302.4,49.8,50.1,50.3,1,1,2,3,2,2,0
CUST-11282,Customer 1283,+91-98765-11282,user1283@example.com,Central,Prepaid Unlimited,Month-to-Month,UPI/Credit Card,40,793.52,33874.29,369.6,356.8,344.4,99.2,95.7,92.4,5,5,5,2,2,1,0
CUST-11283,Customer 1284,+91-98765-11283,user1284@example.com,South,Prepaid Unlimited,Month-to-Month,UPI/Credit Card,12,567.53,7107.9,295.5,386.0,504.3,43.2,56.5,73.8,2,3,5,6,3,2,1
CUST-11284,Customer 1285,+91-98765-11284,user1285@example.com,Central,Prepaid Basic,Two Year,Auto-Debit,35,1418.04,49862.27,731.9,709.3,687.5,72.3,70.1,67.9,1,1,1,3,3,2,0
CUST-11285,Customer 1286,+91-98765-11285,user1286@example.com,North,Postpaid Premium,Month-to-Month,Auto-Debit,21,884.73,16889.04,413.0,599.6,870.5,22.2,32.3,46.9,1,1,2,4,2,1,1
CUST-11286,Customer 1287,+91-98765-11286,user1287@example.com,East,Postpaid Premium,Month-to-Month,Auto-Debit,50,1055.54,57352.14,123.3,210.2,358.4,23.7,40.4,68.8,1,2,5,6,2,2,1
CUST-11287,Customer 1288,+91-98765-11287,user1288@example.com,South,Postpaid Standard,One Year,Mailed Check,43,1180.13,52831.13,240.4,252.6,265.4,7.3,7.7,8.1,1,1,2,3,3,2,0
CUST-11288,Customer 1289,+91-98765-11288,user1289@example.com,East,Prepaid Unlimited,Month-to-Month,UPI/Credit Card,17,744.33,13275.82,407.8,424.1,441.0,56.1,58.4,60.7,2,2,3,1,1,0,0
CUST-11289,Customer 1290,+91-98765-11289,user1290@example.com,Central,Postpaid Standard,Two Year,UPI/Credit Card,32,1163.12,39413.43,895.1,900.0,904.9,57.0,57.3,57.6,1,1,1,3,2,2,0
CUST-11290,Customer 1291,+91-98765-11290,user1291@example.com,South,Prepaid Basic,Month-to-Month,Mailed Check,41,1110.19,47773.14,52.8,75.8,108.9,18.4,26.4,37.9,1,1,1,4,1,0,1
CUST-11291,Customer 1292,+91-98765-11291,user1292@example.com,West,Postpaid Standard,Month-to-Month,Auto-Debit,6,1145.79,6793.78,336.1,488.6,710.1,11.4,16.6,24.1,1,1,1,4,2,1,1
CUST-11292,Customer 1293,+91-98765-11292,user1293@example.com,East,Prepaid Basic,Month-to-Month,Mailed Check,27,886.08,25042.0,263.8,373.7,529.4,40.7,57.7,81.7,1,2,4,6,1,0,1
CUST-11293,Customer 1294,+91-98765-11293,user1294@example.com,South,Postpaid Standard,Month-to-Month,Auto-Debit,20,758.52,15549.74,227.8,236.2,244.9,9.4,9.7,10.1,1,1,2,3,2,2,0
CUST-11294,Customer 1295,+91-98765-11294,user1295@example.com,East,Prepaid Basic,One Year,UPI/Credit Card,25,565.5,15138.48,380.3,384.6,388.9,11.3,11.5,11.6,2,2,3,2,1,1,0
CUST-11295,Customer 1296,+91-98765-11295,user1296@example.com,South,Postpaid Standard,One Year,Electronic Check,66,1288.55,90188.8,325.7,313.9,302.5,50.4,48.6,46.8,5,5,5,3,2,2,0
CUST-11296,Customer 1297,+91-98765-11296,user1297@example.com,North,Postpaid Premium,Month-to-Month,Auto-Debit,9,1029.02,8411.7,352.3,559.9,890.0,11.5,18.2,29.0,1,1,3,6,2,2,1
CUST-11297,Customer 1298,+91-98765-11297,user1298@example.com,East,Prepaid Basic,Month-to-Month,UPI/Credit Card,53,832.22,43039.26,259.7,372.3,533.7,36.9,52.9,75.8,1,1,2,5,1,0,1
CUST-11298,Customer 1299,+91-98765-11298,user1299@example.com,West,Prepaid Unlimited,One Year,UPI/Credit Card,61,1431.8,79212.24,556.9,581.3,606.8,59.8,62.5,65.2,1,1,1,4,3,2,0
CUST-11299,Customer 1300,+91-98765-11299,user1300@example.com,West,Postpaid Premium,Two Year,Electronic Check,38,356.41,12465.71,630.5,632.4,634.3,77.9,78.2,78.4,3,3,4,1,0,0,0
CUST-11300,Customer 1301,+91-98765-11300,user1301@example.com,Central,Prepaid Unlimited,Month-to-Month,UPI/Credit Card,3,1319.21,4037.9,274.3,430.5,675.7,14.5,22.8,35.8,1,1,2,5,1,1,1
CUST-11301,Customer 1302,+91-98765-11301,user1302@example.com,South,Postpaid Standard,Month-to-Month,UPI/Credit Card,70,1496.1,112556.85,171.8,306.3,546.0,23.7,42.2,75.3,1,1,2,6,1,1,1
CUST-11302,Customer 1303,+91-98765-11302,user1303@example.com,East,Prepaid Unlimited,Month-to-Month,Auto-Debit,55,1363.33,69281.8,72.7,91.9,116.1,54.4,68.8,86.9,3,3,5,8,3,2,1
CUST-11303,Customer 1304,+91-98765-11303,user1304@example.com,Central,Prepaid Unlimited,Two Year,Auto-Debit,1,1271.52,1259.08,381.7,391.4,401.3,35.9,36.9,37.8,2,2,3,2,1,0,0
CUST-11304,Customer 1305,+91-98765-11304,user1305@example.com,East,Prepaid Basic,Month-to-Month,Electronic Check,70,748.17,56675.6,253.6,259.5,265.5,35.6,36.5,37.3,2,2,3,3,2,2,0
CUST-11305,Customer 1306,+91-98765-11305,user1306@example.com,South,Prepaid Basic,Month-to-Month,Electronic Check,45,576.58,27577.08,732.8,722.4,712.1,93.1,91.8,90.5,5,5,5,3,2,2,0
CUST-11306,Customer 1307,+91-98765-11306,user1307@example.com,West,Postpaid Standard,One Year,UPI/Credit Card,47,1180.82,55716.85,137.6,144.1,151.0,8.8,9.3,9.7,3,3,4,2,2,2,0
CUST-11307,Customer 1308,+91-98765-11307,user1308@example.com,North,Prepaid Unlimited,Month-to-Month,Auto-Debit,26,664.49,18215.11,556.5,581.4,607.4,35.1,36.7,38.3,1,1,1,2,2,2,0
CUST-11308,Customer 1309,+91-98765-11308,user1309@example.com,West,Prepaid Unlimited,Month-to-Month,Electronic Check,14,510.25,7175.92,271.6,280.4,289.6,15.3,15.8,16.3,1,1,1,1,0,0,0
CUST-11309,Customer 1310,+91-98765-11309,user1310@example.com,Central,Prepaid Unlimited,Month-to-Month,Electronic Check,54,1242.83,62523.54,398.9,616.9,954.0,3.3,5.0,7.8,1,2,4,5,2,2,1
CUST-11310,Customer 1311,+91-98765-11310,user1311@example.com,North,Prepaid Unlimited,Month-to-Month,Mailed Check,71,674.05,44265.71,412.3,407.1,402.0,16.1,15.9,15.7,5,5,5,1,1,1,0
CUST-11311,Customer 1312,+91-98765-11311,user1312@example.com,Central,Postpaid Standard,Month-to-Month,Electronic Check,46,1396.33,60227.88,238.4,306.0,392.7,27.9,35.8,46.0,1,1,2,4,0,0,1
CUST-11312,Customer 1313,+91-98765-11312,user1313@example.com,South,Postpaid Premium,Month-to-Month,UPI/Credit Card,31,1307.76,39331.82,410.6,618.3,931.0,31.0,46.7,70.3,1,1,3,7,3,2,1
CUST-11313,Customer 1314,+91-98765-11313,user1314@example.com,North,Prepaid Unlimited,Month-to-Month,Auto-Debit,59,1316.17,84340.5,311.9,385.2,475.6,21.3,26.3,32.5,1,1,2,4,0,0,1
CUST-11314,Customer 1315,+91-98765-11314,user1315@example.com,Central,Postpaid Standard,Month-to-Month,Electronic Check,29,1224.88,37650.53,442.7,654.2,966.6,39.3,58.0,85.7,1,2,3,6,3,2,1
CUST-11315,Customer 1316,+91-98765-11315,user1316@example.com,South,Postpaid Standard,One Year,Mailed Check,17,1356.06,22743.19,121.5,121.7,121.8,46.5,46.5,46.6,1,1,2,2,1,1,0
CUST-11316,Customer 1317,+91-98765-11316,user1317@example.com,West,Prepaid Unlimited,One Year,Auto-Debit,14,1265.9,17698.06,381.3,378.5,375.7,98.4,97.7,97.0,5,5,5,3,2,1,0
CUST-11317,Customer 1318,+91-98765-11317,user1318@example.com,South,Postpaid Premium,Month-to-Month,Electronic Check,36,1022.01,35067.6,392.1,523.7,699.6,53.6,71.6,95.6,2,3,5,6,1,1,0
CUST-11318,Customer 1319,+91-98765-11318,user1319@example.com,East,Prepaid Basic,Month-to-Month,Mailed Check,58,653.99,39481.7,419.7,615.2,901.8,36.5,53.6,78.5,1,2,4,3,0,0,0
CUST-11319,Customer 1320,+91-98765-11319,user1320@example.com,South,Prepaid Basic,Month-to-Month,Electronic Check,24,1364.85,34739.9,174.3,240.1,330.8,49.3,67.9,93.6,1,1,2,5,2,1,1
CUST-11320,Customer 1321,+91-98765-11320,user1321@example.com,South,Postpaid Standard,Month-to-Month,Auto-Debit,63,1307.72,78084.22,485.0,674.3,937.4,37.4,51.9,72.2,1,1,2,6,2,2,1
CUST-11321,Customer 1322,+91-98765-11321,user1322@example.com,East,Prepaid Unlimited,Month-to-Month,Auto-Debit,25,866.46,19676.53,338.9,463.8,634.7,48.1,65.8,90.1,2,2,4,8,3,2,1
CUST-11322,Customer 1323,+91-98765-11322,user1323@example.com,Central,Postpaid Standard,One Year,Auto-Debit,59,345.89,20913.16,781.1,800.7,820.9,26.2,26.8,27.5,3,3,4,4,3,2,0
CUST-11323,Customer 1324,+91-98765-11323,user1324@example.com,Central,Postpaid Standard,Month-to-Month,UPI/Credit Card,32,1065.25,34514.18,265.1,348.2,457.5,21.9,28.8,37.8,2,3,5,5,1,0,1
CUST-11324,Customer 1325,+91-98765-11324,user1325@example.com,South,Prepaid Basic,Month-to-Month,Electronic Check,18,359.72,6348.22,270.1,280.4,291.0,71.0,73.7,76.5,4,4,5,0,0,0,0
CUST-11325,Customer 1326,+91-98765-11325,user1326@example.com,East,Postpaid Standard,Month-to-Month,UPI/Credit Card,37,1410.54,53691.94,281.4,508.8,920.1,13.9,25.1,45.3,1,1,2,4,2,1,1
CUST-11326,Customer 1327,+91-98765-11326,user1327@example.com,East,Prepaid Unlimited,One Year,Auto-Debit,26,1452.96,38159.36,940.7,940.2,939.8,84.6,84.5,84.5,5,5,5,1,0,0,0
CUST-11327,Customer 1328,+91-98765-11327,user1328@example.com,West,Prepaid Unlimited,Month-to-Month,Mailed Check,9,526.39,4501.19,190.0,322.6,547.8,30.7,52.1,88.4,1,2,5,8,3,2,1
CUST-11328,Customer 1329,+91-98765-11328,user1329@example.com,Central,Prepaid Unlimited,One Year,Electronic Check,64,1110.67,69628.94,98.9,102.3,105.8,31.3,32.4,33.5,1,1,2,2,2,2,0
CUST-11329,Customer 1330,+91-98765-11329,user1330@example.com,North,Postpaid Premium,Month-to-Month,UPI/Credit Card,20,409.72,8076.59,128.5,159.8,198.8,53.8,66.9,83.2,2,3,4,8,3,2,1
CUST-11330,Customer 1331,+91-98765-11330,user1331@example.com,Central,Prepaid Basic,Two Year,Electronic Check,54,1174.42,68241.65,610.8,613.2,615.7,19.5,19.6,19.7,1,1,2,1,1,0,0
CUST-11331,Customer 1332,+91-98765-11331,user1332@example.com,Central,Prepaid Unlimited,Two Year,Mailed Check,30,715.75,23451.85,118.3,119.8,121.4,35.8,36.2,36.7,1,1,1,3,2,2,0
CUST-11332,Customer 1333,+91-98765-11332,user1333@example.com,West,Prepaid Unlimited,Month-to-Month,UPI/Credit Card,53,1116.26,63811.91,225.3,321.0,457.2,26.7,38.0,54.2,1,1,2,3,1,1,1
CUST-11333,Customer 1334,+91-98765-11333,user1334@example.com,North,Postpaid Standard,Month-to-Month,Auto-Debit,63,746.45,49087.78,340.7,356.5,373.0,24.2,25.3,26.5,1,1,1,0,0,0,0
CUST-11334,Customer 1335,+91-98765-11334,user1335@example.com,West,Prepaid Unlimited,Month-to-Month,UPI/Credit Card,11,473.68,5299.05,368.8,523.4,742.9,29.8,42.3,60.0,1,1,2,5,2,2,1
CUST-11335,Customer 1336,+91-98765-11335,user1336@example.com,North,Prepaid Basic,Month-to-Month,Electronic Check,31,786.33,25298.93,56.4,92.0,150.0,22.6,36.8,60.0,1,1,1,4,2,2,1
CUST-11336,Customer 1337,+91-98765-11336,user1337@example.com,South,Prepaid Basic,One Year,Electronic Check,49,434.21,23144.81,562.3,551.0,539.9,25.7,25.2,24.7,1,1,1,1,0,0,0
CUST-11337,Customer 1338,+91-98765-11337,user1338@example.com,North,Prepaid Unlimited,One Year,Electronic Check,19,991.26,17892.24,649.0,634.9,621.2,84.2,82.4,80.6,2,2,2,1,0,0,0
CUST-11338,Customer 1339,+91-98765-11338,user1339@example.com,West,Postpaid Standard,One Year,Electronic Check,12,348.14,4207.02,633.6,644.5,655.6,62.8,63.9,65.0,4,4,5,1,1,1,0
CUST-11339,Customer 1340,+91-98765-11339,user1340@example.com,Central,Prepaid Basic,One Year,Auto-Debit,15,931.78,14506.72,480.3,472.4,464.6,36.4,35.8,35.2,3,3,3,0,0,0,0
CUST-11340,Customer 1341,+91-98765-11340,user1341@example.com,North,Prepaid Basic,Month-to-Month,UPI/Credit Card,31,1362.64,43756.18,224.2,289.6,373.9,16.3,21.0,27.1,2,3,5,6,3,2,1
CUST-11341,Customer 1342,+91-98765-11341,user1342@example.com,North,Postpaid Premium,Month-to-Month,Auto-Debit,43,1304.45,53312.35,265.1,435.1,714.2,32.8,53.9,88.5,1,1,1,7,2,1,1
CUST-11342,Customer 1343,+91-98765-11342,user1343@example.com,East,Prepaid Basic,One Year,Auto-Debit,37,1358.34,51130.38,779.3,820.0,862.8,76.2,80.2,84.4,1,1,2,4,3,2,0
CUST-11343,Customer 1344,+91-98765-11343,user1344@example.com,Central,Postpaid Premium,Month-to-Month,Auto-Debit,29,1405.46,43170.53,222.4,401.3,724.3,8.2,14.8,26.8,1,1,2,8,3,2,0
CUST-11344,Customer 1345,+91-98765-11344,user1345@example.com,South,Prepaid Unlimited,One Year,Electronic Check,26,424.43,10980.18,891.0,914.6,938.9,8.0,8.2,8.4,1,1,2,3,2,2,0
CUST-11345,Customer 1346,+91-98765-11345,user1346@example.com,West,Postpaid Standard,Month-to-Month,Electronic Check,2,453.5,960.2,407.9,551.4,745.5,44.5,60.2,81.4,1,1,2,4,1,0,1
CUST-11346,Customer 1347,+91-98765-11346,user1347@example.com,South,Prepaid Basic,Month-to-Month,Electronic Check,15,967.41,14104.5,455.4,599.1,788.2,36.7,48.3,63.5,1,2,3,4,1,0,1
CUST-11347,Customer 1348,+91-98765-11347,user1348@example.com,Central,Prepaid Basic,Two Year,UPI/Credit Card,4,1371.77,5968.58,235.4,243.1,251.1,13.7,14.1,14.6,3,3,4,3,3,2,0
CUST-11348,Customer 1349,+91-98765-11348,user1349@example.com,North,Postpaid Standard,Month-to-Month,Mailed Check,50,1468.22,73909.14,274.6,362.1,477.6,35.0,46.1,60.8,1,1,1,3,0,0,1
CUST-11349,Customer 1350,+91-98765-11349,user1350@example.com,North,Postpaid Standard,Two Year,Electronic Check,38,354.51,13729.89,483.8,509.5,536.5,43.3,45.6,48.0,2,2,3,3,2,2,0
CUST-11350,Customer 1351,+91-98765-11350,user1351@example.com,Central,Postpaid Standard,Two Year,UPI/Credit Card,23,725.93,15131.48,348.0,339.3,330.7,82.7,80.6,78.6,5,5,5,2,1,0,0
CUST-11351,Customer 1352,+91-98765-11351,user1352@example.com,North,Prepaid Basic,One Year,Electronic Check,59,554.47,30556.38,582.6,579.1,575.7,25.2,25.0,24.9,4,4,4,1,1,0,0
CUST-11352,Customer 1353,+91-98765-11352,user1353@example.com,North,Postpaid Standard,One Year,Electronic Check,28,1206.16,34670.38,390.7,375.9,361.7,51.8,49.9,48.0,4,4,4,2,1,0,0
CUST-11353,Customer 1354,+91-98765-11353,user1354@example.com,North,Postpaid Standard,Month-to-Month,Auto-Debit,66,1067.23,69308.36,357.5,506.9,718.8,9.8,14.0,19.8,1,1,2,4,1,1,1
CUST-11354,Customer 1355,+91-98765-11354,user1355@example.com,West,Prepaid Unlimited,Two Year,Auto-Debit,8,442.87,3548.74,499.4,511.2,523.3,91.6,93.8,96.0,2,2,3,2,1,0,0
CUST-11355,Customer 1356,+91-98765-11355,user1356@example.com,West,Postpaid Standard,Month-to-Month,Auto-Debit,29,879.23,23269.03,191.0,313.0,512.9,29.4,48.2,79.0,1,3,5,5,2,1,1
CUST-11356,Customer 1357,+91-98765-11356,user1357@example.com,East,Postpaid Standard,Month-to-Month,UPI/Credit Card,11,1121.53,13161.26,508.7,708.0,985.3,38.7,53.9,75.0,1,1,2,5,1,1,1
CUST-11357,Customer 1358,+91-98765-11357,user1358@example.com,South,Prepaid Unlimited,One Year,Mailed Check,18,1233.81,23472.27,429.9,441.4,453.2,67.0,68.8,70.6,1,1,2,3,2,1,0
CUST-11358,Customer 1359,+91-98765-11358,user1359@example.com,Central,Prepaid Basic,Month-to-Month,Mailed Check,55,323.06,16650.16,434.3,430.2,426.1,46.1,45.6,45.2,1,1,1,3,3,2,0
CUST-11359,Customer 1360,+91-98765-11359,user1360@example.com,Central,Prepaid Unlimited,Month-to-Month,UPI/Credit Card,50,1367.56,70215.03,188.6,270.1,386.7,45.2,64.7,92.7,1,2,4,3,1,0,1
CUST-11360,Customer 1361,+91-98765-11360,user1361@example.com,Central,Prepaid Basic,Month-to-Month,Electronic Check,14,982.14,14625.32,590.8,731.3,905.3,7.8,9.6,11.9,3,4,5,5,3,2,1
CUST-11361,Customer 1362,+91-98765-11361,user1362@example.com,East,Prepaid Unlimited,Month-to-Month,UPI/Credit Card,9,1273.29,11782.44,343.3,433.4,547.1,51.0,64.4,81.3,2,3,4,5,2,1,1
CUST-11362,Customer 1363,+91-98765-11362,user1363@example.com,West,Prepaid Unlimited,Two Year,Electronic Check,11,1268.53,13424.7,608.3,623.9,640.0,24.1,24.8,25.4,2,2,3,1,1,0,0
CUST-11363,Customer 1364,+91-98765-11363,user1364@example.com,East,Prepaid Basic,Month-to-Month,UPI/Credit Card,63,526.82,34225.92,286.2,274.2,262.7,39.0,37.4,35.8,1,1,1,3,3,2,0
CUST-11364,Customer 1365,+91-98765-11364,user1365@example.com,Central,Prepaid Unlimited,Two Year,UPI/Credit Card,67,431.21,27218.06,591.3,589.0,586.8,54.7,54.5,54.3,2,2,2,3,2,1,0
CUST-11365,Customer 1366,+91-98765-11365,user1366@example.com,South,Prepaid Basic,One Year,UPI/Credit Card,53,1164.54,59477.14,314.8,330.6,347.2,72.0,75.6,79.4,1,1,1,3,2,2,0
CUST-11366,Customer 1367,+91-98765-11366,user1367@example.com,North,Postpaid Standard,One Year,Mailed Check,39,486.71,17994.91,743.0,750.2,757.6,83.1,83.9,84.7,1,1,2,4,3,2,0
CUST-11367,Customer 1368,+91-98765-11367,user1368@example.com,West,Postpaid Premium,Month-to-Month,Auto-Debit,56,1318.92,74700.41,362.7,555.0,849.3,25.8,39.5,60.5,1,1,1,3,1,0,1
CUST-11368,Customer 1369,+91-98765-11368,user1369@example.com,West,Prepaid Basic,One Year,UPI/Credit Card,28,1170.43,30204.2,777.5,760.2,743.3,45.3,44.3,43.3,2,2,2,1,1,0,0
CUST-11369,Customer 1370,+91-98765-11369,user1370@example.com,East,Postpaid Premium,Month-to-Month,Mailed Check,39,1309.19,55483.24,249.9,435.0,757.2,31.3,54.5,94.9,1,2,4,7,2,2,1
CUST-11370,Customer 1371,+91-98765-11370,user1371@example.com,West,Prepaid Unlimited,One Year,Auto-Debit,25,657.82,15897.91,569.6,565.4,561.2,28.8,28.6,28.4,4,4,4,1,1,0,0
CUST-11371,Customer 1372,+91-98765-11371,user1372@example.com,Central,Prepaid Basic,Month-to-Month,Auto-Debit,21,678.92,13455.97,755.6,748.2,740.9,82.9,82.1,81.3,4,4,4,0,0,0,0
CUST-11372,Customer 1373,+91-98765-11372,user1373@example.com,Central,Prepaid Basic,Two Year,UPI/Credit Card,10,1104.47,11037.08,434.6,456.9,480.4,57.1,60.0,63.1,3,3,4,3,3,2,0
CUST-11373,Customer 1374,+91-98765-11373,user1374@example.com,East,Prepaid Unlimited,Two Year,Electronic Check,43,336.74,13834.01,642.2,663.9,686.3,38.2,39.5,40.8,1,1,1,1,0,0,0
CUST-11374,Customer 1375,+91-98765-11374,user1375@example.com,Central,Postpaid Standard,Month-to-Month,Electronic Check,15,1170.8,17684.6,133.1,210.5,333.1,2.0,3.2,5.1,1,1,2,5,0,0,1
CUST-11375,Customer 1376,+91-98765-11375,user1376@example.com,South,Postpaid Standard,Month-to-Month,Electronic Check,48,1301.94,60599.69,72.9,108.9,162.8,21.2,31.7,47.4,1,2,4,3,1,1,1
CUST-11376,Customer 1377,+91-98765-11376,user1377@example.com,East,Prepaid Basic,One Year,UPI/Credit Card,21,797.2,15509.27,442.8,457.2,472.1,29.4,30.3,31.3,1,1,1,1,1,0,0
CUST-11377,Customer 1378,+91-98765-11377,user1378@example.com,South,Prepaid Basic,Month-to-Month,Electronic Check,60,1216.85,69592.56,178.3,303.2,515.6,5.2,8.8,14.9,1,1,2,7,2,1,0
CUST-11378,Customer 1379,+91-98765-11378,user1379@example.com,North,Prepaid Unlimited,Two Year,Mailed Check,50,508.53,25113.45,330.1,330.4,330.8,12.1,12.1,12.1,1,1,1,3,2,2,0
CUST-11379,Customer 1380,+91-98765-11379,user1380@example.com,South,Prepaid Basic,Month-to-Month,Mailed Check,23,685.71,14289.75,726.2,740.4,754.9,36.6,37.3,38.0,3,3,4,3,2,1,0
CUST-11380,Customer 1381,+91-98765-11380,user1381@example.com,North,Prepaid Basic,Month-to-Month,Mailed Check,13,1468.17,20119.32,72.6,109.8,166.2,27.7,41.9,63.4,1,1,3,5,2,2,1
CUST-11381,Customer 1382,+91-98765-11381,user1382@example.com,North,Prepaid Basic,Two Year,Mailed Check,69,1482.59,104791.21,307.2,303.8,300.5,86.5,85.5,84.6,1,1,1,2,1,0,0
CUST-11382,Customer 1383,+91-98765-11382,user1383@example.com,South,Postpaid Standard,One Year,Auto-Debit,4,914.13,3730.64,260.4,448.9,773.7,7.5,13.0,22.4,1,2,4,6,1,0,1
CUST-11383,Customer 1384,+91-98765-11383,user1384@example.com,East,Postpaid Premium,One Year,Mailed Check,9,1420.12,12898.79,214.2,325.1,493.4,19.7,29.9,45.3,2,3,5,5,1,1,1
CUST-11384,Customer 1385,+91-98765-11384,user1385@example.com,Central,Prepaid Unlimited,Month-to-Month,Electronic Check,35,926.28,33005.39,261.7,438.5,734.8,15.0,25.2,42.2,1,1,2,6,2,2,0
CUST-11385,Customer 1386,+91-98765-11385,user1386@example.com,Central,Postpaid Premium,One Year,UPI/Credit Card,21,648.91,14811.72,622.3,616.5,610.7,54.8,54.3,53.8,4,4,4,2,1,0,0
CUST-11386,Customer 1387,+91-98765-11386,user1387@example.com,North,Prepaid Unlimited,Month-to-Month,Electronic Check,58,619.28,32387.97,1033.1,993.6,955.6,88.5,85.2,81.9,5,5,5,1,1,1,0
CUST-11387,Customer 1388,+91-98765-11387,user1388@example.com,North,Prepaid Unlimited,One Year,Mailed Check,18,1414.41,23156.83,619.3,628.6,638.0,55.9,56.7,57.6,1,1,1,2,1,1,0
CUST-11388,Customer 1389,+91-98765-11388,user1389@example.com,East,Prepaid Basic,One Year,Auto-Debit,43,505.94,20413.08,106.8,110.1,113.4,80.5,82.9,85.4,1,1,1,2,2,1,0
CUST-11389,Customer 1390,+91-98765-11389,user1390@example.com,West,Prepaid Unlimited,Month-to-Month,Mailed Check,6,994.56,5570.29,251.7,324.2,417.6,32.7,42.2,54.3,3,3,5,2,0,0,0
CUST-11390,Customer 1391,+91-98765-11390,user1391@example.com,South,Postpaid Premium,Month-to-Month,UPI/Credit Card,67,965.63,60572.04,88.6,142.4,228.8,24.2,38.8,62.4,1,3,5,7,3,2,1
CUST-11391,Customer 1392,+91-98765-11391,user1392@example.com,North,Prepaid Unlimited,Month-to-Month,Electronic Check,12,1186.55,14728.25,577.2,733.5,932.2,28.9,36.7,46.6,1,1,2,6,1,0,1
CUST-11392,Customer 1393,+91-98765-11392,user1393@example.com,Central,Prepaid Unlimited,One Year,UPI/Credit Card,12,898.09,10689.75,178.1,185.7,193.6,76.6,79.8,83.2,1,1,1,1,0,0,0
CUST-11393,Customer 1394,+91-98765-11393,user1394@example.com,East,Prepaid Unlimited,Month-to-Month,UPI/Credit Card,66,625.74,45360.82,428.1,438.4,448.9,88.5,90.6,92.8,4,4,5,3,2,2,0
CUST-11394,Customer 1395,+91-98765-11394,user1395@example.com,South,Prepaid Basic,One Year,UPI/Credit Card,2,502.28,949.69,298.1,300.8,303.5,64.5,65.1,65.7,2,2,3,2,1,1,0
CUST-11395,Customer 1396,+91-98765-11395,user1396@example.com,East,Postpaid Standard,Month-to-Month,Electronic Check,15,1043.98,15067.23,459.7,629.5,862.0,44.3,60.6,83.0,1,2,3,3,1,0,1
CUST-11396,Customer 1397,+91-98765-11396,user1397@example.com,South,Prepaid Unlimited,One Year,Mailed Check,23,1161.79,29309.07,405.8,391.5,377.7,11.4,11.0,10.6,5,5,5,2,1,1,0
CUST-11397,Customer 1398,+91-98765-11397,user1398@example.com,South,Prepaid Unlimited,One Year,UPI/Credit Card,29,982.43,30380.86,995.4,994.1,992.7,91.3,91.2,91.1,2,2,2,3,2,1,0
CUST-11398,Customer 1399,+91-98765-11398,user1399@example.com,North,Prepaid Unlimited,Month-to-Month,Electronic Check,7,1185.02,8245.04,48.5,80.8,134.8,8.2,13.7,22.9,1,1,1,5,2,2,1
CUST-11399,Customer 1400,+91-98765-11399,user1400@example.com,East,Prepaid Unlimited,Month-to-Month,Auto-Debit,28,468.83,13270.58,209.9,212.6,215.4,28.6,29.0,29.4,2,2,3,2,2,2,0
CUST-11400,Customer 1401,+91-98765-11400,user1401@example.com,East,Prepaid Basic,Month-to-Month,Electronic Check,14,1357.96,20316.3,107.7,180.4,302.2,3.6,6.0,10.1,1,2,5,5,3,2,1
CUST-11401,Customer 1402,+91-98765-11401,user1402@example.com,Central,Prepaid Unlimited,One Year,Auto-Debit,44,997.87,43739.26,818.7,824.3,830.0,95.4,96.0,96.7,4,4,5,2,1,1,0
CUST-11402,Customer 1403,+91-98765-11402,user1403@example.com,Central,Prepaid Basic,One Year,Electronic Check,30,451.21,12740.43,937.3,913.7,890.7,90.4,88.1,85.9,4,4,4,2,1,1,0
CUST-11403,Customer 1404,+91-98765-11403,user1404@example.com,North,Postpaid Standard,Month-to-Month,Mailed Check,32,853.31,29099.62,63.7,102.3,164.3,35.6,57.2,91.8,1,3,5,3,1,0,1
CUST-11404,Customer 1405,+91-98765-11404,user1405@example.com,North,Postpaid Standard,One Year,UPI/Credit Card,70,1312.75,92586.7,133.6,131.4,129.2,88.4,87.0,85.5,2,2,2,2,1,1,0
CUST-11405,Customer 1406,+91-98765-11405,user1406@example.com,West,Postpaid Standard,Month-to-Month,Mailed Check,6,1376.07,7683.49,531.9,640.0,770.1,34.9,42.1,50.6,2,2,3,6,2,2,1
CUST-11406,Customer 1407,+91-98765-11406,user1407@example.com,Central,Prepaid Unlimited,Month-to-Month,Electronic Check,27,616.58,16666.26,232.4,226.1,220.0,98.0,95.4,92.8,4,4,4,4,3,2,0
CUST-11407,Customer 1408,+91-98765-11407,user1408@example.com,South,Prepaid Unlimited,Two Year,UPI/Credit Card,24,1152.52,27180.31,219.4,219.6,219.7,97.0,97.0,97.1,2,2,3,3,2,2,0
CUST-11408,Customer 1409,+91-98765-11408,user1409@example.com,East,Prepaid Basic,Month-to-Month,Auto-Debit,34,418.98,15318.97,110.8,115.3,120.1,48.6,50.6,52.7,2,2,3,2,2,2,0
CUST-11409,Customer 1410,+91-98765-11409,user1410@example.com,North,Postpaid Standard,Month-to-Month,Electronic Check,40,339.26,12555.48,133.7,139.1,144.8,20.0,20.9,21.7,1,1,2,3,2,1,0
CUST-11410,Customer 1411,+91-98765-11410,user1411@example.com,East,Prepaid Basic,Month-to-Month,UPI/Credit Card,47,971.48,49085.94,109.9,192.6,337.3,22.0,38.6,67.6,1,2,5,7,2,2,1
CUST-11411,Customer 1412,+91-98765-11411,user1412@example.com,East,Prepaid Unlimited,Month-to-Month,Auto-Debit,24,1132.79,27253.36,56.7,94.8,158.5,34.9,58.4,97.7,1,1,2,4,0,0,1
CUST-11412,Customer 1413,+91-98765-11412,user1413@example.com,West,Prepaid Basic,Month-to-Month,Auto-Debit,65,1253.94,79947.12,282.2,349.2,432.0,57.4,71.0,87.9,3,4,5,4,1,1,1
CUST-11413,Customer 1414,+91-98765-11413,user1414@example.com,Central,Prepaid Basic,Month-to-Month,Mailed Check,18,707.26,11870.0,806.5,827.7,849.5,82.5,84.7,86.9,3,3,4,3,3,2,0
CUST-11414,Customer 1415,+91-98765-11414,user1415@example.com,North,Prepaid Unlimited,One Year,Electronic Check,44,306.83,14042.75,388.2,391.0,393.7,92.4,93.0,93.7,1,1,2,1,0,0,0
CUST-11415,Customer 1416,+91-98765-11415,user1416@example.com,East,Prepaid Basic,Month-to-Month,Auto-Debit,57,874.42,54096.51,386.1,539.9,755.1,46.0,64.3,89.9,1,1,2,8,3,2,1
CUST-11416,Customer 1417,+91-98765-11416,user1417@example.com,North,Postpaid Standard,Month-to-Month,UPI/Credit Card,28,318.02,8682.62,171.9,178.1,184.5,73.3,76.0,78.7,1,1,1,1,1,1,0
CUST-11417,Customer 1418,+91-98765-11417,user1418@example.com,South,Prepaid Unlimited,Month-to-Month,Auto-Debit,71,409.38,27563.76,726.3,709.7,693.4,76.7,74.9,73.2,2,2,2,1,1,1,0
CUST-11418,Customer 1419,+91-98765-11418,user1419@example.com,West,Prepaid Basic,Month-to-Month,Auto-Debit,23,691.03,16068.1,399.7,392.3,385.1,31.3,30.8,30.2,1,1,1,0,0,0,0
CUST-11419,Customer 1420,+91-98765-11419,user1420@example.com,South,Prepaid Unlimited,One Year,Mailed Check,34,823.61,29661.54,781.5,778.1,774.8,64.6,64.3,64.0,5,5,5,2,1,1,0
CUST-11420,Customer 1421,+91-98765-11420,user1421@example.com,North,Prepaid Basic,Two Year,Mailed Check,11,634.36,6285.42,225.5,224.1,222.6,55.2,54.9,54.5,5,5,5,0,0,0,0
CUST-11421,Customer 1422,+91-98765-11421,user1422@example.com,North,Prepaid Basic,Month-to-Month,UPI/Credit Card,35,997.24,35820.5,434.8,628.4,908.1,41.6,60.1,86.9,2,3,5,5,2,2,1
CUST-11422,Customer 1423,+91-98765-11422,user1423@example.com,Central,Postpaid Standard,Two Year,Mailed Check,42,365.42,15643.9,314.2,316.3,318.3,51.0,51.4,51.7,1,1,1,1,1,1,0
CUST-11423,Customer 1424,+91-98765-11423,user1424@example.com,East,Prepaid Basic,Month-to-Month,Auto-Debit,28,472.5,12748.83,383.3,400.2,417.8,15.7,16.4,17.1,4,4,5,3,2,2,0
CUST-11424,Customer 1425,+91-98765-11424,user1425@example.com,East,Postpaid Standard,Month-to-Month,Auto-Debit,24,1133.31,26935.19,532.8,713.4,955.2,3.1,4.1,5.5,1,2,3,6,2,2,0
CUST-11425,Customer 1426,+91-98765-11425,user1426@example.com,South,Prepaid Basic,Month-to-Month,Mailed Check,8,469.57,3566.45,220.3,369.7,620.6,24.6,41.3,69.4,1,1,2,7,2,1,1
CUST-11426,Customer 1427,+91-98765-11426,user1427@example.com,West,Prepaid Basic,Month-to-Month,Auto-Debit,53,1066.73,59814.53,140.0,245.1,429.2,18.7,32.7,57.2,1,1,1,5,2,2,1
CUST-11427,Customer 1428,+91-98765-11427,user1428@example.com,East,Postpaid Standard,Month-to-Month,Auto-Debit,4,364.62,1497.72,619.2,768.8,954.6,23.6,29.3,36.4,3,4,5,6,1,0,1
CUST-11428,Customer 1429,+91-98765-11428,user1429@example.com,Central,Prepaid Unlimited,One Year,UPI/Credit Card,5,787.86,3965.07,402.1,399.1,396.2,21.4,21.3,21.1,3,3,3,2,1,0,0
CUST-11429,Customer 1430,+91-98765-11429,user1430@example.com,South,Prepaid Basic,Month-to-Month,Mailed Check,49,511.89,24543.47,174.1,179.6,185.4,46.3,47.8,49.3,1,1,2,0,0,0,0
CUST-11430,Customer 1431,+91-98765-11430,user1431@example.com,South,Prepaid Unlimited,Two Year,Auto-Debit,30,430.56,12377.87,1016.1,1006.6,997.2,14.8,14.6,14.5,2,2,2,3,2,1,0
CUST-11431,Customer 1432,+91-98765-11431,user1432@example.com,Central,Prepaid Basic,Month-to-Month,Mailed Check,63,979.44,65687.59,120.9,203.0,341.1,13.1,22.0,36.9,1,2,5,7,3,2,1
CUST-11432,Customer 1433,+91-98765-11432,user1433@example.com,West,Postpaid Standard,Month-to-Month,UPI/Credit Card,47,1413.0,65765.59,504.8,661.2,866.1,23.9,31.3,41.0,1,2,3,8,3,2,1
CUST-11433,Customer 1434,+91-98765-11433,user1434@example.com,Central,Prepaid Unlimited,One Year,Mailed Check,26,364.74,9485.99,264.8,256.8,249.0,52.3,50.7,49.2,1,1,1,3,3,2,0
CUST-11434,Customer 1435,+91-98765-11434,user1435@example.com,West,Postpaid Standard,Month-to-Month,Auto-Debit,57,804.87,46068.7,457.1,588.7,758.2,29.7,38.3,49.3,3,3,5,7,2,2,1
CUST-11435,Customer 1436,+91-98765-11435,user1436@example.com,Central,Postpaid Standard,Month-to-Month,Mailed Check,37,1148.04,42038.83,296.7,412.0,572.0,15.3,21.2,29.4,1,1,2,5,1,0,1
CUST-11436,Customer 1437,+91-98765-11436,user1437@example.com,Central,Prepaid Unlimited,One Year,Auto-Debit,7,854.23,5687.91,404.5,630.5,982.8,35.3,55.0,85.8,1,1,2,3,1,1,1
CUST-11437,Customer 1438,+91-98765-11437,user1438@example.com,North,Postpaid Premium,Two Year,Auto-Debit,40,1266.8,46824.38,585.0,591.2,597.5,38.0,38.4,38.8,1,1,2,2,1,0,0
CUST-11438,Customer 1439,+91-98765-11438,user1439@example.com,South,Prepaid Unlimited,One Year,Auto-Debit,39,514.57,18456.9,117.5,120.0,122.5,25.7,26.2,26.8,4,4,5,2,1,0,0
CUST-11439,Customer 1440,+91-98765-11439,user1440@example.com,Central,Postpaid Premium,One Year,UPI/Credit Card,62,1450.51,94562.42,678.4,660.7,643.5,22.9,22.3,21.7,4,4,4,3,2,1,0
CUST-11440,Customer 1441,+91-98765-11440,user1441@example.com,Central,Prepaid Basic,One Year,Mailed Check,53,761.2,38112.82,249.2,239.8,230.8,38.4,37.0,35.6,4,4,4,1,1,1,0
CUST-11441,Customer 1442,+91-98765-11441,user1442@example.com,East,Prepaid Unlimited,Two Year,UPI/Credit Card,4,708.88,2583.54,861.7,839.9,818.7,12.0,11.7,11.4,4,4,4,0,0,0,0
CUST-11442,Customer 1443,+91-98765-11442,user1443@example.com,South,Prepaid Unlimited,Month-to-Month,Mailed Check,25,1348.53,35719.31,521.6,674.0,870.9,4.9,6.3,8.1,1,2,3,4,2,2,1
CUST-11443,Customer 1444,+91-98765-11443,user1444@example.com,East,Prepaid Unlimited,Month-to-Month,UPI/Credit Card,7,975.64,6356.96,364.6,441.2,533.9,42.7,51.6,62.5,3,4,5,5,1,1,1
CUST-11444,Customer 1445,+91-98765-11444,user1445@example.com,South,Prepaid Unlimited,Month-to-Month,Electronic Check,28,918.73,26368.3,398.1,566.1,804.9,31.6,44.9,63.8,1,1,2,6,2,1,1
CUST-11445,Customer 1446,+91-98765-11445,user1446@example.com,East,Postpaid Standard,Month-to-Month,Auto-Debit,69,1171.37,78216.21,131.4,174.0,230.6,31.5,41.7,55.3,1,2,3,4,0,0,1
CUST-11446,Customer 1447,+91-98765-11446,user1447@example.com,Central,Prepaid Basic,One Year,Auto-Debit,67,994.8,61672.46,538.2,540.5,542.9,76.7,77.1,77.4,3,3,4,3,3,2,0
CUST-11447,Customer 1448,+91-98765-11447,user1448@example.com,Central,Prepaid Basic,One Year,UPI/Credit Card,20,494.02,9711.41,409.1,431.2,454.5,7.8,8.3,8.7,1,1,1,1,1,1,0
CUST-11448,Customer 1449,+91-98765-11448,user1449@example.com,North,Postpaid Standard,Month-to-Month,Electronic Check,11,1108.04,11005.7,320.3,456.3,650.2,46.3,65.9,93.9,1,2,3,4,1,0,1
CUST-11449,Customer 1450,+91-98765-11449,user1450@example.com,East,Prepaid Unlimited,Month-to-Month,Auto-Debit,67,459.16,32862.08,151.9,145.8,140.0,15.2,14.6,14.0,3,3,3,2,2,1,0
CUST-11450,Customer 1451,+91-98765-11450,user1451@example.com,West,Postpaid Premium,One Year,Mailed Check,7,1266.03,8886.13,730.1,753.2,776.9,64.8,66.9,69.0,4,4,5,3,2,2,0
CUST-11451,Customer 1452,+91-98765-11451,user1452@example.com,North,Postpaid Standard,Month-to-Month,UPI/Credit Card,23,1486.68,31725.95,98.4,129.8,171.2,10.2,13.4,17.7,1,2,3,3,1,0,0
CUST-11452,Customer 1453,+91-98765-11452,user1453@example.com,East,Postpaid Premium,One Year,Auto-Debit,61,751.87,43451.44,710.7,700.7,690.8,91.2,89.9,88.6,5,5,5,1,1,0,0
CUST-11453,Customer 1454,+91-98765-11453,user1454@example.com,East,Postpaid Standard,Month-to-Month,Auto-Debit,71,832.71,58507.24,54.5,79.7,116.6,25.0,36.6,53.5,1,1,1,6,3,2,1
CUST-11454,Customer 1455,+91-98765-11454,user1455@example.com,North,Prepaid Basic,Month-to-Month,UPI/Credit Card,34,354.72,11310.0,804.3,826.2,848.7,12.1,12.5,12.8,1,1,2,2,1,0,0
CUST-11455,Customer 1456,+91-98765-11455,user1456@example.com,Central,Prepaid Basic,Month-to-Month,UPI/Credit Card,19,315.48,5716.71,255.2,256.2,257.2,63.1,63.4,63.6,1,1,2,4,3,2,0
CUST-11456,Customer 1457,+91-98765-11456,user1457@example.com,East,Postpaid Standard,Month-to-Month,Mailed Check,58,1404.7,82032.9,288.5,403.3,563.9,3.0,4.2,5.9,2,2,4,3,0,0,1
CUST-11457,Customer 1458,+91-98765-11457,user1458@example.com,Central,Prepaid Unlimited,One Year,Mailed Check,9,453.35,4351.57,341.0,338.1,335.3,80.0,79.4,78.7,4,4,4,3,2,2,0
CUST-11458,Customer 1459,+91-98765-11458,user1459@example.com,North,Prepaid Basic,Two Year,Auto-Debit,48,833.93,39242.8,748.1,749.2,750.4,66.6,66.7,66.8,1,1,1,2,2,1,0
CUST-11459,Customer 1460,+91-98765-11459,user1460@example.com,Central,Prepaid Unlimited,One Year,Auto-Debit,41,1277.43,54647.43,390.7,389.9,389.2,25.3,25.2,25.2,2,2,2,3,2,1,0
CUST-11460,Customer 1461,+91-98765-11460,user1461@example.com,South,Postpaid Premium,Month-to-Month,UPI/Credit Card,48,1366.18,70516.98,507.4,617.8,752.1,27.4,33.3,40.6,2,3,4,4,1,1,1
CUST-11461,Customer 1462,+91-98765-11461,user1462@example.com,West,Prepaid Unlimited,Month-to-Month,Auto-Debit,45,922.28,39147.75,134.9,219.3,356.4,2.2,3.5,5.7,1,1,3,2,0,0,1
CUST-11462,Customer 1463,+91-98765-11462,user1463@example.com,East,Prepaid Unlimited,One Year,Auto-Debit,25,977.04,25926.69,707.2,741.4,777.2,64.5,67.6,70.9,4,4,5,2,2,2,0
CUST-11463,Customer 1464,+91-98765-11463,user1464@example.com,West,Prepaid Unlimited,One Year,UPI/Credit Card,25,1102.62,28984.58,137.2,132.3,127.5,38.4,37.0,35.7,4,4,4,3,3,2,0
CUST-11464,Customer 1465,+91-98765-11464,user1465@example.com,Central,Prepaid Basic,Month-to-Month,Auto-Debit,19,1452.66,26810.82,197.7,264.9,355.0,33.0,44.3,59.3,1,1,1,7,2,1,1
CUST-11465,Customer 1466,+91-98765-11465,user1466@example.com,East,Prepaid Unlimited,Month-to-Month,Auto-Debit,39,1022.2,43768.82,274.8,388.3,548.8,48.0,67.9,95.9,1,1,2,4,1,1,1
CUST-11466,Customer 1467,+91-98765-11466,user1467@example.com,Central,Prepaid Unlimited,One Year,Electronic Check,27,970.37,24955.87,146.3,143.4,140.6,34.7,34.1,33.4,1,1,1,1,1,1,0
CUST-11467,Customer 1468,+91-98765-11467,user1468@example.com,South,Prepaid Basic,Month-to-Month,Mailed Check,63,316.44,18958.09,281.6,274.4,267.4,104.4,101.7,99.1,5,5,5,3,2,2,0
CUST-11468,Customer 1469,+91-98765-11468,user1469@example.com,North,Postpaid Standard,Month-to-Month,UPI/Credit Card,68,396.14,28404.32,906.2,923.5,941.1,62.7,63.9,65.1,4,4,5,3,2,1,0
CUST-11469,Customer 1470,+91-98765-11469,user1470@example.com,East,Prepaid Unlimited,Month-to-Month,Electronic Check,19,991.61,18594.37,572.4,748.7,979.2,16.4,21.4,28.0,1,1,1,5,1,0,1
CUST-11470,Customer 1471,+91-98765-11470,user1471@example.com,South,Postpaid Standard,Month-to-Month,Mailed Check,28,1422.49,38481.84,345.4,514.3,765.8,21.0,31.2,46.5,1,2,4,6,2,1,0
CUST-11471,Customer 1472,+91-98765-11471,user1472@example.com,South,Postpaid Standard,Two Year,Mailed Check,33,1339.03,41348.14,295.9,311.1,327.0,68.1,71.6,75.3,3,3,4,2,1,1,0
CUST-11472,Customer 1473,+91-98765-11472,user1473@example.com,East,Prepaid Basic,Two Year,Mailed Check,10,1478.09,15565.27,362.5,348.2,334.5,51.4,49.3,47.4,2,2,2,4,3,2,0
CUST-11473,Customer 1474,+91-98765-11473,user1474@example.com,Central,Prepaid Unlimited,Month-to-Month,Electronic Check,30,932.4,29573.8,472.4,567.2,681.2,8.0,9.6,11.5,1,1,2,5,0,0,1
CUST-11474,Customer 1475,+91-98765-11474,user1475@example.com,South,Prepaid Unlimited,Month-to-Month,Electronic Check,22,1244.52,27743.94,78.7,127.2,205.8,8.0,13.0,21.0,1,1,3,4,2,2,0
CUST-11475,Customer 1476,+91-98765-11475,user1476@example.com,West,Postpaid Standard,Month-to-Month,Mailed Check,3,1307.48,4281.2,325.3,556.9,953.5,27.4,46.8,80.2,1,1,3,3,0,0,1
CUST-11476,Customer 1477,+91-98765-11476,user1477@example.com,South,Prepaid Basic,Month-to-Month,Auto-Debit,48,1076.64,49799.3,128.5,197.1,302.3,28.3,43.4,66.6,1,1,2,5,1,0,1
CUST-11477,Customer 1478,+91-98765-11477,user1478@example.com,Central,Prepaid Unlimited,Month-to-Month,Auto-Debit,2,705.5,1331.88,654.0,808.6,999.7,38.7,47.8,59.1,1,2,3,4,2,1,0
CUST-11478,Customer 1479,+91-98765-11478,user1479@example.com,Central,Prepaid Unlimited,One Year,Electronic Check,54,862.97,48254.38,521.2,533.5,546.2,19.9,20.4,20.9,1,1,1,3,2,1,0
CUST-11479,Customer 1480,+91-98765-11479,user1480@example.com,West,Prepaid Basic,Month-to-Month,Electronic Check,6,1328.5,8382.96,281.4,472.8,794.3,30.0,50.4,84.6,1,2,4,7,3,2,0
CUST-11480,Customer 1481,+91-98765-11480,user1481@example.com,South,Prepaid Basic,Month-to-Month,Electronic Check,40,657.26,24843.93,97.0,99.5,102.0,91.6,93.9,96.3,2,2,3,4,3,2,0
CUST-11481,Customer 1482,+91-98765-11481,user1482@example.com,Central,Prepaid Unlimited,Month-to-Month,Mailed Check,2,1407.49,2576.61,382.0,586.3,899.9,3.8,5.8,8.9,1,1,3,7,3,2,1
CUST-11482,Customer 1483,+91-98765-11482,user1483@example.com,East,Postpaid Standard,Month-to-Month,Auto-Debit,2,574.77,1220.93,183.9,251.1,343.0,6.6,9.1,12.4,1,1,1,2,0,0,1
CUST-11483,Customer 1484,+91-98765-11483,user1484@example.com,North,Prepaid Unlimited,Month-to-Month,Electronic Check,55,1198.42,72194.64,303.5,461.3,701.1,38.5,58.6,89.0,2,3,5,7,2,2,0
CUST-11484,Customer 1485,+91-98765-11484,user1485@example.com,North,Prepaid Unlimited,Month-to-Month,Electronic Check,60,1055.67,65172.91,494.4,639.0,825.7,49.4,63.8,82.5,1,1,2,3,1,0,1
CUST-11485,Customer 1486,+91-98765-11485,user1486@example.com,North,Prepaid Unlimited,Two Year,UPI/Credit Card,6,1198.52,6871.64,248.8,248.3,247.7,64.0,63.8,63.7,1,1,1,2,1,0,0
CUST-11486,Customer 1487,+91-98765-11486,user1487@example.com,South,Postpaid Standard,Month-to-Month,Mailed Check,19,823.82,17207.42,323.7,401.6,498.3,61.6,76.4,94.8,3,4,5,3,1,0,1
CUST-11487,Customer 1488,+91-98765-11487,user1488@example.com,West,Prepaid Basic,Month-to-Month,UPI/Credit Card,27,1418.17,41302.27,272.5,385.2,544.5,33.2,47.0,66.4,1,1,1,4,0,0,1
CUST-11488,Customer 1489,+91-98765-11488,user1489@example.com,Central,Postpaid Standard,Two Year,Auto-Debit,1,1057.97,1060.8,361.6,371.1,380.9,24.2,24.8,25.5,3,3,4,2,1,0,0
CUST-11489,Customer 1490,+91-98765-11489,user1490@example.com,East,Prepaid Basic,Two Year,UPI/Credit Card,33,644.95,22668.14,523.9,528.7,533.6,72.8,73.5,74.2,1,1,1,2,1,1,0
CUST-11490,Customer 1491,+91-98765-11490,user1491@example.com,East,Prepaid Unlimited,Month-to-Month,UPI/Credit Card,40,1065.15,45297.17,170.6,256.6,385.8,29.3,44.1,66.3,1,1,1,3,1,0,1
CUST-11491,Customer 1492,+91-98765-11491,user1492@example.com,South,Prepaid Basic,One Year,UPI/Credit Card,32,643.18,22371.55,401.1,412.7,424.7,93.1,95.8,98.6,3,3,4,1,0,0,0
CUST-11492,Customer 1493,+91-98765-11492,user1493@example.com,North,Prepaid Basic,Month-to-Month,Mailed Check,69,651.36,48008.33,767.8,734.4,702.4,27.7,26.5,25.3,2,2,2,2,1,1,0
CUST-11493,Customer 1494,+91-98765-11493,user1494@example.com,South,Prepaid Unlimited,Month-to-Month,Auto-Debit,17,778.52,13615.15,619.1,643.7,669.3,57.2,59.4,61.8,4,4,5,2,2,1,0
CUST-11494,Customer 1495,+91-98765-11494,user1495@example.com,West,Prepaid Basic,Month-to-Month,UPI/Credit Card,8,1321.92,10806.55,140.5,208.3,309.0,36.0,53.3,79.1,1,2,3,6,1,1,1
CUST-11495,Customer 1496,+91-98765-11495,user1496@example.com,West,Postpaid Standard,One Year,Mailed Check,57,899.36,50928.84,832.4,869.2,907.7,34.1,35.6,37.2,1,1,2,2,2,2,0
CUST-11496,Customer 1497,+91-98765-11496,user1497@example.com,Central,Prepaid Basic,One Year,Auto-Debit,42,1113.68,47957.82,792.8,833.6,876.5,37.2,39.1,41.1,1,1,1,3,2,2,0
CUST-11497,Customer 1498,+91-98765-11497,user1498@example.com,Central,Prepaid Unlimited,Month-to-Month,Electronic Check,9,769.36,7333.07,168.5,306.7,558.2,27.0,49.1,89.4,1,1,3,5,0,0,1
CUST-11498,Customer 1499,+91-98765-11498,user1499@example.com,West,Prepaid Unlimited,Month-to-Month,UPI/Credit Card,35,615.33,23556.84,148.8,270.0,489.9,13.2,23.9,43.4,1,2,4,6,1,0,1
CUST-11499,Customer 1500,+91-98765-11499,user1500@example.com,West,Prepaid Basic,One Year,Auto-Debit,71,1444.57,101893.44,456.3,447.6,439.2,66.8,65.5,64.3,2,2,2,1,0,0,0
